id	en	ja	es	de	fr	it	pt_BR	es_US	pl	zh	tr	se	en_US	ru
														
Sonic & Shahra's lines must end in '_so' & '_sh' respectively.	Retail English Translation.	Retail Japanese Translation	Aoi's Spanish Translation	A Blob, Michelle Pinkawa, Elements of Justice & Dark's German Translation	Armetz, EeveelutionsN1 & s3nkuuv's French Translation 	Luken's & LimeWeb's Italian Translation	Skyer, Tio Illuminati & AlvinGoldhart's Brazilian Portuguese Translation	kawaiikaorichan's Latin American Spanish Translation	Eveefun Polish Translation (Bartek too kinda)	Vexion's Chinese Translation	Türkmander's Turkish Translation	Johan23t's Swedish Translation	Windii's Japanese-accurate translation.	Dark Sonic's Russian Translation
														
														
secret_rings_title	Sonic and the Secret Rings	ソニックと秘密のリング	Sonic y los Anillos Secretos	Sonic und die Geheimen Ringe	Sonic and the Secret Rings 	Sonic e gli Anelli Segreti	Sonic and the Secret Rings	Sonic y los Anillos Secretos	Sonic i Sekretne Pierścienie	音速小子與秘密戒指	Sonic ve Gizli Yüzükler	Sonic och dem Hemliga Ringarna		Соник и Мировые кольца
any_button	Press Any Button		Pulsa cualquier botón	Beliebige Taste Drücken	Appuyez sur n'importe quel bouton	Premi Qualunque Tasto	Pressione qualquer botão	Presiona cualquier botón	Wciśnij dowolny przycisk	按下任意按鈕		Tryck På Valfri Knapp		Нажмите любую кнопку
														
system					système	Sistema	Sistema	Sistema	system	system	sistem			
														
load_level	Loading Mission	ミーションロードする	Cargando Misión	Mission wird geladen	Chargement de la Mission	Caricamento Missione	Carregando Missão	Cargando misión	Wczytywanie Misji	任務載入中	Görev Yükleniyor	Laddar Uppdrag		Загрузка миссии
load_probes	Loading Light Probes	光をロードする	Cargando Sondas de Luz	Lichtsonden werden geladen	Chargement des Sondes Lumineuses	Caricamento delle Sonde di Luce	Carregando Sondas de Luz	Cargando luces	Wczytywanie Próbek Światła	光探頭載入中	Işık Verileri Yükleniyor	Laddar Ljussoner		Загрузка данных освещения
														
sys_select	Select	けってい	Seleccionar	Auswählen	Accepter	Seleziona	Selecionar	Seleccionar	Wybierz	選擇	Seç	Välj		Выбрать
sys_cancel	Cancel	もどる	Atrás	Abbrechen	Retour	Cancella	Cancelar	Cancelar	Anuluj	取消	İptal	Avbryt		Отмена
sys_yes	Yes	はい	Sí	Ja	Oui	Si	Sim	Sí	Tak	是	Evet	Ja		Да
sys_no	No	いいえ	No	Nein	Non	No	Não	No	Nie	否	Hayır	Nej		Нет
sys_delete	Delete	デリート	Borrar	Löschen	Effacer	Cancella	Deletar	Borrar	Usuń	刪除	Sil	Radera		Удалить
sys_clear	Clear	クリア	Vacíar	Leeren	Vider	Libera	Limpar	Limpiar	Wyczyść	清除	Temizle	Rensa		Стереть
sys_delete_description	Are you sure you want to delete this save file?	このデータを削除します。\nよろしいですか?	¿Deseas borrar el archivo de guardado?	Bist du sicher, dass du diesen Spielstand löschen willst?	Voulez-vous vraiment supprimer cette sauvegarde ?	Sei sicuro di voler cancellare questo salvataggio?	Deseja mesmo excluir este jogo salvo?	¿Seguro(a) que quieres borrar estos datos?	Czy na pewno chcesz usunąć ten plik zapisu?	您確定要刪除此存檔資料？	Bu kayıt dosyasını silmek istediğinden emin misin?	Är du säker på att du vill radera den här sparfilen?		Вы уверены, что хотите\nудалить данное сохранение?
sys_control_mode_description	Select a control style.	コントロールスタイルを選んでください。	Selecciona el tipo de control.	Wähle einen Steuerungs-Stil aus.	Sélectionnez un style de commande	Seleziona un tipo di controllo.	Escolha um tipo de controle.	Elige un modo de control.	Wybierz styl kontrolowania.	選擇控制風格。	Bir kontrol tarzı seç.	Välj en kontrollstil.		Выберите стиль управления.
sys_control_mode_reconfig	You can always change this through the skill select menu.	いつでもスキルセレクトで変えてできる。	Puedes cambiarlo en cualquier momento desde el menu de las habilidades.	Du kannst dies zu jederzeit mittels dem Skill-Menü ändern.	Vous pouvez toujours modifier cela via le menu de sélection des compétences.	Puoi sempre cambiarlo dal menù delle abilità.	Você sempre pode alterar isso pelo menu de habilidades.	Podrás cambiarlo en el menú de selección de habilidades.	Zawsze możesz to zmienić w menu wybierania talentów.	你可以在技能選單變更此設定。	Bunu dilediğin zaman yetenek seçim menüsünden değiştirebilirsin.	Du kan alltid ändra detta via färdighetsvalsmenyn.		Вы всегда можете изменить его\nчерез меню выбора навыка.
sys_retail_control	Retail	オリジナル	Original	Original		Originale	Original	Original	Wersja Pudełkowa	原版	Orjinal			Оригинал
sys_reignited_control	Reignited	リイグニション	Nuevo	Reignition		Reignited	Reignited	Reencendido	Odnowiona	Reignited	Alevli	Återantändes		Ремейк
sys_traditional_control	Traditional	伝統的な	Tradicional	Traditionell		Tradizionale	Tradicional	Tradicional	Tradycyjny	傳統	Geleneksel	Traditionell		Классика
sys_retail_description	Mimics the original Wii game's autorun and charge jump.\nRecommended for purists.	WIIのオートランとチャージジャンプを写す。\nピュアリスト向け。	Mantiene el avance automático y el salto con carga del juego original.\nRecomendado para los puristas.	Ahmt die Original-Steuerung nach.\nSprünge müssen hier, bevor man springt, zuerst\naufgeladen werden + automatisiertes Vorwärtslaufen.\nEmpfohlen für Puristen.	 Reproduit la course automatique et le saut chargé du jeu Wii original ; recommandé aux puristes.	Imita la corsa automatica e il salto caricato del gioco Wii originale.\nConsigliato ai puristi.	Mantém a Corrida Automatica e o Pulo Carregado do jogo original de Wii.\nRecomendado para puristas.	Imita el movimiento automático y el salto cargado del Wii.\nRecomendado para puristas.	Mimikuje auto-bieg i ładowany skok z oryginalnej gry na Wii.\nZalecane dla purystów.	模仿原始WII遊戲的自動奔跑與蓄力跳躍。\n推薦純正主義玩家使用此設定。	Orijinal Wii oyunundaki otomatik koşma ve şarjlı zıplama mekaniklerini taklit eder. \nOrijinal deneyimden ödün vermeyenler için önerilir. 	Efterliknar det ursprungliga Wii-spelets autostart och laddningshopp.\nRekommenderas för purister.		Имитирует автобег и прыжок с зарядом\nиз оригинальной игры для Wii.\nРекомендуется для ценителей оригинала.
sys_reignited_description	Updates the core on-rails style gameplay for modern controllers.\nRecommended for most players.	レール型の操作を現代のコントローラー向けに刷新。\n一般向け。	Actualiza la jugabilidad """sobre raíles""" a una afín con los métodos de control modernos.\nRecomendado para la mayoría de jugadores.	Aufgefrischte Steuerung für moderne Gamepads.\nEmpfohlen für die meisten Spieler.		Aggiorna lo stile di gioco sulla ringhiera per controller moderni.\nRaccomandato per la maggior parte dei giocatori.	Atualiza a jogabilidade linear para controles modernos.\nRecomendado para a maioria dos jogadores.	Actualiza la jugabilidad lineal del juego para adaptarla a los controles modernos.\nRecomendado para la mayoría.	Aktualizuje rozgrywke szynową dla nowoczesnych kontrolerów.\nZalecane dla większości graczy.	更新核心的軌道風格遊玩方法，使現代遙控器也能順暢遊玩。\n推薦給大多數玩家使用此設定。	Temel sabit rotalı oynanış tarzını modern kontrolcüler için günceller.\nÇoğu oyuncu için önerilir.	Uppdaterar det centrala spelupplägget i on-rails stil för moderna handkontroller.\nRekommenderas för de flesta spelare.		Обновляет основной геймплей в стиле\n"""по рельсам""" для современных геймпадов.\nРекомендуется для большинства игроков.
sys_traditional_description	Removes the on-rails control style entirely,\nbut may feel at odds with the level design.\nRecommended for players who know what they want.	レール型の操作を撤廃。\nレベルデザインとしっくりこない可能性あり。\n自分のスタイルのプレイヤー向け。	Elimina por completo la jugabilidad """sobre raíles""".\nRecomendado para jugadores experimentados que buscan\ncontroles más parecidos a otros juegos de Sonic.	Ähnelt einem traditionellen 3D-Platformer.\nDies funktioniert an manchen Stellen mit dem Level-Design nicht so gut.\nGenerell nicht empfehlenswert, aber hier für die, welche\nsich nicht an die Reignition-Steuerung gewöhnen konnten.		Rimuove lo stile sulla ringhiera interamente.\nRaccomandato per giocatori esperti che sanno cosa vogliono.	Remove a jogabilidade linear por completo.\nRecomendado para jogadores experientes.	Remueve el sistema lineal por completo\naunque podría chocar con el diseño de los niveles.\nRecomendado para quienes saben lo que quieren.	Kompletnie pozbywa się stylu kontroli szynowej.\nZalecane dla doświadczonych graczy, którzy wiedzą czego chcą.	徹底移除軌道控制風格，有可能會和關卡設計有些衝突。\n推薦給有自知之明的玩家們使用此設定。	Raylı kontrol tarzını tamamen kaldırır.\n Ne istediğini bilen deneyimli oyuncular için önerilir.	Tar bort on-rails kontrollstilen helt,\nmen kan kännas oförenlig med nivådesignen.\nRekommenderas för spelare som vet vad de vill.		Полностью отключает стиль управления """по рельсам""".\nРекомендуется опытным игрокам,\nкоторые знают, чего хотят.
sys_retry	Retry	リトライ	Otra Vez	Erneut versuchen	Recommencer 	Ricomincia	Reiniciar	Reintentar	Powtórz	重來	Tekrarla	Försök igen		Заново
sys_next	Next	つぎへ	Continuar	Weiter	Suivant 	Prossimo	Continuar	Continuar	Dalej	繼續	Sonraki	Nästa		Далее
sys_back	Back	もどる	Atrás	Zurück		Indietro	Voltar	Volver	Wróć	後退	Geri	Tillbaka		
sys_return	Return	もどる	Volver	Zurück	Retour	Ritorna	Retornar	Regresar	Powrót	返回	Geri dön	Återvänd		Назад
sys_skip	Skip	スキップ	Saltar	Überspringen		Salta	Pular	Saltar	Pomiń	跳過	Geç	Hoppa Över		Пропустить
sys_quit	Quit	やめる	Salir	Verlassen	Quitter 	Esci dal Gioco	Sair	Salir	Wyjdź	退出	Çık	Avsluta		Выход
sys_quit_description	Quit the Game?	ゲームをやめてします。\nよろしいですか?	¿Quieres Salir del Juego?	Spiel verlassen?	Quitter le jeu ? 	Abbandonare il Gioco?	Sair do Jogo?	¿Quieres cerrar el juego?	Wyjść z gry?	退出遊戲？	Oyundan çıkılsın mı?	Avsluta spelet?		Выйти из игры?
sys_presets	Presets	プリセット	Conjuntos	Voreinstellungen	Préréglages	Preimpostazioni	Conjuntos	Conjuntos de habilidades	Szablony	技能組合	Ön ayarlar	Förinställningar		Шаблон
sys_save	Save	セーブ	Guardar	Speichern	Sauvegarder	Salvataggio	Salvar	Guardar	Zapisz	儲存	Kaydet	Spara		Сохранить
sys_overwrite	Overwrite	オーバーライト	Sobrescribir	Überschreiben	Ecraser	Sovrascrivere	Sobrescrever	Sobrescribir	Nadpisz	覆寫	Üstüne yaz	Skriv över		Перезаписать
sys_load	Load	ロード	Cargar	Laden	Charger	Carica	Carregar	Cargar	Wczytaj	載入	Yükle	Ladda		Загрузить
sys_rename	Rename	リネーム	Renombrar	Umbennen	Renommer	Rinomina	Renomear	Renombrar	Przemianuj	重新命名	Yeniden Adlandır	Byt namn		Переименовать
sys_skill	Edit Skills	チェンジスキル	Habilidades	Skills bearbeiten	Modifier les compétences	Modifica le Abilità	Editar Habilidades	Editar habilidades	Edytuj Talenty	修改技能	Becerileri Düzenle	Redigera färdigheter		Выбор навыков
sys_skill_total	Skill Total	スキルトータル	Total de Habilidades	Gesamte Skills	Total de compétences	Abilità Totali	Total de Habilidades	Total de Habilidades	Suma Talentów	總共裝備技能	Toplam Beceri	Sammalagd färdighet		Всего навыков
sys_skill_cost	Skill Cost	スキルコスト	Coste Total	Skill-Kosten	Coût total	Costo delle Abilità	Custo de Habilidade	Costo de habilidad	Koszt Talentu	總共使用點數	Beceri Maliyeti	Färdighetskostnad		Стоимость навыка
sys_sort	Sort	ソート	Ordenar	Sortieren	Trier	Ordina	Organizar	Ordenar	Sortuj	分類	Tür	Sortera		Отсортировать
sys_sort_default	Default	デフォルト	Predeterminado	Standard	Par défaut	Predefinito	Padrão	Por defecto	Domyślne	預設	Sıradan	Standard		По умолчанию
sys_sort_name	Name	名前	Nombre	Name	Nom	Nome	Nome	Nombre	Nazwa	名稱	İsim	Namn		Название
sys_sort_cost	Cost	コスト	Coste	Kosten	Coût	Costo 	Custo	Costo	Koszt	所需點數	Maliyet	Kostnad		Стоимость
sys_sort_wind	Wind	ウィンド	Viento	Wind	Vent	Vento	Vento	Viento	Wiatr	風屬性	Rüzgar	Vind		Дух ветра
sys_sort_fire	Fire	ファイア	Fuego	Feuer	Feu	Fuoco	Fogo	Fuego	Ogień	炎屬性	Ateş	Eld		Дух огня
sys_sort_dark	Dark	ダーク	Oscuridad	Finsternis	Ténèbres	Tenebre	Escuridão	Sombrío	Mrok	闇屬性	Karanlık	Mörk		Дух темноты
														
sys_reset	Reset	リセット	Restablecer	Zurücksetzen	Réinitialiser	Resetta	Redefinir	Restablecer	Zresetuj	重置	Tekrarla	Återställ		Сбросить
sys_reset_description	Are you sure you want to reset this preset?	このプリセットをリセットする？	¿Deseas restablecer este conjunto de habilidades?	Bist du sicher dass du diese Vorgabe zurücksetzen willst?	Voulez-vous réinitialiser cet ensemble de compétences ?	Sei sicuro di voler resettare questa preimpostazione?	Deseja mesmo redefinir este conjunto?	¿Seguro(a) que quieres restablecer este conjunto de habilidades?	Czy na pewno chcesz zresetować ten szablon?	您確定要重置此一組合？	Bu ön ayarı sıfırlamak istediğine emin misin?	Är du säker på att du vill återställa den här förinställningen?		Вы уверены, что хотите сбросить этот шаблон?
sys_new_preset	New Preset	新プリセット	Conjunto Nuevo	Neue Vorgabe	Nouvel ensemble	Nuova Preimpostazione	Novo Conjunto	Nuevo conjunto	Nowy Szablon	新組合	Yeni Ön Ayar Oluştur	Ny förinställning		Новый шаблон
sys_delete_preset_description	Are you sure you want to delete this preset?	このプリセットをデリートする？	¿Deseas borrar este conjunto de habilidades?	Bist du sicher, dass du diese Vorgabe löschen willst?	Voulez-vous effacer cet ensemble de compétences ?	Sei sicuro di volere cancellare questa Preimpostazione?	Deseja mesmo excluir este conjunto?	¿Seguro(a) que quieres borrar este conjunto de habilidades?	Czy na pewno chcesz usunąć ten szablon?	您確定要刪除此組合？	Bu ön ayarı silmek istediğine emin misin?	Är du säker på att du vill radera den här förinställningen?		Вы уверены, что хотите\nудалить данный шаблон?
sys_bgm	Change BGM	ＢＧＭ　へんこう	Cambiar música de fondo	Musik ändern		Cambia musica di sottofondo	Alterar música de fundo	Cambiar música de fondo	Muzyka w Tle	變更BGM	APM Değiştir	Ändra Backgrundsmusik		Изменить фоновую музыку
														
sys_pause	Pause	ポーズ	Pausa	Pause	Pause	Pausa	Pausa	Pausa	Pauza	暫停	Durdur	Pausa		Пауза
pause_continue	Continue	コンティニュー	Continuar	Weiter	Continuer 	Continua	Continuar	Continuar	Kontynuuj	繼續	Devam et	Fortsätt		Продолжить
pause_restart	Restart	リスタート	Reiniciar	Neustart	Recommencer	Ricomincia	Reiniciar	Reiniciar	Zrestartuj	重新來過	Tekrarla	Starta om		Заново
pause_status	Status	ステータス	Estado	Status	Statut	Stato	Status	Estado	Status	狀態	Durum	Status		Статус
pause_quit	Quit	やめる	Salir	Verlassen	Quitter 	Abbandona	Sair	Salir	Wyjdź	退出	Çık	Avsluta		Выход
pause_mission	Mission	ミッション	Misión	Mission	Mission 	Missione	Missão	Misión	Misja	任務	Görev	Uppdrag		Миссия
pause_skill	Skills	スキル	Habilidades	Skills	Compétences	Abilità	Habilidades	Habilidades	Talenty	技能	Becerliler	Färdigheter		Навыки
pause_status_description	Here is Sonic's current status.	現在のソニックのステータスです。	Aquí está el estado actual de Sonic.	Hier ist Sonics aktueller Status.	Stats actuelles de Sonic 	Ecco lo stato attuale di Sonic.	Aqui está o estado atual de Sonic.	Este es el estado actual de Sonic.	Oto obecny status Sonica.	索尼克的目前狀態。	İşte Sonic'in son durumu.	Här är Sonics nuvarande status		Текущий статус Соника.
pause_mission_description	Here is information on\nyour current mission.	現在プレイ中のミッション\n内容を表示します。	Aquí hay información\nsobre la misión actual.	Hier sind Informationen zu deiner aktuellen Mission.	Informations de la quête 	Ecco le informazioni sulla\ntua attuale missione.	Aqui estão as informações\nda sua missão atual.	Esta es la información\nde tu misión actual.	Oto informacje o obecnej misji.	目前任務的資訊。	İşte şu anki\ngörevinle ilgili bilgiler.	Här är information för\nditt nuvarande uppdrag		Отобразить содержание текущей миссии.
pause_skill_description	Here is information on\nyour currently equipped skills.	現在プレイ中のスキルリストです。	Aquí hay información\nsobre las habilidades equipadas.	Hier sind Informationen zu deiner aktuellen Ausrüstung.	Informations de tes équipements actuels 	Ecco le informazioni sulle\ntue abilità attualmente equipaggiate.	Aqui estão as informações das\nsuas habilidades equipadas atualmente.	Esta es la información de\ntus habilidades equipadas.	Oto informacje o wyposażonych talentach.	目前裝備的技能。	İşte şu anda sahip olduğun\nbecerilere ilişkin bilgiler.	Här är information för\ndina nuvarande valda färdigheter		Список навыков, которыми сейчас снаряжён герой.
pause_lv	Level	レベル	Nivel	Level	Niveau 	Livello	Nível	Nivel	Poziom	等級	Seviye	Nivå		Уровень
pause_high_score	High Score	ハイスコア	Mejor Puntuación	Höchstpunktzahl	Score le plus élevé 	Punteggio più alto	Melhor Pontuação	Mayor puntuación	Najlepszy Wynik	最佳得分	Yüksek Skor	Topp Poäng		Всего очков
pause_score	Score	スコア	Puntuación	Punkte	Score le plus élevé 	Punteggio	Pontuação	Puntuación	Wynik	得分	Skor	Poäng		Очки
pause_best_time	Best Time	ベストタイム	Mejor Tiempo	Bestzeit	Meilleur temps	Tempo Migliore	Melhor Tempo	Mejor tiempo	Najlepszy Czas	最佳時間	En İyi Süre	Bästa Tid		Лучшее время
pause_time	Time	タイム	Tiempo	Zeit	Temps	Tempo	Tempo	Tiempo	Czas	時間	Süre	Tid		Время
pause_stage_exp	Stage EXP	ステージ EXP	EXP del Nivel	Level EP	XP du niveau 	PE del livello	EXP de Nível	EXP del nivel	PD Etapu	關卡獲得EXP	Aşama EXP	Ban EXP		Уровень опыта
pause_total_exp	Total EXP	トータル EXP	EXP Total	Gesamt EP	XP total 	PE totale	EXP Total	EXP total	Suma PD	總共EXP	Toplam EXP	Total EXP		Всего опыта
pause_gauge	Soul Gauge	ソウルゲージ	Barra de Almas	Soul Gauge	Jauge d'Âme	Barra dell'Anima	Barra Espiritual	Medidor de almas	Pasek Dusz	魂力量表	Ruh Ölçer	Själmätare		Шкала души
pause_fire_soul	Fire Soul	ファイヤーソウル	Alma Ígnea	Feuerseele	Âme de Feu 	Anima Infuocata	Alma de Fogo	Alma de fuego	Ognista Dusza	焰魂	Ateş Ruhu	Eldsjäl		Душа огня
pause_medal	Medal	メダル	Medalla	Medaille	Médaille 	Medaglia	Medalha	Medalla	Medal	獎牌	Madalya	Medalj		Медаль
pause_no_skill	No skills are currently equipped.	スキルは装備していない。	No tienes equipada ninguna habilidad.	Es sind gerade keine Skills ausgerüstet.	Aucune compétence n'est actuellement équipée.	Nessuna abilità è attualmente equipaggiata.	Nenhuma habilidade está equipada no momento.	No hay ninguna habilidad equipada.	Żaden talent nie jest obecnie używany.	目前沒有裝備技能	Şu anda hiçbir beceri donatılmadı.	Inga färdigheter är utrustade för tillfället.		Сейчас Ваш герой ничем не снаряжён.
														
														
status_header	Status	ステータス	Status	Status		Stato	Status	Estado	Status	狀態	Durum	Status		Статус
status_level	Level	レベル	Nivel	Level		Livello	Nível	Nivel	Poziom	等級	Seviye	Nivå		Уровень
status_ring	Ring Count	リング数	Anillos	Ringe gesammelt		Numero Anelli	Anéis	Anillos	Liczba Pierścieni	金環數量	Yüzük Sayısı	Antal Ringar		Максимум колец
status_fire_soul	Fire Soul Count	ファイヤーソウル数	Almas Ígneas	Feuerseelen 		Numero Anime Infuocate	Almas de Fogo	Almas de fuego	Liczba Ognistych Dusz	焰魂數量	Ateş Ruhu Sayısı	Antal Äldsjälar		Всего Душ огня
status_skill_points	Skill Points	スキル ポイント	Puntos de Habilidad	Skillpunkte		Punti Abilità	Pontos de Habilidade	Puntos de habilidad	Punkty Talentów	技能點數	Beceri Puanları	Färdighetspoäng		Очков навыка
status_soul_gauge	Max Soul Gauge	マックスソウルゲージ	Límite de la Barra de Almas	Soul Gauge Höhe		Barra dell'Anima Massima	Limite da Barra Espiritual	Medidor de almas	Maks. Pasek Dusz	最大魂力量表	Maksimum Ruh Ölçütü	Max Själmätare		Максимум шкалы души
status_total_exp	Total Exp	トータル EXP	EXP Total	Erfahrungspunkte		EP Totali	Experiência Total	Exp Total	Łączne PD	總EXP	Toplam Tecrübe Puanı	Total EXP		Всего опыта
status_next_exp	Next Level Up	次のレベル	Siguiente Nivel	Nächstes Level ab		Prossimo Livello	Próximo Nível	Para el próximo nivel	Kolejny Poziom	下次升等	Sonraki Seviye Atlama	Nästa Nivå Upp		Следующий уровень
status_next_story	Next Story Mission	次のミッション	Siguiente Misión de la Historia	Nächste Story Mission		Prossima Missione Storia	Próxima Missão da Campanha	Próxima misión de la historia	Kolejna Misja Fabularna	下個主線任務	Sonraki Hikaye Görevi	Nästa Berättelse Uppdrag		Сюжетная миссия
														
														
sys_world_locked	You cannot select this world yet.	このステージは　まだ選択できません。	Aún no puedes seleccionar este mundo.	Du kannst diese Welt noch nicht auswählen.	Tu ne peux pas encore\nséléctionner ce monde.	Non puoi ancora selezionare questo mondo.	Você ainda não pode selecionar este mundo.	Aún no puedes elegir este mundo.	Jeszcze nie możesz wybrać tego świata.	您還不能選擇此世界。	Henüz bu bölgeyi seçemezsin.	Du kan inte välja den här världen än.		Вы пока не можете выбрать этот мир.
sys_mode_adventure	Take on the quest to save the\nfading world of the Arabian Nights!	失われつつあるアラビアンナイトの\n世界を冒険します。	¡Emprende la misión de salvar\nel mundo de Las mil y una noches!	Rette die schwindende Welt von\nTausendundeiner Nacht!	Pars à l'aventure et sauve le monde\ndes Mille et Une Nuits du néant !	Intraprendi la missione per salvare\nil mondo dissolvente delle Mille e una Notte!	Embarque numa missão para salvar o\nmundo em declínio das Mil e uma Noites!	Explora y salva el mundo decadente\nde """Las mil y una noches""".	Podejmij się wyprawy by uratować\nzanikający świat Arabskich Nocy!	接下任務，\n拯救正在逐漸消失的天方夜譚的世界吧！	Arap Geceleri’nin solmakta olan\ndünyasını kurtarma görevini üstlen!	Ge dig ut på uppdraget för att rädda\nTusen och en Natts bleknande värld!		Отправимся навстречу приключениям\nв мир исчезающих """Тысячи и одной ночи"""!
sys_mode_party	Play with up to 4 of your friends\nin this full-scale minigame mode!	1人~4人で遊ぶためのミニゲーム\n満載のパーティーモードーです。	¡Juega con hasta 4 amigos a\nuna multitud de minijuegos!	Im Partymodus können bis zu 4\nFreunde an Minispielen teilnehmen!	Joue à des mini-jeux avec jusqu'a 4 de tes amis dans ce mode mini-jeu !	Gioca fino a 4 amici\nin questa modalità di mini-giochi!	Jogue com até 4 jogadores numa\nvariedade de minigames!	Un modo repleto de minijuegos\npara 1 a 4 jugadores.	Graj z maks. czterema znajomymi w tym\npełnowymiarowym trybie Minigrowym! 	可供1~4人遊玩充滿小遊戲的派對模式！	Bu kapsamlı mini oyun modunda\n4 arkadaşına kadar birlikte oyna!	Spela med upp till 4 av dina vänner in det här fullskaliga minispelsläget!		Режим вечеринки, в котором собраны\nмини-игры для 1-4 человек.
sys_mode_book	You can view the pages\nyou've collected here.	これまで獲得したページを\n見る事ができます。	Aquí puedes ver las páginas\nque has coleccionado.	Hier kannst du die Seiten ansehen,\ndie du gesammelt hast.	Tu peux voir toutes les pages\nque tu as récupérées ici.	Qua puoi vedere le pagine\nche hai collezionato.	Aqui você pode ver as páginas\nque já coletou.	Puedes ver las páginas\nque has reunido aquí.	Tutaj możesz przejrzeć strony,\nktóre zebrałeś/aś.	您可以在此觀賞收集到的書頁。	Topladığın sayfaları burada görüntüleyebilirsin.	Du kan titta på sidor som\ndu har samlat här.		Просмотреть полученные страницы.
sys_mode_option	Change the game's settings.	ゲーム中の設定を変更できます。	Ajusta los parámetros del juego.	Ändere die Einstellungen des Spiels.	Ceci te permet de modifier\nles paramètres du jeu.	Cambia le impostazioni di gioco.	Altere as configurações do jogo.	Cambia los ajustes del juego.	Zmień ustawienia gry.	調整遊戲設定。	Oyun ayarlarını değiştir.	Ändra spelets inställningar.		Изменить настройки игры.
sys_mode_timeattack	Go for the fastest time!	最速タイムを狙え！	¡Compite por los tiempos más rápidos!	Wetteifere um die schnellsten Zeiten!	Établis des records de vitesse !	Competi per il tempo più veloce!	Faça o menor tempo que puder!	Intenta llegar más rápido.	Rywalizuj po najlepsze czasy!	挑戰以最快時間通關！	En hızlı süre için yarış!	Tävla för dem snabbaste tiderna!		Соревнуйтесь за лучшее время!
sys_mode_timeattack_locked	Clear the game at least once to unlock.	ゲームをクリアするとアンロックされる。	Supera el juego al menos una vez para desbloquearlo.	Spiel das Spiel einmal durch, um dies freizuschalten.	Termine le jeu une fois pour débloquer.	Completa il gioco almeno una volta per sbloccare questa modalità.	Conclua o jogo pelo menos uma vez para desbloquear.	Termina el juego al menos\nuna vez para desbloquear esto.	Skończ grę przynajmniej raz by odblokować.	完成遊戲一次即可解鎖。	Kilidi açmak için oyunu en az bir kez tamamla.	Klara ut spelet minst en gång för att låsa upp.		Чтобы разблокировать, пройдите\nигру хотя бы один раз.
														
sys_save_select	Please select the file\nyou would like to play.	始めたいデータを選択してください。	Selecciona el archivo de\nguardado que quieres cargar.	Bitte wähle die gewünschte\nDatei aus.	Sélectionne le ficher que tu souhaites utiliser.	Seleziona il salvataggio\ndove vorresti giocare.	Selecione o jogo salvo\nque deseja carregar.	Elige el archivo que quieres usar	Wybierz zapis,\nna którym chcesz grać.	請選擇要遊玩的存檔資料。	Lütfen oynamak istedigin\ndosyayı seç	Snälla välj filen som du skulle vilja spela.		Выберите файл, который хотите загрузить.
sys_new	New	New	Nuevo	Neu	Nouveau	Nuovo	Novo	Nuevo	Nowy	新	Yeni	Ny		Новое
sys_map	World	ワールド	Mundo	Welt	Monde	Mondo	Mundo	Mundo	Świat	世界	Dünya	Värld		Мир
sys_mission	Mission	ミッション	Misión	Mission	Mission 	Missione	Missão	Misión	Misja	任務	Görev	Uppdrag		Миссия
sys_music_selector	Music Selector	曲セレクター	Selector de Música	Musik-Auswahl		Selettore di Musica	Seletor de Música	Selector de música	Wybór Muzyki	音樂選擇	Müzik Seçici	Musik Väljare		Выбор музыки
sys_customtracks	Custom Music	カスタム曲	Música Importada	Eigene Musik		Musica Personalizzata	Músicas Importadas	Música personalizada	Niestandardowa Muzyka	客製關卡	Özel Müzik	Anpassad Musik		Пользовательская музыка
sys_maintracks	Default Music	デフォルト曲	Música por Defecto	Standard-Musik		Musica Predefinita	Música Padrão	Música por defecto	Standardowa Muzyka	主要關卡	Normal Müzik	Standard Musik		Музыка по умолчанию
sys_refresh	Refresh		Actualizar	Aktualisieren		Aggiorna	Atualizar	Recargar	Odśwież		Yenile	Uppdatera		Обновить
														
ta_title	Time Attack	タイムアタック	Contrarreloj	Zeit-Angriff	Contre-la-montre	Sfida a Tempo	Contra o Tempo	Contrarreloj	Atak Czasu	競速通關模式	Zamanlı Saldırı	Tids Attack		Забег на время
ta_newrun	New Run	ニュー ＲＴＡ	Nueva Partida	Neuer Speedrun	Nouvelle partie	Nuova Partita	Nova Run	Nueva speedrun	Nowy Bieg	新挑戰	Yeni Koşu	Ny Omgång		Новое прохождение
ta_mode_title	Choose Run Type	ＲＴＡタイプ選択	Escoge el Tipo de Partida Cronometrada	Speedrun-Typ auswählen	Sélectionner le type de partie	Seleziona il tipo di partita	Escolha o Tipo de Run	Elige el tipo de speedrun	Wybierz Typ Biegu	請選擇競速通關規則	Koşu Türünü Seç	Välj Omgångstyp		Выберите тип прохождения
ta_mode_standard	Standard	通常	Estándar	Standard		Standard	Aventura	Normal	Standard	標準	Standard	Standard		Стандартный
ta_mode_mainmissions	Minimalist	ミニマリスト	Minimalista	Hauptmissionen		Missioni Principali	Missões Principais	Misiones principales	Misje Główne	主線任務	Ana Görevler	Huvuduppdrag		Основные миссии
ta_mode_bossrush	Boss Rush	ボスラッシュ	Jefes	Boss Rush	Boss Rush	Sfida sui Boss	Desafio de Chefões	Cadena de jefes	Maraton Bossów	頭目連戰	Boss Hücumu	Bossrusning		Битва с боссами
ta_mode_leaderboard	Leaderboard	ランキング	Tabla de Clasificación	Ranglisten		Tabellone	Tabela de Classificações	Tabla de posiciones	Tablica Wyników	排行榜	Liderlik Tablosu	Topplista		Список лидеров
ta_mode_singlerun	Single Run	ＩＬ	Nivel Único	Einzel-Speedrun		Partita Singola	Fase Única	Sólo un nivel	Pojedyńczy Bieg	單關挑戰	Tekli Koşu	Enkel Omgång		Одиночный забег
ta_start	Start!	スタート	¡Comenzar!	Start!	Aller !	Inizia!	Iniciar!	¡Empezar!	Start!	開始！	Başla!	Start!		Старт!
ta_levellist	Level List	ステージリスト	Lista de Niveles	Level-Liste		Lista dei Livelli	Lista de Fases	Lista de niveles	Lista Etapów	關卡列表	Seviye Listesi	Nivålista		Список уровней
ta_newrun_desc	Start a new speedrun!	新しいＲＴＡを始まる。	¡Comienza una nueva partida!	Starte einen neuen Speedrun!	Démarrer un nouveau speedrun !	Inizia una nuova partita veloce!	Inicie uma nova run!	¡Empieza una nueva speedrun!	Zacznij nowy speedrun!	開始進行新的Speedrun！	Yeni bir speedrun'a başla!	Starta en ny speedrun!		Начать новое быстрое прохождение!
ta_mode_singlerun_desc	Play individual levels.	個々のレベルをＲＴＡする。	Juega niveles individuales.	Spiele einzelne Level.	Joue un niveau.	Gioca livelli individuali.	Jogue fases individuais.	Juega niveles individuales.	Graj w indywidualne etapy.	遊玩獨立關卡。	Özel bölümler oyna.	Spela individuela nivåer.		Пройти отдельно уровни.
ta_mode_desc_anypercent	The New Game experience!\nTime ends when defeating Alf Layla Wa Layla.	ニューゲームプラス体験だ！\nアルフ・ライラ・ワ・ライラを倒すとタイムが終了する。	¡De principio a fin, desde cero!\nEl cronómetro se detiene tras derrotar a Alf Leyla wa-Leyla.	Mit """New Game"""-Regeln!\nZeit wird gestoppt sobald Alf Layla Wa Layla besiegt wurde.	Une expérience New Game!\nLe chronomètre s'arrête quand Alf Layla Wa Layla est vaincu.	L'esperienza del New Game!\nIl cronometro si ferma quando sconfiggi Alf Layla Wa Layla.	Do começo ao fim, desde o zero!\nO cronômetro para após derrotar Alf Layla wa-Layla.	¡Experimenta un nuevo juego!\nEl tiempo se detiene al vencer a Alf Leyla wa Leyla.	Doświadczenie Nowej Gry!\nCzas kończy się po pokonaniu Alf Layla Wa Layla.	以無紀錄狀態進行挑戰！計時會在打倒一千零一夜時結束。	Yeni Oyun deneyimi!\nAlf Layla Wa Layla'yı yendiğinde süre sona erer.	Nytt Spel upplevelsen!\nTiden stannar när du slår Alf Layla Wa Layla.		Новая игра!\nВремя заканчивается после победы\nнад Альф-Лейла-ва-Лейла.
ta_mode_desc_goalpercent	All """Go for the Goal""" stages!\nTime ends when finishing Night Palace.	すべての「ゴー　フォー　ザ　ゴールl」ステージ！\nナイト　パレスをクリアするとタイムが終了する。	¡Todos los niveles de """Llega a la Meta"""!\nEl cronómetro se detiene tras superar el Palacio Nocturno.	Alle """Erreiche das Ziel"""-Levels!\nZeit wird gestoppt sobald Night Palace durchgespielt wurde.	Tous les stages """Atteindre l'arrivé""" !\nLe chronomètre s'arrête en finissant Night Palace.	Tutti i livelli """Vai verso il Traguardo"""\nIl cronometro si ferma quando concludi il Palazzo Notturno.	Todos as fases de """Chegue até o Fim"""!\nO cronômetro para após finalizar Night Palace.	¡Todas las misiones """Llega a la meta"""!\nEl tiempo se detiene al terminar Palacio Nocturno.	Wszystkie etapy """Dobiegnij do Mety"""!\nCzas kończy się po pokonaniu Nocnego Pałacu.	挑戰全「抵達終點」任務關卡！計時會在暗夜宮廷通關時結束。	Tüm """Hedefe Git""" aşamaları!\nGece Sarayı'nı bitirdiğinizde süre sona erer.	Alla """Sikta på målet""" banor!\nTiden stannar när du klarar Natt Palatset.		Пройти все уровни до финиша!\nВремя заканчивается после победы\nнад Альф-Лейла-ва-Лейла.
ta_mode_desc_bossrush	All Boss stages!\nTime ends when defeating Alf Layla Wa Layla.	すべてのボスステージ！\nアルフ・ライラ・ワ・ライラを倒すとタイムが終了する。	¡Lucha contra todos los Jefes!\nEl cronómetro se detiene tras derrotar a Alf Leyla wa-Leyla.	Alle Boss-Levels!\nZeit wird gestoppt sobald Alf Layla Wa Layla besiegt wurde.	Tous les stages de Boss !\nLe chronomètre s'arrête lorsque Alf Layla Wa Layla est vaincu.	Tutti gli scontri contro i Boss!\nIl cronometro si ferma quando sconfiggi Alf Layla Wa Laya.	Todos as fases de Chefe!\nO cronômetro para após derrotar Alf Layla wa-Layla.	¡Todos los jefes!\nEl tiempo se detiene al vencer a Alf Leyla wa Leyla.	Wszystkie etapy Bossów! \nCzas kończy się po pokonaniu Alf Layla Wa Layla.	挑戰全「擊敗Boss」任務關卡！\n計時會在打倒一千零一夜時結束。	Tüm Boss aşamaları!\nAlf Layla Wa Layla'yı yendiğinde süre sona erer.	Alla Boss banor!\nTiden stannar när du slår Alf Layla Wa Layla.		Пройти все уровни с боссами!\nВремя заканчивается после победы\nнад Альф-Лейла-ва-Лейла.
ta_start_desc	Start the run!	ＲＴＡ始める	¡Empezar la paritda!	Starte den Speedrun!		Inizia la partita!	Inicia a run!	¡Comenzar speedrun!	Rozpocznij Speedrun!	開始Speedrun！	Koşmaya başla!	Starta omgången!		Начать забег!
ta_levellist_desc	Show the levels being played in this run.	ＲＴＡのステージリストを表示する。	Mostrar los niveles que se jugarán en esta partida.	Zeige die Levels, die in dem Speedrun gespielt werden.		Mostra i livelli attualmente giocati in questa partita.	Mostra as fases que farão parte dessa run.	Muestra los niveles que se jugaran en esta speedrun.	Pokaż etapy grane w tym biegu.	顯示本次Speedrun要遊玩的關卡。	Bu koşuda oynanmış seviyeleri göster.	Visa nivåerna som spelas denna omgång.		Показать уровни, пройденные в этом забеге.
														
ta_results_total	Total Time	トタルタイム	Tiempo Total	Gesamtzeit		Tempo Totale	Tempo Total	Tiempo total	Ogólny Czas	總共時間	Toplam Süre	Total Tid		Общее время
ta_results		結果	Resultados	Ergebnis		Risultati	Resultados	Resultados	Wynik	結果	Sonuçlar	Resultat		Результаты
ta_newrecord	New Record	ニュウレコード	Nuevo Récord	Neuer Rekord		Nuovo Record	Novo Recorde	Nuevo récord			Yeni Rekor	Nytt Rekord		
ta_continue	Continue Run	ＲＴＡをつづけく	Reanudar Partida	Speedrun Fortsetzen		Continua Partita	Continuar Run	Continuar speedrun	Kontynuuj Bieg	繼續Speedrun	Koşuya Devam	Fortsätt Omgång		Продолжить забег
ta_continue_desc	Continues the last active run.	前回のＲＴＡが続く。	Reanuda la última partida activa.	Setze Speedrun fort?		Continuare la partita salvata?	Continuar run salva?	¿Continuar la speedrun guardada?	Kontynuować zapisany bieg?	繼續儲存Speedrun紀錄？	Son aktif koşudan devam eder	Fortsätt den senast aktiva omgången.		Продолжить сохранённый забег?
ta_alert_overwrite	Overwrite current run?	前回のＲＴＡを上書きします。\nよろしいですか?	¿Quieres sobreescribir la partida en curso?	Überschreibe jetzigen Speedrun?		Sovrascrivere la partita salvata?	Substituir pela run atual?	¿Sobreescribir la speedrun guardada?	Nadpisać obecny bieg?	覆蓋本次Speedrun紀錄？	Anlık koşunun üstüne yazılsın mı?	Skriv över nuvarande omgången?		Перезаписать текущий забег?
ta_restartrun	Restart Run	リスタート	Reiniciar Partida	Speedrun Neustarten		Ricomincia la Partita	Reiniciar Run	Reiniciar speedrun	Zrestartuj Bieg	重新開始Speedrun	Koşuyu Tekrarla	Starta om omgången?		Начать заново забег
ta_restarts	Restarts			Anzahl der Neustarts										Перезапуск забега
spb_controls_random	Play Random	ランダムさいせい	Reproducir al Azar	Zufälliges Spiel	Au hasard	Gioca in modo Casuale	Reproduzir Aleatoriamente	Reproducción aleatoria	Zagraj Losowe	隨機遊玩	Rastgele Oyna	Spela Slumpmässigt		Случайный порядок
spb_controls_zoom	Zoom	ズームレベル	Zoom	Zoomen	Zoom	Ingrandimento	Zoom	Zoom	Przybliż	放大	Yakınlaştır	Zooma		Увеличить
spb_controls_play	Play	さいせい	Reproducir	Spielen	Jouer	Riproduci	Reproduzir	Reproducir	Graj	遊玩	Oyna	Spela 		Проиграть
spb_controls_hide	Hide Menu	メニュー トグル	Ocultar el Menú	Menü Verstecken	Cacher le menu	Nascondi il Menu	Esconder o Menu	Ocultar menú	Ukryj Menu	隱藏選單	Menüyü Gizle	Göm Meny		Скрыть меню
spb_controls_move	Move	うごく	Mover	Bewegen		Muovi	Mover	Mover	Ruch	移動	Hareket et	Flytta		Отдалить
spb_controls_scale	Scale	サイズ	Redimensionar	Skalieren		Ridimensiona	Redimensionar	Escalar	Skala	縮放	Ölçek	Skala		Приблизить
														
														
sys_options	Options	設定	Opciones	Optionen	Options	Opzioni	Opções	Opciones	Ustawienia	設定	Ayarlar	Inställningar		Настройки
option_mute	Mute	ミュート	Silenciado	Stummschalten	Sourdine	Silenzia	Mudo	Mudo	Wycisz	靜音	Sesini kapat	Ljudlös		Без звука
option_enable	Enabled	はい	Sí	An	Activé	Attivato	Ativado	Activado	Włączono	啟用	Etkinleştirilmiş	Aktiverad		Включено
option_disable	Disabled	いいえ	No	Aus	Désactivé	Disattivato	Desativado	Desactivado	Wyłączono	關閉	Engellenmiş	Avaktiverad		Выключено
option_hold	Hold	ホールド	Mantener	Halten	Maintenir	Mantieni	Segurar	Mantener	Trzymaj	長押	Tut	Håll in		Удержание
option_toggle	Toggle	トグル	Pulsar	Umschalten	Activer / Désactiver	Attiva/Disattiva	Ativar/Desativar	Activar/Desactivar	Wciśnij	切換	Değiştir	Växla		Переключение
option_both	Both	両方	Ambos	Beides		Entrambi	Ambos	Ambos	Oba	同時啟用	İkiside	Båda		Оба варианта
option_attack	Attack	アタック	Atacar	Angriff	Attaquer	Attacco	Atacar	Atacar	Atak	攻擊	Saldır	Attackera		Атака
option_stomp	Stomp	ストンプ	Caída Rápida	Stampfen	Piétiner	Calpestata	Pisada	Pisotón	Tupnięcie	墜擊	Ez	Stampa		Растаптывание
option_high	High	高	Alto	Hoch	Élevé	Alto	Alto	Alto	Wysokie	高	Yüksek	Hög		Высокие
option_medium	Medium	中	Medio	Mittel	Moyen	Medio	Médio	Medio	Średnie	中	Orta	Medium		Средние
option_low	Low	低	Bajo	Niedrig	Faible	Basso	Baixo	Bajo	Niskie	低	Düşük	Låg		Низкие
option_hard_shadows	Hard Shadows	最低	Sombras Definidas	Harte Schatten	Ombres définies	Ombre Definite	Sombras Definidas	Sombras definidas	Twarde Cienie	最低	Sert Gölgeler	Svåra Skuggor		Большие тени
option_retail	Retail	オリジナル	Original	Original	Original	Originale	Original	Original	Wersja Pudełkowa	原始版本	Orijinal	Butiksversion		Релизная версия
option_hud_e3	E3 2006		E3 2006	E3 2006	E3 2006	E3 2006	E3 de 2006	E3 2006	E3 2006	E3 2006 版	E3 2006	E3 2006		E3 2006 версия
option_reignited	Reignited	リミックス	Nueva	Reignition	Reignition	Reignited	Reignition	Reencendido	Odnowiona	Reignited 版	Yeniden Ateşlendi	Återtänd		Новая версия
option_style1	Style 1	スタイル１	Estilo 1	Stil 1	Style 1	Stile 1	Estilo 1	Estilo 1	Styl 1	風格 1	Stil 1	Stil 1		Стиль 1
option_style2	Style 2	スタイル２	Estilo 2	Stil 2	Style 2	Stile 2	Estilo 2	Estilo 2	Styl 2	風格 2	Stil 2	Stil 2		Стиль 2
option_horizontal	Horizontal	横向き	Horizontal	Horizontal	Horizontal	Orizzontale	Horizontal	Horizontal	Horyzontalny	橫向	Yatay	Horisontell		Горизонтально
option_vertical	Vertical	縦向き	Vertical	Vertikal	Vertical	Verticale	Vertical	Vertical	Wertykalny	縱向	Dikey	Verikal		Вертикально
														
option_video	Video	画面設定	Vídeo	Video	Vidéo 	Video	Vídeo	Video	Wideo	影像	Video	Video		Видео
option_audio	Audio	音声設定	Audio	Audio	Audio 	Audio	Áudio	Audio	Dżwiek	聲音	Ses	Ljud		Аудио
option_lang	Language	言語設定	Idioma	Sprache	Langage	Lingua	Idioma	Idioma	Język	語言	Dil	Språk		Язык
option_control	Controls	コントロール設定	Controles	Steuerung	Contrôles	Controlli	Controles	Controles	Sterowanie	控制	Kontroller	Kontroller		Управление
option_interface	Interface	インターフェース	Interfaz	Interface	Interface	Interfaccia	Interface	Interfaz	Interfejs	介面	Arayüz	Gränssnitt		Интерфейс
option_reset_settings	Reset Settings	設定をリセット	Configuración Preestablecida	Einstellungen zurücksetzen	Paramètres par défaut	Impostazioni Predefinite	Redefinir Configurações	Restablecer ajustes	Zresetuj Ustawienia	重置設定	Ayarları Sıfırla	Återställ Inställningar		Сброс настроек
option_reset_controls	Reset Input Mappings	コントロールをリセット	Restablecer Valores de Entrada	Input Mappings zurücksetzten	Réinitialiser les contrôles	Resetta la Mappatura del Controller	Redefinir Controles	Restablecer mapeo de entradas	Zresetuj Sterowanie	重置操控按鍵設定	Kontrol Eşlemelerini Sıfırla	Återställ Inmatningsmappningar		Сброс настроек геймпада
														
option_target_display	Target Display	ターゲットディスプレイ	Monitor Deseado	Ziel-Monitor	Écran	Seleziona Schermo	Tela	Monitor de destino	Docelowy Wyświetlacz	目標顯示	Hedef Gösterimi	Målskärm		Монитор
option_display	Display 0	ディスプレイ0	Monitor 0	Monitor 0	Affichage 0	Schermo 0	Tela 0	Monitor 0	Wyświetlacz 0	顯示 0	Görüntü 0	Skärm 0		Дисплей 0
option_window_size	Window Size	ディスプレイサイズ	Tamaño de la Ventana	Fenstergröße	Taille de la fenêtre	Dimensione della Finestra	Tamanho da Janela	Tamaño de la ventana	Rozmiar Okna	視窗大小	Pencere Boyutu	Fönster Storlek		Разрешение экрана
option_aspect	Aspect Ratio	アスペクト比	Relación de Aspecto	Seitenverhältnis	Rapport hauteur largeur	Rapporto D'aspetto	Proporção da Tela	Relación de aspecto	Format Obrazu	長寬比	En Boy Oranı	Bildformat		Соотношение сторон
option_fullscreen	Fullscreen	フルスクリーン	Pantalla Completa	Vollbild	Plein Écran 	Schermo Intero	Tela Cheia	Pantalla completa	Pełny Ekran	全螢幕	Tam Ekran	Helskärm		Полноэкранный
option_fullscreen_mode	Fullscreen Mode	フルスクリーンモード	Tipo de Pantalla Completa	Vollbildmodus	Mode d'affichage	Modalità Schermo Intero	Modo de Tela Cheia	Modo de pantalla completa	Tryb Pełnego Ekranu	全螢幕模式	Tam Ekran Modu	Helskärmsläge		Полноэкранный режим
option_custom	Custom	カスタム	Personalizado	Erstellen	Personnalisé	Personalizzato	Customizado	Personalizada	Niestandardowy	自訂	Özelleştirme	Anpassad		Настраиваемый
option_normal_fullscreen	Borderless	ボーダーレス	Normal	Randlos	Plein-écran fenêtré	Senza Bordi	Sem bordas	Sin bordes	Bezramkowy	無邊界全螢幕	Kenarlıksız	Kantlös		Без рамок
option_exclusive_fullscreen	Exclusive	フルスクリーン	Exclusiva	Exklusiv	Exclusif	Esclusivo	Exclusiva	Exclusiva	Ekskluzywny	專屬	Özelleştirme	Exklusiv		Особый
option_target_fps	Target Framerate	フレームレート	FPS deseados	Limit der Bildrate	Limite de FPS	Limite FPS	Limite de FPS	Límite de FPS	Docelowe KL./s	目標幀數	Hedef Kare Hızı	Måluppdateringsfrekvens		Частота кадров
option_unlimited_fps	Unlimited	制限なし	Ilimitados	Unendlich	Illimité	Illimitati	Ilimitado	Sin límite	Nieograniczone	無限制	Sınırsız	Oändlig		Без ограничений
option_fps	0 FPS	0 FPS	0 FPS	0 FPS	0 FPS	0 FPS	0 FPS	0 FPS	0 KL./S	0 FPS	0 FPS	0 FPS		0 FPS
option_vsync	V-Sync	垂直同期	Sincronización Vertical	V-Sync	V-Sync	Sincronizzazione Verticale	Sincronização Vertical	Sincronización vertical	Synchronizacja Pionowa	V-Sync垂直同步	Dikey senkronizasyon	V-Sync		V-Sync
option_render_scale	Render Scale	レンダリング精度	Escala de Renderizado	Rendering-Skala	Échelle de Rendu	Scala di Rendering	Escala de Renderização	Escala de renderizado	Skala Renderowania	渲染比例	İşleme Ölçeği	Renderingsskala		Масштаб рендеринга
option_resize_mode	Resize Mode	リサイズモード	Agrandamiento de la Imagen	Skalierungsmodus	Mode redimensionné	Modalità di Ridimensionamento	Modo de Redimensionamento	Modo de redimensionado	Tryb Skalowania	大小調整模式	Yeniden Boyutlandırma Modu	Storleksändringsläge		Режим изменения размера
option_antialiasing	Anti-Aliasing	アンチエイリアス	Suavizado de Imagen	Anti-Aliasing	Anticrénelage	Anti-Aliasing	Antisserrilhado	Antialiasing	Wygładzanie Krawędzi	反鋸齒	Kenar Yumuşatma	Kantutjämning		Сглаживание
option_post_processing	Post-Processing	ポストプロセス	Postprocesamiento	Post-Processing	Post-Traitement 	Post-Processing	Pós-processamento	Postprocesamiento	Obróbka Końcowa	後處理	Son İşleme	Efterbearbeting		Постобработка
option_bloom	Bloom Quality	ブルーム	Calidad del Bloom	Bloomqualität	Flou lumineux	Qualità del Bloom	Efeitos Brilhantes	Calidad del resplandor	Jakość Poświaty	光暈品質	Çiçeklenme Kalitesi	Bloom-Kvalitet		Качество цвета
option_shadow	Shadow Quality	シャドウ品質	Sombras	Schattenqualität	Qualité des ombres	Qualità delle Ombre	Qualidade das Sombras	Calidad de las sombras	Jakość Cieni	陰影品質	Gölge Kalitesi	Skugg-Kvalitet		Качество теней
option_reflection	Reflection Quality	反射品質	Reflejos	Reflexionsqualität	Qualité des reflets	Qualità dei Riflessi	Qualidade dos Reflexos	Calidad de los reflejos	Jakość Odbić	反射品質	Yansıma Kalitesi	Reflektions-Kvalitet		Качество отражения
option_screen_shake	Screen Shake	スクリーンシェイク	Temblor de Pantalla	Screen Shake	Tremblement de l'écran	Scossa dello Schermo	Tremor na Tela	Sacudida de pantalla	Trzęsienie Ekranu	螢幕搖晃	Ekran Sallantısı	Skärmskakning		Мерцание экрана
option_motion_blur	Motion Blur	モーションブラー	Desenfoque por Movimiento	Motion Blur	Flou de mouvement	Sfocatura di Movimento	Desfoque de Movimento	Desenfoque de movimiento	Rozmycie w Ruchu	動態模糊	Hareket Bulanıklığı	Rörelseoskärpa		Режим размытия
														
option_main_vol	Main Volume	ゲームボリューム	Volumen General	Gesamtlautstärke	Volume général	Volume Principale	Volume Principal	Volumen principal	Głowna Głośność	主音量	Ana Ses	Huvudvolym		Основная громкость
option_bgm_vol	Music Volume	音楽ボリューム	Volumen de la Música	Musik	Volume de la musique 	Volume della Musica	Música	Volumen de la música	Głośność Muzyki	音樂音量	Müzik Sesi	Musikvolym		Громкость музыки
option_sfx_vol	SFX Volume	SFXボリューム	Volumen de los Efectos	Soundeffekte	Volume des effets	Volume degli Effetti	Efeitos Sonoros	Volumen de los efectos	Głośność Efektów Specjalnych	音效音量	Efekt Sesi	SFX Volym		Громкость спецэффектов
option_voice_vol	Voice Volume	声ボリューム	Volumen de las Voces	Stimmen	Volume des voix 	Volume delle Voci	Voz	Volumen de la voces	Głośność Głosów	語音音量	Konuşma Sesi	Röstvolym		Громкость озвучки
option_level_select_music	Mission Select Music	ミッションメニュー音楽	Música de Selección de Misión	Missionauswahl-Musik	Choix de la musique des missions	Musica della Selezione delle Missioni	Música de Seleção de Missão	Música de selección de misiones	Muzyka Wyboru Misji	任務選單音樂	Görev Seçme Müziği	Uppdragsvalsmusik		Стиль музыки в миссии
														
option_sub_toggle	Subtitles	サブタイトル	Subtítulos	Untertitel	Sous-titres	Sottotitoli	Legendas	Subtítulos	Napisy	字幕	Altyazılar	Textning		Субтитры
option_dialog_toggle	In-game Dialog	台詞	Diálogo del Juego	In-Game Dialoge	Dialogues	Dialogo durante il Gioco	Diálogos em Jogo	Diálogos durante el juego	Dialog w Grze	遊戲內對白	Oyun İçi Diyalog	Dialog i Spelet		Внутриигровые диалоги
option_text_lang	Text Language	文字言語の設定	Idioma de los Subtítulos	Sprache für Bildschirmtext	Langage du Texte 	Lingua del Testo	Idioma dos Textos	Idioma de los textos	Język Tekstu	文字語言	Yazı Dili	Text Språk		Язык текста
option_voice_lang	Voice Language	音声言語の設定	Idioma de las Voces	Sprachausgabe	Language Vocal	Lingua delle Voci	Idioma das Vozes	Idioma de las voces	Język Głosów	語音語言	Ses Dili	Röst Språk		Язык озвучки
														
option_controller_ui	Button Type	ボタンタイプ	Interfaz de los Botones	Tasten-Variante	Type de boutons	Tipo di Pulsanti	Tipo dos Botões	Tipo de botones	Typ Przycisków	按鍵類型	Tuş Türü	Knapp Typ		Тип кнопок
option_deadzone	Axis Dead Zone	デッドゾーン	Zona Muerta del Eje	Achse-Totzone	Axe de la Zone Morte 	Zona Morta dell'Asse	Zona Morta dos Analógicos	Zona muerta del eje	Martwa Strefa Osi	軸桿死區	Eksen Ölü Bölgesi	Axel Dödzon		Мёртвая зона оси
option_break_mode	Break Skill Mode	ブレイクスキルモード	Impulso/Ralentización	Bremsfähigkeit-Modus		Modalità delle Abilità Rottura	Modo das Habilidades	Modo de los """Breaks"""	Tryb Talentu Zrywu	時間/速度突破技能模式	Kırma Becerisi Modu	Brytfärdighetsläge		Режим """Навыка владения"""
option_jump_mode	Jump Button Mode	ジャンプボタンモード	Modo de Salto	Sprungtaste-Modus	Mode du bouton de saut	Modalità del Salto	Ação do Botão de Pulo	Modo del botón de salto	Tryb Przycisku Skoku	跳躍鍵模式	Zıplama Tuşu Modu	Hopp Knapp Läge		Настройка действия в прыжке
option_gyro	Gyro Settings	ジャイロ設定	Ajustes del Giroscopio	Gyro-Einstellungen		Impostazioni Giroscopio	Configurações de Gyro	Ajustes del giroscopio	Ustawienia Gyro	陀螺儀設定	Gyro Ayarları	Gyroinställningar		Настройки гироскопа
option_mouse	Mouse Settings	マウス設定	Ajustes del Ratón	Maus-Einstellungen		Impostazioni Mouse	Configurações do Mouse	Ajustes del mouse	Ustawienia Myszy	滑鼠設定	Fare Ayarları	Musinställningar		Настройки мыши
option_mapping	Change Mapping	チェンジコンフィグ	Cambiar Asignaciones	Mapping Ändern	Changer les touches	Cambia Mappatura	Mudar Mapeamento	Cambiar mapeo	Zmień Przypisanie	更改操控按鍵	Eşlemeyi Değiştir	Ändra Mappning		Настройка управления
option_party_mapping	Change Party Mapping	チェンジパーティーコンフィグ	Asignaciones Minijuegos	Party-Mapping Ändern	Changer les touches pour les Minijeux	Cambia Mappatura della Modalità Party	Mudar Mapeamento do Modo Festa	Cambiar mapeo en minijuegos	Zmień Przypisanie Imprezowe	改變派對操控按鍵	Parti Eşlemesini Değiştir	Ändra Grupp Mappning		Настройка управления для игроков
option_mapping_test	Test Controls	コントロールテースト	Probar los Controles	Steuerung Testen	Test des touches	Prova i Controlli	Testar Controles	Probar controles	Przetestuj Sterowanie	測試控制	Kontrolleri Test et	Testa Kontrollerna		Проверка управления
option_controller_auto	Auto Detect	オート	Detección Automática	Automatische Erkennung	Détection automatique	Rilevamento Automatico	Detecção Automática	Detectar automáticamente	Autodetekcja	自動偵測	Otomatik Algıla	Auto Detektion		Авто определение
option_controller_ps	PlayStation	PlayStation	PlayStation	PlayStation	PlayStation	PlayStation	PlayStation	PlayStation	PlayStation	PlayStation	PlayStation	Playstation		Playstation
option_controller_xbox	Xbox	Xbox	Xbox	Xbox	Xbox	Xbox	Xbox	Xbox	Xbox	Xbox	Xbox	Xbox		Xbox
option_controller_nintendo	Nintendo	Nintendo	Nintendo	Nintendo	Nintendo	Nintendo	Nintendo	Nintendo Switch	Nintendo	任天堂	Nintendo	Nintendo		Nintendo
option_controller_steam	Steam	Steam	Steam	Steam	Steam	Steam	Steam	Steam	Steam	Steam	Steam	Steam		Steam
option_awaiting_input	Awaiting Input...	入力してください...	Pulsa una Tecla...	Wartet Auf Eingabe...	En atttente de saisie 	Premi un Pulsante...	Pressione um botão...	Esperando entrada...	Naciśnij Przycisk...	請輸入操控...	Giriş bekleniyor...	Väntar på inmatning...		Ожидание ввода...
														
option_mouse_mode	Mouse Mode	マウスモード	Modo Ratón	Maus-Modus		Modalità Mouse	Modo do Mouse	Modo del mouse	Tryb Myszy	滑鼠模式	Fare Modu	Musläge		Режим мыши
option_mouse_positional	Positional	ポジション	Basado en Posición	Positionell		Posizionale	Posicional	Posicional	Pozycjonalna	位置	Konumsal	Positionell		Позиционный
option_mouse_motional	Motion Only	モーションだけ	Basado en Movimiento	Nur Bewegungssteuerung		Solo Movimento	Apenas Movimentos	Sólo movimiento	Tylko Ruch	僅有動態	Yalnızca Hareket	Endast Rörelse		Только движение
option_mouse_vertical_tracking	Vertical Tracking	タテトラッキング	Seguimiento Vertical	Senkrechtes Tracking		Tracciamento Verticale	Movimento Vertical	Seguimiento vertical	Śledzenie Pionowe	垂直追蹤	Dikey Takip	Vertikal Spårning		Вертикальное слежение
option_mouse_motion_sensitivity	Motion Sensitivity	モーション感度	Sensibilidad del Ratón	Empfindlichkeit der Bewegung		Sensibilità Movimenti	Sensibilidade	Sensibilidad	Czułość Myszy	動態靈敏度	Hareket Hassasiyeti	Rörelsekänslighet		Чувствительность к движению
option_mouse_deadzone	Positional Deadzone	ポジションデッドゾーン	Zona Muerta Posicional	Positionelle Deadzone		Zona Morta	Zona Morta	Zona muerta	Martwa Strefa	位置死角	Konumsal Ölü Bölge	Positionsdödzon		Позиционная мёртвая зона
option_mouse_horizontal_range	Horizontal Range	ヨコのレンジ	Rango Horizontal	Waagerechte Spanne		Raggio Orizzontale	Alcance Horizontal	Rango horizontal	Zasięg Horyzontalny	水平範圍	Yatay Aralık	Horisontellt Omfång		Горизонтальный диапазон
option_mouse_vertical_range	Vertical Range	タテのレンジ	Rango Vertical	Senkrechte Spanne		Raggio Verticale	Alcance Vertical	Rango vertical	Zasięg Wertykalny	垂直範圍	Dikey Aralık	Vertikalt Omfång		Вертикальный диапазон
option_mouse_vertical_offset	Vertical Offset	タテオフセット	Desvío Vertical	Senkrechter Offset		Offset Verticale	Deslocamento Vertical	Sesgo vertical	Przesunięcie Pionowe	垂直偏移量	Dikey Ofset	Vertikalt Offset		Вертикальное смещение
														
option_gyro_mode	Gyro Mode	ジャイロモード	Modo Giroscopio	Gyro-Modus		Modalità Giroscopio	Modo Giroscópio	Modo giroscópico	Tryb Gyro	陀螺儀模式	Gyro Modu	Gyroläge		Режим гироскопа
option_gyro_deadzone	Gyro Deadzone	ジャイロデッドゾーン	Zona Muerta del Giroscopio	Gyro-Totzone		Zona Morta del Giroscopio	Zona Morta do Giroscópio	Zona muerta del giroscopio	Martwa Strefa Gyro	陀螺儀死區	Gyro Ölübölgesi	Gyrodödzon		Мёртвая зона гироскопа
option_gyro_sensitivity	Gyro Sensitivity	ジャイロ感度	Sensibilidad del Giroscopio	Gyro-Sensititivität		Sensibilità del Giroscopio	Sensibilidade do Giroscópio	Sensibilidad del giroscopio	Czułość Gyro	陀螺儀敏感度	Gyro Hassasiyeti	Gyrokänslighet		Чувствительность гироскопа
														
														
														
														
option_hud_style	HUD Style	HUD スタイル	Estilo de la Interfaz	HUD-Stil	Style de l'interface	Stile dell'Interfaccia	Estilo da Interface	Estilo de la interfaz	Styl Interfejsu	介面風格	Hud Stili	HUD-stil		Оформление интерфейса
option_button_style	Button Style	ボタンスタイル	Estilo de los Botones	Knopf-Stil	Style des boutons	Stile dei Pulsanti	Estilo dos Botões	Estilo de los botones	Styl Przycisku	按鍵風格	Tuş Stili	Knapp Stil		Оформление кнопок
option_soul_style	Soul Gauge Style	ソールゲージスタイル	Orientación de la Barra de Almas	Soul Gauge-Stil	Rotation de la jauge d'âme	Tipo di Barra dell'Anima	Estilo da Barra Espiritual	Estilo del medidor de almas	Styl Paska Duszy	魂力量表風格	Ruh Ölçer Rotasyonu	Själmätarstil		Оформление Шкалы души
option_action_prompts	Action Prompts	アクションプロンプト	Mostrar Botones de Acción	Tasten-Hilfe	Montrer les boutons d'Action	Prompt d'Azione	Botões de Ação	Indicar acciones	Aktywne Podpowiedzi	動作提示	Eylem İstemleri	Åtgärdsuppmaningar		Подсказки в игре
option_branding	Branding	ブランディング	Pantalla de Título	Titel-Branding		Stile del Titolo	Logo de Título	Logo del título	Markowanie Tytułu Gry	標題畫面顯示名稱	Markalaşma	Varumärkesbyggande		Визуальное оформление
option_ingame_subtitle_opacity	In-Game Subtitle Opacity	ゲーム内の字幕の不透明度	Opacidad de los Subtítulos (Juego)	In-Game Untertitel Deckkraft		Opacità dei sottotitoli nel Gioco	Opacidade das Legendas em Jogo	Subtítulos del juego: Opacidad	Nieprzezroczystość Napisów w Grze	遊戲內字幕透明度	Oyun İçi Altyazı Şeffaflığı	Opacitet för Undertexter i Spelet		Прозрачность субтитров в игре
option_cutscene_subtitle_opacity	Cutscene Subtitle Opacity	イベントの字幕の不透明度	Opacidad de los Subtítulos (Escenas)	Film Untertitel Deckkraft		Opacità dei Sottotitoli nei Filmati	Opacidade das Legendas em Cenas	Subtítulos de cinemáticas: Opacidad	Nieprzezroczystość Napisów\nw Przerywnikach Filmowych	劇情字幕透明度	Ara Sahne Altyazı Şeffaflığı	Opacitet för Undertexter i Mellansekvensen		Прозрачность субтитров в катсценах
														
option_levelmods_enabled	Level Mods	レベルMOD	Mods de Nivel	Level-Mods		Mods per i Livelli	Mods de Fases	Mods de niveles	Modyfikacje Etapów	關卡模組	Seviye Modları	Nivåmodifieringar		Моды на уровни
option_charamods_enabled	Character Mods	キャラMOD	Mods de Personaje	Charakter-Mods		Mods per Personaggi	Mods de Personagens	Mods de personajes	Modyfikacje Postaci	角色模組	Karakter Modları	Karaktärsmodifieringar		Моды на персонажей
option_langmods_enabled	Language Mods	言語MOD	Mods de Idioma	Sprachen-Mods		Mods per le Lingue	Mods de Idioma	Mods de idiomas	Modyfikacje Języków	語言模組	Dil Modları	Språkmodifieringar		Моды на языки
option_mod_folder	Open MODS folder	MODフォルダを開く		Öffne MODS-Ordner		Apri cartella delle Mod	Abrir Pasta de Mods	Abrir carpeta de mods	Otwórz Folder MODów	開啟模組資料夾	MODLAR dosyasını aç	Öppna MODS-mappen		Открыть папку МОДЫ
														
option_player	Player	プレイヤー	Jugador	Spieler	Joueur	Giocatore	Jogador	Jugador	Gracz	玩家	Oyuncu	Spelare		Игрок
option_device	Controller	デバイス	Mando	Kontroller	Manette	Controller	Controle	Control	Kontroler	手把	Kontrolcü	Kontroller		Геймпад
option_player_number	Player 0	プレイヤー　0	Jugador 0	Spieler 0	Joueur 0	Giocatore 0	Jogador 0	Jugador 0	Gracz 0	玩家 0	Oyuncu 0	Spelare 0		Игрок 0
option_device_number	Controller 0	デバイス　0	Mando 0	Kontroller 0	Manette 0	Controller 0	Controle 0	Control 0	Kontroler 0	手把 0	Kontrolcü 0	Kontroller 0		Геймпад 0
														
option_reset_settings_description	Reset options to their default settings?	設定をリセットする？	¿Recuperar los Ajustes de Fábrica?	Optionen auf ihre Standardeinstellungen zurücksetzen?	Réinitialiser les paramètres ?	Ripristinare le opzioni alle loro impostazioni originali?	Redefinir opções para as configurações padrão?	¿Restablecer opciones a los ajustes por defecto?	Zrestartować opcje do ich domyślnych ustawień?	確定要重置設定嗎？	Seçenekleri varsayılana sıfırlamansın mı?	Återställ inställningarna till standardvärdena?		Сбросить настройки по умолчанию?
option_reset_controls_description	Reset input mappings to their default values?	コントロールをリセットする？	¿Volver a la Asignación de Botones Original?	Eingabe-Optionen auf ihre Standardeinstellungen zurücksetzen?	Réinitialiser les touches par défaut ?	Ripristinare le mappature ai loro valori originali?	Redefinir o mapeamento de botões para o padrão?	¿Restablecer mapeo a los ajustes por defecto?	Zrestartować przypisanie klawiszy do ich domyślnych wartości?	確定要重置操控按鍵設定嗎？	Kontrol eşlemelerini varsayılan değerlerine sıfırlansın mı?	Återställ inmatningsmappningarna till standardvärdena?		Сбросить настройки управления по умолчанию?
														
option_quick_load	Fast Loading	高速ロード	Carga Rápida (Experimental)	Schnelles Laden (Experimentell)	Chargement rapide	Caricamenti Veloci	Carregamento Rápido (Experimental)	Carga rápida	Szybkie Ładowanie (Eksperymentalne)	高速載入(實驗性)	Hızlı yükleme	Snabb Laddning		Быстрая загрузка (Эксперимент)
option_quick_load_alert	Enable Fast Loading?\nThis option reduces load times, but may cause occasional crashes on some machines. \n\n(You can always change this in the options menu.)	高速ロードを有効にしますか？\nこのオプションは読み込み時間を短縮しますが、一部のマシンでまれにクラッシュを引き起こす可能性があります。\n\n（オプションメニューでいつでも変更できます。）	¿Quieres activar la Carga Rápida?\nEsta opción reduce los tiempos de carga, pero puede ocasionar el fallo del juego en algunas computadoras. \n\n(Siempre puedes cambiar esta opción en el menú de ajustes)	Schnelles Laden aktivieren?\nDiese Option verkürzt Ladezeiten, kann aber gelegentlich auch zu Abstürzen auf einigen Maschinen führen. \n\n(Du kannst dies jederzeit im Optionsmenü ändern.)	Activer le Chargement rapide ?\nCette option réduit les temps de chargement, mais peut parfois provoquer des crashs sur certains appareils.\n\nVous pouvez toujours changer cette option dans les paramètres.)	Abilitare i caricamenti veloci?\nQuesta opzione riduce i tempi di caricamento, ma potrebbe causare crash del gioco in alcuni computer. \n\n(puoi sempre cambiare questa impostazione dal menù delle opzioni).	Deseja habilitar o Carregamento Rápido?\nEsta opção reduz o tempo de carregamento, mas pode causar crashes em algumas máquinas. \n\n(Você sempre pode mudar esta opção no menu de opções.)	¿Habilitar la carga rápida?\nEsta opción reduce los tiempos de carga, pero puede provocar bloqueos ocasionales en algunas máquinas.\n\n(Siempre puedes cambiarla en el menú de opciones).	Włączyć Szybkie Ładowanie?\nTa opcja skraca czas ładowania, ale może okazjonalnie zawiesić grę na niektórych komputerach.\n\n(Zawsze możesz to zmienić w ustawieniach.)	是否要啟用高速載入？\n此選項能降低載入耗費時間，但有可能會在某些電腦上造成偶發性閃退的現象。\n\n（您可以在設定目錄中對此功能進行變更。）	Hızlı yüklemeyi etkinleştir?\nBu seçenek yükleme sürelerini azaltır, ancak bazı bilgisayarlarda oyunun çökmesine neden olabilir.\n\n(Bu ayarı istediğin zaman seçenekler menüsünden değiştirebilirsin.)	Slå på Snabb Laddning?\nDet här alternativet minskar laddningstiderna, men kan orsaka enstaka krascher på vissa maskiner.\n\n(Du kan alltid ändra det här i inställningarna.)		Включить быструю загрузку?\nЭта опция сокращает время загрузки,\nно может вызывать периодические сбои на некоторых\nкомпьютерах.(Вы всегда можете изменить это в меню настроек.)
														
move_up	Up	上	Arriba	Oben	Haut	Su	Cima	Arriba	Góra	上	Yukarı	Upp		Вверх
move_down	Down	下	Abajo	Unten	Bas	Giù	Baixo	Abajo	Dół	下	Aşağı	Ner		Вниз
move_left	Left	左	Izquierda	Links	Gauche	Sinistra	Esquerda	Izquierda	Lewo	左	Sol	Vänster		Влево
move_right	Right	右	Derecha	Rechts	Droite	Destra	Direita	Derecha	Prawo	右	Sağ	Höger		Вправо
button_jump	Jump	ジャンプ	Saltar	Sprung	Saut	Salto	Pular	Saltar	Skok	跳躍	Zıplama	Hopp		Прыжок
button_action	Action	アクション	Acción Especial	Aktion	Action	Azione	Ação	Acción	Akcja	動作	Aksiyon	Handling		Действие
button_speedbreak	Speed Break	スピードブレイク	Impulso	Speed Break	Speed Break	Rottura della Velocità	Impulso Veloz	Speed Break	Zryw Pędu	速度突破	Hız Kırma	Fartbrytning		Ускорение
button_timebreak	Time Break	タイムブレイク	Ralentización	Time Break	Time Break	Rottura del Tempo	Atraso Temporal	Time Break	Zryw Czasu	時間突破	Zaman Dondurma	Tidsbrytning		Замедление
button_pause	Pause	ポーズ	Pausa	Pausieren	Pause	Pausa	Pausar	Pausa	Pauza	暫停	Durdurma	Pausa		Пауза
button_attack	Attack	アタック	Atacar	Angriff	Attaquer	Attacco	Atacar	Atacar	Atak	攻擊	Saldırı	Attack		Атака
button_brake	Brake	ブレーキ	Frenar	Bremsen	Freiner	Frenata	Frear	Frenar	Hamowanie	煞停	Fren	Bromsa		Тормозить
button_light_dash	Light Speed Dash	ライトスピードダッシュ	Acelerón de Anillos	Light Speed Dash	Accéleration supersonique	Scatto alla Velocità della Luce	Arrancada Suave	Arranque a velocidad luz	Pęd Prędkości Światła	光速衝刺	Işık Hızı Atılma	Ljushastighetsrusning		Световой рывок
button_step_left	Step Left	左ステップ	Paso a la Izquierda	Schritt nach Links	Pas vers la gauche	Passo a Sinistra	Deslocamento para a Esquerda	Paso a la izquierda	Krok w Lewo	向左踏	Sola Adım Atma	Vänstersteg		Шаг в сторону влево
button_step_right	Step Right	右ステップ	Paso a la derecha	Schritt nach Rechts	Pas vers la droite	Passo a Destra	Deslocamento para a Direita	Paso a la derecha	Krok w Prawo	向右踏	Sağa Adım Atma	Högersteg		Шаг в сторону вправо
button_primary	Primary Action	プライマリーアクション	Acción Primaria	Primäre Aktion	Action principale	Azione Principale	Ação Primária	Acción principal	Głowna Akcja	主動作	Birincil Aksiyon	Huvudhandling		Основное действие
button_secondary	Secondary Action	セカンダリーアクション	Acción Secundaria	Sekundäre Aktion	Action secondaire	Azione Secondaria	Ação Secundária	Acción secundaria	Pomocnicza Akcja	次動作	İkincil Aksiyon	Sekundär handling		Последующее действие 
camera_up	Glance Up	上へ見る	Vistazo Arriba	Nach Oben schauen	Regarder vers le haut	Guarda Su	Olhar para Cima	Mirar arriba	Spójrz w Górę	向上看	Yukarı Bakış	Titta Upp		Посмотреть наверх
camera_down	Glance Down	下へ見る	Vistazo Abajo	Nach Unten schauen	Regarder vers le bas	Guarda Giù	Olhar para Baixo	Mirar abajo	Spójrz w Dół	向下看	Aşağı Bakış	Titta Ner		Посмотреть вниз
camera_left	Glance Left	左へ見る	Vistazo a la Izquierda	Nach Links schauen	Regarder à gauche	Guarda a Sinistra	Olhar para Esquerda	Mirar a la izquierda	Spójrz w Lewo	向左看	Sola Bakış	Titta till Vänster		Посмотреть налево
camera_right	Glance Right	右へ見る	Vistazo a la Derecha	Nach Rechts schauen	Regarder à droite	Guarda a Destra	Olhar para Direita	Mirar a la derecha	Spójrz w Prawo	向右看	Sağa Bakış	Titta till Höger		Посмотреть направо
														
lang_local	English	日本語	Español (España)	Deutsch	Français	Italiano	Português do Brasil	Español (Latinoamérica)	Polski	繁體中文	Türkçe	Svenska		Русский
lang_en	English	英語	Inglés	Englisch	Anglais	Inglese	Inglês	Inglés	Angielski	英文	İngilizce	Engelska		Английский
lang_ja	Japanese	日本語	Japonés	Japanisch	Japonais	Giapponese	Japonês	Japonés	Japoński	日文	Japonca	Japanska		Японский
lang_es	Spanish	スペインスペイン語	Español (España)	Spanisch (Spanien)	Espagnol (Espagne)	Spagnolo (Spagna)	Espanhol (Espanha)	Español (España)	Hiszpański (Hiszpania)	西班牙文（西班牙）	İspanyolca (İspanya)	Spanska (Spanien)		Испанский (Испания)
lang_fr	French	フランス語	Francés	Französisch	Français	Francese	Francês	Francés	Francuski	法文	Fransızca	Franska		Французский
lang_it	Italian	イタリア語	Italiano	Italienisch	Italien	Italiano	Italiano	Italiano	Włoski	義大利文	İtalyanca	Italienska		Итальянский
lang_de	German	ドイツ語	Alemán	Deutsch	Allemand	Tedesco	Alemão	Alemán	Niemiecki	德文	Almanca	Tyska		Немецкий
lang_pt_BR	Brazilian Portuguese	ブラジルポルトガル語	Portugués (Brasil)	Brasilianisches Portugiesisch	Portugais (Brésil)	Portoghese	Português do Brasil	Portugués (Brasil)	Brazylijski Portugalski	巴西葡萄牙文	Brezilyan Portekizcesi	Briziliansk Portugisiska		Бразильский (Португальский)
lang_pl	Polish	ポーランド語	Polaco	Polnisch	Polonais	Polacco	Polonês	Polaco	Polski	波蘭文	Lehçe	Polska		Польский
lang_zh	Chinese	中国語	Chino	Chinesisch	Chinois	Cinese	Chinês	Chino	Chiński	繁體中文	Çince	Kinesiska		Китайский
lang_tr	Turkish	トルコ語	Turco	Türkisch	Turc	Turco	Turco	Turco	Turecki	土耳其文	Türkçe	Turkiska		Турецкий
lang_se	Swedish	スウェーデン語	Sueco	Schwedisch	Suédois	Svedese	Sueco	Sueco	Szwedzki	瑞典文	İsveççe	Svenska		Шведский
lang_es_US	Spanish (Latin America)	スペイン語 「ラテンアメリカ」	Español (Latinoamérica)	Spanisch (Lateinamerika)	Espagnol (Amérique latine)	Spagnolo (America Latina)	Espanhol (América Latina)	Español (Latinoamérica)	Hiszpański (Ameryka Łacińska)	西班牙文（拉丁美洲）	İspanyolca (Latin Amerika)	Spanska (Latinamerika)		Испанский (Латиноамериканский)
lang_ru	Russian	ロシア語	Ruso	Russisch	Russe	Russo	Russo	Ruso	Rosyjski	俄文	Rusça	Ryska		Русский
														
action_jump	Jump	ジャンプ	Saltar	Sprung	Sauter	Salto	Pular	Saltar	Skok	跳躍	Zıpla	Hopp		Прыгнуть
action_exit	Exit	でる	Salir	Verlassen	Sortir	Esci	Sair	Salir	Wyjdż	退出	Çık	Lämna		Выйти
action_launch	Launch	とばす	Lanzar	Schleudern	Lancer	Lancio	Lançar	Lanzar	Wystrzał	投射	Fırlat	Avfyra		Запустить
action_ascend	Ascend	のぼる	Ascender	Hinaufsteigen	Monter	Ascensione	Ascender	Subir	Wzlot	上升	Yükselt	Stig Upp		Подняться
action_shuffle	Shuffle	シャッフル	Truco en Raíl	Shuffle	Mouvement sur Rails	Azione su Ringhiera	Truque em Trilho	Truco en riel	Przeplatanka	踏軌加速	Karıştır	Blanda		Перестроиться
action_grindstep	Grind Step	ステップ	Salto entre Raíles	Grind Step	Saut sur Rails	Saltare sulla Ringhiera	Deslocamento em Trilho	Cambiar de rieles	Krok Szynowy	換軌	Büyük Adım	Grindsteg		Перескок на рельсу
action_stomp	Stomp	ストンプ	Caída Rápida	Stampfen	Piétiner	Calpestata	Pisada	Pisotón	Tupnięcie	重踏	Ez	Stampa		Растоптать
action_swing	Swing	スイング	Balancearse	Schwingen	Se balancer	Oscilla	Balançar	Balancearse	Huśtanie	擺盪	Sallan	Svinga		Качаться
action_charge	Charge	チャージ	Cargar	Aufladen		Carica	Carregar	Cargar	Naładuj	蓄力	Şarj	Ladda		Зарядить
action_attack	Attack	アタック	Atacar	Angreifen		Attacca	Atacar	Atacar	Atak	攻擊	Saldır	Attack		Атаковать
action_pull	Pull	ひく	Accionar	Ziehen	Tirer	Tira	Acionar	Jalar	Pociągnij	拔出	Çek	Dra		Тянуть
action_escape	Break Free	ぬけだす	Liberarse	Befreien		Liberati	Libertar-se	Liberarse	Uwolnienie Się	掙脫	Özgür bırak	Bryt Dig Loss		Вырваться
														
unlock_mission	A new mission has been added to the Level Select List!	新しいミッションが追加されました。	¡Has desbloqueado una nueva misión!	Neue Mission wurde der\nMissionwahlliste hinzugefügt!	Une nouvelle mission a été débloquée !	Una nuova missione è stata sbloccata!	Uma nova missão foi desbloqueada!	¡Una nueva misión se añadió a la lista de selección de niveles!	Dodano nową misję do Listy Wyboru Etapów!	解鎖一項新任務！	Bölüm Seçme Listesine yeni bir görev eklendi!	Ett nytt uppdrag är upplåst!		Вы получили новую миссию в списке\nвыбора уровня!
unlock_mission_multiple	New missions have been added to the Level Select List!	新しいミッションが追加されました。	¡Has desbloqueado varias misiones nuevas!	Neue Missionen wurden der\nMissionwahlliste hinzugefügt!	Des nouvelles missions ont été débloquées !	Nuove missioni sono state sbloccate!	Novas missões foram desbloqueadas!	¡Nuevas misiones se añadieron a la lista de selección de niveles!	Dodano nowe misję do Listy Wyboru Etapów!	解鎖多項新任務！	Bölüm Seçme Listesine yeni görevler eklendi!	Nya uppdrag har lagts till i Nivåvalslistan!  		Добавилась новая миссия в списке выбора уровня!
unlock_skill	A new skill has been unlocked!	新しいスキルが追加されました。	¡Has desbloqueado una nueva habilidad!	Neuer Skill erhalten!	Une nouvelle compétence a été débloquée !	Una nuova abilità è stata sbloccata!	Uma nova habilidade foi desbloqueada!	¡Se desbloqueó una nueva habilidad!	Odblokowano nowy Talent!	解鎖一個新技能！	Yeni bir beceri açıldı!	En ny färdighet har blivit upplåst!		Вы получили новый навык!
unlock_skill_multiple	New skills have been unlocked!	新しいスキルが追加されました。	¡!Has desbloqueado varias habilidades nuevas!	Neue Skills erhalten!	De nouvelles compétences ont été débloquées !	Nuove abilità sono state sbloccate!	Novas habilidades foram desbloqueadas!	¡Se desbloquearon nuevas habilidades!	Odblokowano nowe Talenty!	解鎖數個新技能！	Yeni beceriler açıldı!	Nya färdigheter har blivit upplåsta!		Вы получили новые навыки!
unlock_page	A new page has been added\nto the Special Book!	新しいページが追加されました。	¡Has desbloqueado una nueva\npágina del Libro Especial!	Eine neue Seite wurde dem\nExtrabuch hinzugefügt!	Une nouvelle page vient d'être débloquée dans le Livre Spécial !	Una nuova pagina è stata aggiunta\nnel Libro Speciale!	Uma nova página foi adicionada\nao Livro Especial!	¡Una nueva página se añadió al libro especial!	Dodano nową stronę do Specjalnej Książki!	特典書籍新增一頁！	Özel Kitab'a yeni\nbir sayfa eklendi!	En ny sida har lagts till i\nSpecialboken!		Новая страница добавлена в книгу!
unlock_page_multiple	New pages have been added\nto the Special Book!	新しいページが追加されました。	¡Has desbloqueado varias páginas\nnuevas del Libro Especial!	Neue Seiten wurde dem\nExtrabuch hinzugefügt!	De nouvelles pages viennent d'être débloquées\ndans le Livre Spécial !	Nuove pagine sono state aggiunte\nnel Libro Speciale!	Novas páginas foram adicionadas\nao Livro Especial!	¡Nuevas páginas se añadieron al libro especial!	Dodano nowe strony do Specjalnej Książki!	特典書籍新增多頁！	Özel Kitab'a yeni\nsayfalar eklendi!	Nya sidor har blivit tillagada\ni Special Boken!		Страницы добавлены в книгу!
unlock_world	[AREA] has been added to the World Select List!	[AREA]が追加！\nワールドセレクトから選べます。	¡Has desbloqueado [AREA] en la lista de selección de mundo!	[AREA] wurde zur Weltenauswahl hinzugefügt!	Sand Oasis viens d'être débloqué !	[AREA] è stato aggiunto alla Lista di Selezione Mondi!	[AREA] chegou na Lista de Seleção de Mundo!	¡[AREA] se añadió a la lista de selección de mundos!	[AREA] została dodana do Listy Wyboru Światów!	[AREA] 已新增至世界選單！	Kum Vahası açıldı!	[AREA] har blivit upplåst!		[AREA] добавлен ​​в список новых миров!
unlock_ring_sand_oasis	You got the Ring of Joy!	喜びのリングゲット!	¡Has obtenido el Anillo del Júbilo!	Du hast den Ring der Freuden erhalten!	Tu à obtenu le Ring Secret Jaune !	Hai ottenuto l'Anello della Gioia!	Você obteve o Anel da Felicidade!	¡Conseguiste el Anillo amarillo de la Alegría!	Zdobyto Pierścień Radości!	獲得喜悅之戒！	Sevinç Yüzüğünü aldın!	Du fick Ringen av Glädje!		Получено жёлтое Мировое кольцо!
unlock_ring_dinosaur_jungle	You got the Ring of Hatred!	憎しみのリングゲット!	¡Has obtenido el Anillo del Odio!	Du hast den Ring des Hasses erhalten!	Tu à obtenu le Ring Secret Vert ! 	Hai ottenuto l'Anello dell'Odio!	Você obteve o Anel do Ódio!	¡Conseguiste el Anillo verde del Odio!	Zdobyto Pierścień Nienawiści!	獲得憎恨之戒！	Nefret Yüzüğünü aldın!	Du fick Ringen av Hat!		Получено зелёное Мировое кольцо!
unlock_ring_evil_foundry	You got the Ring of Rage!	怒りのリングゲット!	¡Has obtenido el Anillo de la Ira!	Du hast den Ring der Wut erhalten!	Tu à obtenu le Ring Secret Rouge	Hai ottenuto l'Anello della Rabbia!	Você obteve o Anel da Raiva!	¡Conseguiste el Anillo rojo de la Furia!	Zdobyto Pierścień Wściekłości!	獲得憤怒之戒！	Öfke Yüzüğünü aldın!	Du fick Ringen av Raseri!		Получено красное Мировое кольцо!
unlock_ring_levitated_ruin	You got the Ring of Prayers!	祈りのリングゲット!	¡Has obtenido el Anillo de la Fe!	Du hast den Ring der Gebete erhalten!	Tu à obtenu le Ring Secret Bleu ! 	Hai ottenuto l'Anello delle Preghiere!	Você obteve o Anel das Orações!	¡Conseguiste el Anillo azul de las Plegarias!	Zdobyto Pierścień Pacierzy!	獲得祝禱之戒！	Dua Yüzüğünü aldın!	Du fick Ringen av Böner!		Получено синее Мировое кольцо!
unlock_ring_pirate_storm	You got the Ring of Pleasure!	楽しみのリングゲット!	¡Has obtenido el Anillo del Placer!	Du hast den Ring des Vergnügen erhalten!	Tu à obtenu le Ring Secret Turquoise ! 	Hai ottenuto l'Anello del Piacere!	Você obteve o Anel do Prazer!	¡Conseguiste el Anillo celeste del Placer!	Zdobyto Pierścień Przyjemności!	獲得歡愉之戒！	Zevk Yüzüğünü aldın!	Du fick Ringen av Nöje!		Получено голубое Мировое кольцо!
unlock_ring_skeleton_dome	You got the Ring of Wishes!	願いのリングゲット!	¡Has obtenido el Anillo de la Ambición!	Du hast den Ring der Wünsche erhalten!	Tu à obtenu le Ring Secret Blanc !	Hai ottenuto l'Anello dei Desideri!	Você obteve o Anel dos Desejos!	¡Conseguiste el Anillo blanco de los Deseos!	Zdobyto Pierścień Życzeń!	獲得願望之戒！	Dilek Yüzüğünü aldın!	Du fick Ringen av Önskningar!		Получено белое Мировое кольцо!
unlock_ring_night_palace	You got the Ring of Sadness!	悲しみのリングゲット!	¡Has obtenido el Anillo de la Tristeza!	Du hast den Ring der Trauer erhalten!	Tu à obtenu le Ring Secret Violet ! 	Hai ottenuto l'Anello della Tristezza!	Você obteve o Anel da Tristeza!	¡Conseguiste el Anillo morado de la Tristeza!	Zdobyto Pierścień Smutku!	獲得悲戚之戒！	Üzüntü Yüzüğünü aldın!	Du fick Ringen av Sorg!		Получено фиолетовое Мировое кольцо!
unlock_minigame	A new mini-game has been\nadded to the Party Mode!	パーティーモードに新しいミニゲームが追加されました！	Has desbloqueado un nuevo\nminijuego del modo multijugador.	Ein neues Minispiel wurde zum Partymodus hinzugefügt!	Un nouveau mini-jeu dans le mode multijoueurs.	Un nuovo mini-gioco è stato\naggiunto alla Modalità Party	Um novo minigame foi\nadicionado ao Modo Festa.	¡Se añadió un nuevo minijuego al modo fiesta!	Nowa mini-gra została dodana do Trybu Imprezowego!	派對模式新增一項小遊戲。	Parti Moduna yeni\nbir mini oyun eklendi.	Ett nytt minispel har blivit\ntillagt till Party Läget.		Новая мини-игра добавлена в режим """Вечеринка"""
unlock_fire_soul	You got a Fire S@ul!	Fire S@ul ゲット!	¡Has obtenido un Alma Ígnea! @	Feuerseele bek@mmen!	Tu as obtenu une Âme de Feu ! @	Hai ottenuto una Anima Infu@cata! 	Você obteve uma Alma de F@go!	¡Conseguiste un Alma de fueg@!	Zdobyto @gnistą Duszę!	得到一枚焰魂@!	Ateş R@hu'nu aldın!	Du fick en Eld S@äl!		Получена Душа @гня!
unlock_time_attack	Time Attack Mode is now available.	タイムアタックモードが追加！\nメインメニューから選べます。	El modo Contrarreloj está ahora disponible.	Zeit-Angriff ist nun verfügbar.		La Sfida a Tempo è ora disponibile.	O modo Contra o Tempo está disponível	Ya está disponible el modo contrarreloj.	Tryb Ataku Czasowego jest teraz dostępny.	計時挑戰現已開放。	Artık Zamana Karşı Yarış\nmodunu oynayabilirsin.	Tidsattack är nu tillgängligt.		Теперь доступен режим """Забег на время"""!
														
														
mission_tutorial01	Paragraph 01	第01節	Parágrafo 01	Paragraph 01	Paragraphe 01	Paragrafo 01	Parágrafo 01	Párrafo 01	Paragraf 01	第01節	Paragraf 01	Paragraf 01		Параграф 01
mission_tutorial02	Paragraph 02	第02節	Parágrafo 02	Paragraph 02	Paragraphe 02	Paragrafo 02	Parágrafo 02	Párrafo 02	Paragraf 02	第02節	Paragraf 02	Paragraf 02		Параграф 02
mission_tutorial03	Paragraph 03	第03節	Parágrafo 03	Paragraph 03	Paragraphe 03	Paragrafo 03	Parágrafo 03	Párrafo 03	Paragraf 03	第03節	Paragraf 03	Paragraf 03		Параграф 03
mission_tutorial04	Paragraph 04	第04節	Parágrafo 04	Paragraph 04	Paragraphe 04	Paragrafo 04	Parágrafo 04	Párrafo 04	Paragraf 04	第04節	Paragraf 04	Paragraf 04		Параграф 04
mission_tutorial05	Paragraph 05	第05節	Parágrafo 05	Paragraph 05	Paragraphe 05	Paragrafo 05	Parágrafo 05	Párrafo 05	Paragraf 05	第05節	Paragraf 05	Paragraf 05		Параграф 05
mission_tutorial06	Paragraph 06	第06節	Parágrafo 06	Paragraph 06	Paragraphe 06	Paragrafo 06	Parágrafo 06	Párrafo 06	Paragraf 06	第06節	Paragraf 06	Paragraf 06		Параграф 06
mission_tutorial07	Paragraph 07	第07節	Parágrafo 07	Paragraph 07	Paragraphe 07	Paragrafo 07	Parágrafo 07	Párrafo 07	Paragraf 07	第07節	Paragraf 07	Paragraf 07		Параграф 07
mission_tutorial08	Paragraph 08	第08節	Parágrafo 08	Paragraph 08	Paragraphe 08	Paragrafo 08	Parágrafo 08	Párrafo 08	Paragraf 08	第08節	Paragraf 08	Paragraf 08		Параграф 08
mission_tutorial09	Paragraph 09	第09節	Parágrafo 09	Paragraph 09	Paragraphe 09	Paragrafo 09	Parágrafo 09	Párrafo 09	Paragraf 09	第09節	Paragraf 09	Paragraf 09		Параграф 09
mission_tutorial10	Paragraph 10	第10節	Parágrafo 10	Paragraph 10	Paragraphe 10	Paragrafo 10	Parágrafo 10	Párrafo 10	Paragraf 10	第10節	Paragraf 10	Paragraf 10		Параграф 10
mission_tutorial11	Paragraph 11	第11節	Parágrafo 11	Paragraph 11	Paragraphe 11	Paragrafo 11	Parágrafo 11	Párrafo 11	Paragraf 11	第11節	Paragraf 11	Paragraf 11		Параграф 11
mission_tutorial12	Paragraph 12	第12節	Parágrafo 12	Paragraph 12	Paragraphe 12	Paragrafo 12	Parágrafo 12	Párrafo 12	Paragraf 12	第12節	Paragraf 12	Paragraf 12		Параграф 12
mission_tutorial13	Paragraph 13	第13節	Parágrafo 13	Paragraph 13	Paragraphe 13	Paragrafo 13	Parágrafo 13	Párrafo 13	Paragraf 13	第13節	Paragraf 13	Paragraf 13		Параграф 13
mission_tutorial14	Paragraph 14	第14節	Parágrafo 14	Paragraph 14	Paragraphe 14	Paragrafo 14	Parágrafo 14	Párrafo 14	Paragraf 14	第14節	Paragraf 14	Paragraf 14		Параграф 14
mission_tutorial15	Paragraph 15	第15節	Parágrafo 15	Paragraph 15	Paragraphe 15	Paragrafo 15	Parágrafo 15	Párrafo 15	Paragraf 15	第15節	Paragraf 15	Paragraf 15		Параграф 15
mission_tutorial16	Paragraph 16	第16節	Parágrafo 16	Paragraph 16	Paragraphe 16	Paragrafo 16	Parágrafo 16	Párrafo 16	Paragraf 16	第16節	Paragraf 16	Paragraf 16		Параграф 16
mission_tutorial17	Paragraph 17	第17節	Parágrafo 17	Paragraph 17	Paragraphe 17	Paragrafo 17	Parágrafo 17	Párrafo 17	Paragraf 17	第17節	Paragraf 17	Paragraf 17		Параграф 17
mission_tutorial18	Paragraph 18	第18節	Parágrafo 18	Paragraph 18	Paragraphe 18	Paragrafo 18	Parágrafo 18	Párrafo 18	Paragraf 18	第18節	Paragraf 18	Paragraf 18		Параграф 18
mission_tutorial19	Paragraph 19	第19節	Parágrafo 19	Paragraph 19	Paragraphe 19	Paragrafo 19	Parágrafo 19	Párrafo 19	Paragraf 19	第19節	Paragraf 19	Paragraf 19		Параграф 19
mission_tutorial20	Paragraph 20	第20節	Parágrafo 20	Paragraph 20	Paragraphe 20	Paragrafo 20	Parágrafo 20	Párrafo 20	Paragraf 20	第20節	Paragraf 20	Paragraf 20		Параграф 20
mission_tutorial21	Paragraph 21	第21節	Parágrafo 21	Paragraph 21	Paragraphe 21	Paragrafo 21	Parágrafo 21	Párrafo 21	Paragraf 21	第21節	Paragraf 21	Paragraf 21		Параграф 21
														
mission_locked	??????	??????	¿¿¿???	??????	??????	??????	??????	¿¿¿???	??????	??????	??????	??????		??????
mission_goal	Go for the Goal	ゴー　フォー　ザ　ゴール	Llega a la Meta	Erreiche das Ziel	Va à l'objectif !	Vai verso il Traguardo	Chegue ao Objetivo	Llega a la meta	Dobiegnij do Mety	前往終點	Hedefe Git	Sikta på Målet		Добраться до финиша
mission_special	Special Challenge	スペシャル　チャレンジ	Desafío Especial	Sondermission	Mission Spéciale !	Sfida Speciale	Desafio Especial	Reto especial	Specjalne Wyzwanie	特殊挑戰	Özel Mücadele	Specialutmaning		Особое условие
mission_deathless	Diehard Challenge	ダイハード　チャレンジ	Desafío de Supervivencia	Überlebenskampf	Mission sans prendre de dégâts 	Sfida dell'Ostinato	Desafio da Imortalidade	Reto intransigente	Wyzwanie Zagorzałego	不死挑戰	Ölümcül Mücadele	Tuff Utmaning		Остаться в живых
mission_perfect	Perfect Challenge	パーフェクト　チャレンジ	Desafío de Perfección	Perfekte Mission	Challenge parfait 	Sfida Perfetta	Desafio da Perfeição	Reto perfecto	Perfekcyjne Wyzwanie	完美挑戰	Kusursuz Mücadele	Perfekt Utmaning		Идеальный забег
mission_time	Beat the Clock	ビート　ザ　クロック	Contrarreloj	Gegen die Zeit	Bats le contre-la-montre 	Batti l'Orologio	Vença o Tempo	Vence al reloj	Wyścig z Czasem	限時通關	Saati Yen	Slå Klockan		Игра на время
mission_enemy	Rampage	ランページ！	Combate	Randale	Carnage 	Furia	Caçada	¡Masacre!	Demolka	亂鬥	Öfke	Härjning		Ярость!
mission_enemyless	Stealth Attack	ステルス　アタック	Incursión Sigilosa	Heimlicher Angriff	Attaque furtive	Attacco Furtivo	Avanço Discreto	Ataque sigiloso	Dyskretny Atak	奇襲	Gizli Saldırı	Smygande Attack		Скрытая атака
mission_race	Head to Head	ヘード　トゥ　ヘード	Cara a cara	Kopf an Kopf	Tête à tête	Testa a Testa	Cara a Cara	Frente a frente	Łeb w Łeb	賽跑	Kafa Kafaya	Huvud mot Huvud		Один на один
mission_ring	Collect Rings	コレクト　リング	Acumula Anillos	Ringe sammeln	Collecte les rings 	Colleziona Anelli	Colete Anéis	Reúne Anillos	Zbierz Pierścienie	收集金環	Yüzükleri Toplama	Samla Ringar		Собрать кольца
mission_ringless	Hands Off	ハンド　オフ	Suelta Eso	Hände weg	Ne touche pas	Giù le Mani	Mãos Vazias	No toques	Łapy Precz	不碰金環	Eller Kapalı	Håll Händerna Borta		С пустыми руками
mission_ring_chain	Chain of Rings	チェイン　オブ　リングス	Cadenas de Anillos	Ringkette	Chaîne de Rings 	Concatena gli Anelli	Sequência de Anéis	Cadena de Anillos	Łańcuch Pierścieni	連續獲得金環	Yüzük Zinciri	Kedja av Ringar		Цепь из колец
mission_pearless	No Pearls	ノー　パール	Nada de Perlas	Keine Perlen	Pas de Perles 	Senza Perle	Sem Pérolas	Sin Perlas	Bez Pereł	不碰魂珠	İnci Yok	Inga Pärlor		Без жемчужин
mission_boss	Defeat the Boss	ディフィート　ザ　ボス	Derrota al Jefe	Besiege den Boss	Bats le boss 	Sconfiggi il Boss	Derrote o Chefe	Vence al jefe	Pokonaj Bossa	擊敗Boss	Bossu Yen	Slå Bossen		Дуэль с боссом
mission_last	Last Chapter	ラスト　チャプター	Capítulo Final	Letztes Kapitel	Dernier Chapitre 	Ultimo Capitolo	Último Capítulo	Último capítulo	Ostatni Rozdział	最終章	Son Bölüm	Sista Kapitel		Последняя глава
														
mission_description_locked	This mission is not available yet.	このミッションはオープンされていません。	Esta misión aún no está disponible.	Diese Mission ist noch nicht verfügbar.	Cettte mission n'est pas encore disponible.	Questa missione non è ancora disponibile.	Esta missão ainda não está disponível.	Está misión aún no está disponible.	Ta misja nie jest jeszcze dostępna.	此任務尚未開放。	Bu görev henüz ulaşılabilir değil.	Det här uppdraget är inte tillgängligt än. 		Эта миссия пока недоступна.
mission_description_goal	Reach the goal!	ゴールに向かえ！	¡Llega a la meta!	Erreiche das Ziel!		Raggiungi il Traguardo	Alcance o Objetivo!	¡Llega a la meta!	Dotrzyj do mety!	前往終點！	Hedefe ulaş!	Nå Målet!		Доберитесь до финиша!
mission_description_charge_jump	Use Charge Jumps\nto reach the goal!	チャージジャンプを使い\nゴールに向かえ！	¡Utiliza Saltos con Carga\npara llegar a la meta!	Nutze aufgeladene Sprünge, um das Ziel zu erreichen!		Usa i Salti Caricati\nper raggiungere il traguardo!	Use Pulos Carregados para alcançar o objetivo!	¡Usa saltos cargados\npara llegar a la meta!	Użyj Ładowanych Skoków\naby dotrzeć do mety!	使用蓄力跳躍\n前往終點吧！	Hedefe ulaşmak için\nŞarjlı Zıplamaları kullan!	Använd Laddningshopp\nför att nå målet!		Доберитесь до финиша,\nиспользуя заряженный прыжок!
mission_description_jump_dash	Use Jump Dashes\nto reach the goal!	ジャンプダッシュを使い\nゴールに向かえ！	¡Utiliza Acelerones Aéreos\npara llegar a la meta!	Nutze Jump Dashs,\num das Ziel zu erreichen!		Usa i Salti a Scatto\nper raggiungere il traguardo!	Use Investidas para alcançar o objetivo!	¡Usa Arranques en salto\npara llegar a la meta!	Użyj Skoków Pędowych\naby dotrzeć do mety!	使用跳躍衝刺\n前往終點吧！	Hedefe ulaşmak için\nZıplama Atılımlarını kullan!	Använd Hopprusningar\nför att nå målet!		Доберитесь до финиша,\nиспользуя рывок в прыжке!
mission_description_homing_attack	Use the Homing Attack\nto defeat 10 enemies!	ホーミングアタックで\nマジンを１０体倒せ！	¡Utiliza el Ataque Teledirigido\npara derrotar a 10 enemigos!	Nutze die Homing Attack,\num 10 Gegner zu besiegen!		Usa l'Attacco a Ricerca\nper sconfiggere 10 nemici!	Use o Ataque Direcionado para derrotar 10 inimigos!	¡Usa Ataques teledirigidos\npara vencer 10 enemigos!	Użyj Ataku Naprowadzającego\naby pokonać 10 przeciwników!	使用追蹤攻擊\n打倒10位敵人吧！	10 düşman yenmek için\nGüdümlü Saldırı kullan!	Använd Homingattacken\nför att nå målet!		Одолейте 10 злых духов с помощью\nСамонаводящейся атаки!
mission_description_brake	Use Braking\nto reach the goal!	ブレーキを使い\nゴールに向かえ！	¡Frena para llegar a la meta!	Nutze Bremsen,\num das Ziel zu erreichen!		Usa il Freno\nper raggiungere il traguardo!	Use o Freio para alcançar o objetivo!	¡Usa el frenado\npara llegar a la meta!	Użyj Hamowania\naby dotrzeć do mety!	使用煞車\n前往終點吧！	Hedefe ulaşmak için\nfrenlemeyi kullan!	Använd Bromsning\nför att nå målet!		Доберитесь до финиша,\nиспользуя торможение!
mission_description_backstep	Use Backstep\nto gather 25 Rings!	バックステープを使い\nリングを２５個集め！	¡Usa la Marcha Atrás\npara acumular 25 Anillos!	Nutze Rückschritt,\num 25 Ringe zu sammeln!		Usa il Passo all'Indietro\nper collezionare 25 Anelli!	Use a Esquiva para coletar 25 anéis!	¡Usa pasos hacia atrás\npara juntar 25 Anillos!	Użyj Kroku Wstecz\naby zebrać 25 pierścieni!	使用退步\n前往終點吧！	25 tane yüzük toplamak için\ngeri adımları kullan!	Använd Baksteg\nför att samla 25 ringar!		Соберите 25 колец\nс помощью обратного шага!
mission_description_accel_jump	Use Short Jumps\nto reach the goal!	小ジャンプを使い\nゴールに向かえ！	¡Utiliza Brincos\npara llegar a la meta!	Nutze Beschleunigkeitssprünge,\num das Ziel zu erreichen!		Usa il Salto Corto\n per raggiungere il traguardo!	Use o Pulo Curto para alcançar o objetivo!	¡Da brinquitos\npara llegar a la meta!	Użyj Skoku Akceleracyjnego\naby dotrzeć do mety!	使用加速跳躍\n前往終點吧！	Hedefe ulaşmak için\nHızlandırma Zıplamasını kullan!	Använd Accelerationshopp\nför att nå målet!		Доберитесь до финиша,\nиспользуя короткие прыжки!
mission_description_grind	Use Grinding\nto reach the goal!	グラインドを使い\nゴールに向かえ！	¡Desslízate por Raíles\npara llegar a la meta!	Nutze Grinding,\num das Ziel zu erreichen!		Grinda sulle Ringhiere\nper raggiungere il traguardo!	Deslize nos trilhos para alcançar o objetivo!	¡Deslízate en rieles\npara llegar a la meta!	Użyj Szynowania\naby dotrzeć do mety!	使用滑軌\n前往終點吧！	Hedefe ulaşmak için\nTaşlama kullan!	Använd Grinding\nför att nå målet!		Доберитесь до финиша,\nскользя по рельсам!
mission_description_speed_break	Use Speed Break\nto reach the goal!	スピードブレイクを使い\nゴールに向かえ！	¡Utiliza el Impulso\npara llegar a la meta!	Nutze Speed Break,\num das Ziel zu erreichen!		Usa la Rottura della Velocità\nper raggiungere il traguardo!	Use o Impulso Veloz para alcançar o objetivo!	¡Usa el Speed Break para llegar a la meta!	Użyj Zryw Pędu\naby dotrzeć do mety!	使用速度突破\n前往終點吧！	Hedefe ulaşmak için\nHız Kırmayı kullan!	Använd Fartbrytning\nför att nå målet!		Доберитесь до финиша\nс помощью ускорения!
mission_description_time_break	Use Time Break\nto reach the goal!	タイムブレイクを使い\nゴールに向かえ！	¡Utiliza la Ralentización\npara llegar a la meta!	Nutze Time Break,\num das Ziel zu erreichen!		Usa la Rottura del Tempo\nper raggiungere il traguardo!	Use o Atraso Temporal para alcançar o objetivo!	¡Usa el Time Break para llegar a la meta!	Użyj Zryw Czasu\naby dotrzeć do mety!	使用時間突破\n前往終點吧！	Hedefe ulaşmak için\nZaman Dondurmayı kullan!	Använd Tidsbrytning\nför att nå målet!		Доберитесь до финиша\nс помощью замедления!
mission_description_volcano_slider	Use Volcano Slider\nto defeat 3 enemies!	ボルカノスライダーで\nマジンを３体倒せ！	¡Usa el Deslizamiento Volcán para derrotar a 3 enemigos!	Nutze Vulkan-Rutscher,\num 3 Gegner zu besiegen!		Usa lo Scivolata Vulcanica\nper sconfiggere 3 nemici!	Use o Deslizamento Vulcânico para derrotar 3 inimigos!	¡Usa el Derrape vulcano\npara vencer 3 enemigos!	Użyj Wulkanicznego Ślizgu\naby pokonać 3 przeciwników!	使用火山滑行\n打倒3位敵人吧！	3 düşman yenmek için\nVolkan Kayıcı kullan!	Använd Vulkanslider\nför att besegra 3 fiender!		Одолейте трёх злых духов с помощью\n"""Атакующего скольжения"""!
mission_description_perfect_homing_attack	Use Perfect Homing Attacks\nto defeat 3 enemies!	パーフェクトストライクで\nマジンを３体倒せ！	¡Usa Ataques Teledirigidos Precisos\npara derrotar a 3 enemigos!	Nutze Perfekte Homing Attacks,\num 3 Gegner zu besiegen!		Usa l'Attacco a Ricerca Perfetto\nper sconfiggere 3 nemici!	Use Ataques Direcionados Perfeitos para derrotar 3 inimigos!	¡Usa Ataques teledirigidos perfectos\npara vencer 3 enemigos!	Użyj Perfekcyjnego Ataku Naprowadzającego\naby pokonać 3 przeciwników!	使用完美追蹤攻擊\n打倒3位敵人吧！	3 düşman yenmek için\nKusursuz Güdümlü Saldırı kullan!	Använd Perkfekta Homing Attacker\nför att besegra 3 fiender!		Одолейте трёх злых духов с помощью\n"""Идеальной Самонаводящейся атаки"""!
mission_description_fire_gaze	Use Fire Gaze\nto break 20 boxes!	フャイヤーゲイズを使い\n木箱を２０個壊せ！	¡Utiliza la Mirada Ardiente\npara romper 20 cajas!	Nutze Feuerblick,\num 20 Kisten zu zerbrechen!		Usa Sguardo Infuocato\nper rompere 20 scatole!	Use o Olhar Ardente para quebrar 20 caixas!	¡Usa la Mirada de fuego\npara romper 20 cajas!	Użyj Ogniste Spojrzenie\naby zniszczyć 20 pudełek!	使用火焰凝視\n破壞20個箱子吧！	20 kutuyu kırmak için\nAteş Bakışı'nı kullan!	Använd Eldblick\för att ha sönder 20 lådor!		Сломайте 20 коробок во время отмены\nпрыжка с помощью """Огненного взора"""!
mission_description_down_cancel	Use Down Cancel\nto reach the goal!	ダウンキャンセルを使い\nゴールに向かえ！	¡Usa Antiderribos\npara llegar a la meta!	Nutze Knockdown Abbruch,\num das Ziel zu erreichen!		Usa Balzo Aereo\nper raggiungere il traguardo!	Use a Retomada para alcançar o objetivo!	¡Cancela los daños recibidos\ny llega a la meta!	Użyj Anulowanie Powalenia\naby dotrzeć do mety!	使用追蹤攻擊\n前往終點吧！	Hedefe ulaşmak için\nAşağı İptal özelliğini kullan!	Använd Ned Avbrytning\nför att nå målet!		Доберитесь до финиша,\nприменив """Восстановление при уроне"""!
mission_description_backflip	Use Backflip\nto gather 25 Rings!	バックフリップを使い\nリングを２５個集め！	¡Utiliza Volteretas hacia Atrás\npara acumular 25 Anillos!	Nutze Rückwärtssalto,\num 25 Ringe zu sammeln!		Usa la Capriola all'Indietro\nper collezionare 25 anellI!	Use a Esquiva para coletar 25 anéis!	¡Haz volteretas hacia atrás\npara reunir 25 Anillos!	Użyj Przewrotu w Tył\naby zebrać 25 pierścieni!	使用翻跟斗\n來收集25枚金環吧！	25 tane yüzük toplamak için\nters taklaları kullan!	Använd Bakåtvolt\nför att samla 25 ringar!		Соберите 25 колец с помощью прыжка назад!
mission_description_splash_jump	Use Splash Jump\nto reach the goal!	スプラッシュジャンプを使い\nゴールに向かえ！	¡Utiliza el Salto de Respaldo\npara llegar a la meta!	Nutze Splash Jump,\num das Ziel zu erreichen!		Usa Salto Splash\nper raggiungere il traguardo!	Use o Pulo Suplementar para alcançar o objetivo!	¡Usa el Salto parkour\npara llegar a la meta!	Użyj Skoku Rozpryskowego\naby dotrzeć do mety!		Hedefe ulaşmak için\nÇırpınma Zıplaması kullan!	Använd Plaskhopp\nför att nå målet!		Доберитесь до финиша,\nприменив """Прыжок при столкновении"""!
mission_description_rocket_start	Use Rocket Start\nto reach the goal!	ロケットスタートを使い\nゴールに向かえ！	¡Utiliza la Salida Cohete\npara llegar a la meta!	Nutze Raketen-Start,\num das Ziel zu erreichen!		Usa Inizio a Razzo\nper raggiungere il traguardo!	Use a Largada Foguete para alcançar o objetivo!	¡Usa el Inicio cohete\npara llegar a la meta!	Użyj Rakietowy Start\naby dotrzeć do mety!		Hedefe ulaşmak için\nRoket Başlangıcı kullan!	Använd Raketstart\nför att nå målet!		Используйте """Стартовый разгон"""\nи доберитесь до финиша!
mission_description_quick_step	Use Quick Step\nto reach the goal!	クイックステップを使い\nゴールに向かえ！	¡Utiliza el Paso Rápido\npara llegar a la meta!	Nutze Quick Step,\num das Ziel zu erreichen!		Usa Passo Veloce\nper raggiungere il traguardo!	Use o Deslocamento Rápido para alcançar o objetivo!	¡Usa el Paso rápido\npara llegar a la meta!	Użyj Szybkiego Kroku\naby dotrzeć do mety!		Hedefe ulaşmak için\nHızlı Adımları kullan!	Använd Snabbsteg\nför att nå målet!		Используйте """Шаг в сторону"""\nи доберитесь до финиша!
mission_description_quick_slide	Use Quick Slide\nto reach the goal!	クイックスライドを使い\nゴールに向かえ！	¡Utiliza el Deslizamiento Rápido\npara llegar a la meta!	Nutze Quick Slide,\num das Ziel zu erreichen!		Usa Scivolata Veloce\n per raggiungere il traguardo!	Use o Deslizamento Rápido para alcançar o objetivo!	¡Usa el Deslizamiento rápido\npara llegar a la meta!	Użyj Szybkiego Wślizgu\naby dotrzeć do mety!		Hedefe ulaşmak için\nHızlı Kaymayı kullan!	Använd Snabbglid\för att nå målet!		Используйте """Плавное скольжение"""\nи доберитесь до финиша!
mission_description_time_attack1	Clear the stage\nas quickly as possible!	タイムアタック　１\nステージを最速で駆けめけろ！	¡Completa el nivel\ntan rápido como puedas!	Schließe das Level so\nschnell wie möglich ab!		Completa il livello\n il più velocemente possibile!	Complete a fase\no mais rápido possível!	Contrarreloj 1: ¡Recorre el nivel\ntan rápido como puedas!	Ukończ etap\ntak szybko, jak możesz!	以最快速度通關吧！	Olabildiğince hızlı şekilde\nbölümü bitir!	Klara banan\nså snabbt som möjligt!		Пройдите мир как можно быстрее!
mission_description_time_attack2	Clear the stage\nas quickly as possible!	タイムアタック　２\nステージを最速で駆けめけろ！	¡Completa el nivel\ntan rápido como puedas!	Schließe das Level so\nschnell wie möglich ab!		Completa il livello\n il più velocemente possibile!	Complete a fase\no mais rápido possível!	Contrarreloj 2: ¡Recorre el nivel\ntan rápido como puedas!	Ukończ etap\ntak szybko, jak możesz!	以最快速度通關吧！	Olabildiğince hızlı şekilde\nbölümü bitir!	Klara banan\nså snabbt som möjligt!		Пройдите мир как можно быстрее!
														
mission_description_deathless	Don't Get Defeated!	1度もたおれずに進め！	¡No Seas Derrotado!	Lass dich nicht besiegen!	Ne perds pas!	Non Farti Sconfiggere!	Mantenha-se Vivo!	¡Avanza sin ser derrotado!	Nie Daj Się Pokonać!	別被擊倒！	Yenilme!	Bli Inte Besegrad!		Пройдите, ни разу не умерев!
mission_description_perfect	Don't Take Any Damage!	ダメージをうけずに進め！	¡No Sufras Ningún Daño!	Erleide keinen Schaden!	Ne prends aucun dégât !	Non Subire Alcun Danno!	Não Tome Dano!	¡No recibas daño!	Nie Odnieś Żadnych Obrażeń!	別受到任何攻擊！	Hiç Hasar Alma!	Ta Ingen Skada!		Пройдите, не получив урон!
mission_description_race	Beat Uhu to the Goal!	ウーフーより先にゴールへ！	¡Llega a la Meta antes que Uhu!	Erreiche das Ziel vor Uhu!	Bats Uhu le génie du vent !	Batti Uhu fino al Traguardo!	Vença Uhu na Corrida!	¡Llega antes que Uhu a la meta!	Pokonaj Uhu w Wyścigu!	比烏福先到終點！	Hedef için Uhu'yu yen!	Slå Uhu Till Målet!		Доберитесь до финиша раньше Уху!
mission_description_ringless	Finish With 0 Rings!	リング0個でゴールへ進め！	¡Cruza la Meta con 0 Anillos!	Beende mit 0 Ringen!	Termine avec 0 Rings !	Concludi Senza Anelli!	Termine Com 0 Anéis!	¡Termina sin Anillos!	Skończ z 0 Pierścieniami!	以0枚金環通關！	0 Yüzükle Bitir!	Slutför Med 0 Ringar!		Доберитесь до финиша без колец!
mission_description_pearless	Don't Collect Any Pearls!	パールを取らずに進め！	¡No Obtengas Ninguna Perla!	Sammle keine Perlen!	Ne récupère aucune perle !	Non Collezionare Perle!	Não Colete Nenhuma Pérola!	¡No juntes ni una Perla!	Nie Zbierz Żadnej Perły!	別收集任何魂珠！	Hiçbir İnci Toplama!	Samla Inga Pärlor!		Пройдите, не собирая жемчужины!
mission_description_enemyless	Don't Defeat Any Enemies!	マジンをたおさずにいそげ！	¡No Derrotes a Ningún Enemigo!	Besiege keine Gegner!	Ne bat aucun ennemi !	Non Sconfiggere Nemici!	Não Derrote Nenhum Inimigo!	¡No venzas a ningún enemigo!	Nie Pokonaj Żadnego Przeciwnika!	別擊敗任何敵人！	Hiçbir Düşman Yenme!	Besegra Inga Fiender!		Пройдите, не убив ни одного злого духа!
														
mission_description_enemy_1	Defeat 1 Enemy!	マジンを1体たおせ！	¡Derrota a un Enemigo!	Besiege 1 Gegner!	Bats 1 ennemi !	Sconfiggi 1 Nemico!	Derrote 1 Inimigo!	¡Derrota 1 enemigo!	Pokonaj 1 Przeciwnika!	擊敗1個敵人！	1 Düşman Yen!	Besegra 1 Fiende!		Одолейте одного злого духа!
mission_description_enemy_10	Defeat 10 Enemies!	マジンを10体たおせ！	¡Derrota a 10 Enemigos!	Besiege 10 Gegner!	Bats 10 ennemis !	Sconfiggi 10 Nemici!	Derrote 10 Inimigos!	¡Derrota 10 enemigos!	Pokonaj 10 Przeciwników!	擊敗10個敵人！	10 Düşman Yen!	Besegra 10 Fiender!		Одолейте 10 злых духов!
mission_description_enemy_15	Defeat 15 Enemies!	マジンを15体たおせ！	¡Derrota a 15 Enemigos!	Besiege 15 Gegner!	Bats 15 ennemis !	Sconfiggi 15 Nemici!	Derrote 15 Inimigos!	¡Derrota 15 enemigos!	Pokonaj 15 Przeciwników!	擊敗15個敵人！	15 Düşman Yen!	Besegra 15 Fiender!		Одолейте 15 злых духов!
mission_description_enemy_20	Defeat 20 Enemies!	マジンを20体たおせ！	¡Derrota a 20 Enemigos!	Besiege 20 Gegner!	Bats 20 ennemis !	Sconfiggi 20 Nemici!	Derrote 20 Inimigos!	¡Derrota 20 enemigos!	Pokonaj 20 Przeciwników!	擊敗20個敵人！	20 Düşman Yen!	Besegra 20 Fiender!		Одолейте 20 злых духов!
mission_description_enemy_40	Defeat 40 Enemies!	マジンを40体たおせ！	¡Derrota a 40 Enemigos!	Besiege 40 Gegner!	Bats 40 ennemis !	Sconfiggi 40 Nemici!	Derrote 40 Inimigos!	¡Derrota 40 enemigos!	Pokonaj 40 Przeciwników!	擊敗40個敵人！	40 Düşman Yen!	Besegra 40 Fiender!		Одолейте 40 злых духов!
														
mission_description_ring_10	Gather 10 Rings!	リングを10個あつめろ！	¡Acumula 10 Anillos!	Sammle 10 Ringe!	Récupère 10 Rings !	Ottieni 10 Anelli!	Colete 10 Anéis!	¡Junta 10 Anillos!	Zbierz 10 Pierścieni!	收集10枚金環！	10 Yüzük Topla!	Samla 10 Ringar!		Соберите 10 колец!
mission_description_ring_25	Gather 25 Rings!	リングを25個あつめろ！	¡Acumula 25 Anillos!	Sammle 25 Ringe!	Récupère 25 Rings !	Ottieni 25 Anelli!	Colete 25 Anéis!	¡Junta 25 Anillos!	Zbierz 25 Pierścieni!	收集25枚金環！	25 Yüzük Topla!	Samla 25 Ringar!		Соберите 25 колец!
mission_description_ring_50	Gather 50 Rings!	リングを50個あつめろ！	¡Acumula 50 Anillos!	Sammle 50 Ringe!	Récupère 50 Rings !	Ottieni 50 Anelli!	Colete 50 Anéis!	¡Junta 50 Anillos!	Zbierz 50 Pierścieni!	收集50枚金環！	50 Yüzük Topla!	Samla 50 Ringar!		Соберите 50 колец!
mission_description_ring_80	Gather 80 Rings!	リングを80個あつめろ！	¡Acumula 80 Anillos!	Sammle 80 Ringe!	Récupère 80 Rings !	Ottieni 80 Anelli!	Colete 80 Anéis!	¡Junta 80 Anillos!	Zbierz 80 Pierścieni!	收集80枚金環！	80 Yüzük Topla!	Samla 80 Ringar!		Соберите 80 колец!
mission_description_ring_99	Gather 99 Rings!	リングを99個あつめろ！	¡Acumula 99 Anillos!	Sammle 99 Ringe!	Récupère 99 Rings !	Ottieni 99 Anelli!	Colete 99 Anéis!	¡Junta 99 Anillos!	Zbierz 99 Pierścieni!	收集99枚金環！	99 Yüzük Topla!	Samla 99 Ringar!		Соберите 99 колец!
mission_description_ring_100	Gather 100 Rings!	リングを100個あつめろ！	¡Acumula 100 Anillos!	Sammle 100 Ringe!	Récupère 100 Rings 	Ottieni 100 Anelli!	Colete 100 Anéis!	¡Junta 100 Anillos!	Zbierz 100 Pierścieni!	收集100枚金環！	100 Yüzük Topla!	Samla 100 Ringar!		Соберите 100 колец!
														
mission_description_ring_chain_30	Chain Together 30 Rings!	リングチェインを30チェイン決めろ！	¡Encadena 30 Anillos!	Kette 30 Ringe aneinander!	Enchaîne 30 Rings ! 	Concatena 30 Anelli!	Sequencie 30 Anéis!	¡Consigue 30 cadenas de Anillos!	Zbierz 30 Pierścieni w Łańcuchu!	連續獲得30枚金環吧！	30 Yüzüğü Birbirine Bağla!	Kedja Ihop 30 Ringar!		Соберите цепь из 30 колец!
mission_description_ring_chain_50	Chain Together 50 Rings!	リングチェインを50チェイン決めろ！	¡Encadena 50 Anillos!	Kette 50 Ringe aneinander!	Enchaîne 50 Rings ! 	Concatena 50 Anelli!	Sequencie 50 Anéis!	¡Consigue 50 cadenas de Anillos!	Zbierz 50 Pierścieni w Łańcuchu!	連續獲得50枚金環吧！	50 Yüzüğü Birbirine Bağla!	Kedja Ihop 50 Ringar!		Соберите цепь из 50 колец!
mission_description_ring_chain_60	Chain Together 60 Rings!	リングチェインを60チェイン決めろ！	¡Encadena 60 Anillos!	Kette 60 Ringe aneinander!	Enchaîne 60 Rings ! 	Concatena 60 Anelli!	Sequencie 60 Anéis!	¡Consigue 60 cadenas de Anillos!	Zbierz 60 Pierścieni w Łańcuchu!	連續獲得60枚金環吧！	60 Yüzüğü Birbirine Bağla!	Kedja Ihop 60 Ringar!		Соберите цепь из 60 колец!
mission_description_ring_chain_100	Chain Together 100 Rings!	リングチェインを100チェイン決めろ！	¡Encadena 100 Anillos!	Kette 100 Ringe aneinander!	Enchaîne 100 Rings ! 	Concatena 100 Anelli!	Sequencie 100 Anéis!	¡Consigue 100 cadenas de Anillos!	Zbierz 100 Pierścieni w Łańcuchu!	連續獲得100枚金環吧！	100 Yüzüğü Birbirine Bağla!	Kedja Ihop 100 Ringar!		Соберите цепь из 100 колец!
														
mission_description_time_45	Finish Within 45 Seconds!	45秒以内に進め！	¡Llega a la Meta en menos de 45 Segundos!	Beende in 45 Sekunden!	Termine en moins de 45 secondes !	Concludi Entro 45 Secondi!	Termine em 45 Segundos!	¡Termina en menos de 45 segundos!	Skończ w 45 Sekund!	45秒以內完成關卡！	45 Saniye İçinde Bitir!	Slutför Inom 45 Sekunder!		Доберитесь до финиша за 45 секунд!
mission_description_time_90	Finish Within 90 Seconds!	90秒以内に進め！	¡Llega a la Meta en menos de 90 Segundos!	Beende in 90 Sekunden!	Termine en moins de 90 secondes !	Concludi Entro 90 Secondi!	Termine em 90 Segundos!	¡Termina en menos de 90 segundos!	Skończ w 90 Sekund!	90秒以內完成關卡！	90 Saniye İçinde Bitir!	Slutför Inom 90 Sekunder!		Доберитесь до финиша за 90 секунд!
mission_description_time_100	Finish Within 100 Seconds!	100秒以内に進め！	¡Llega a la Meta en menos de 100 Segundos!	Beende in 100 Sekunden!	Termine en moins de 100 secondes !	Concludi Entro 100 Secondi!	Termine em 100 Segundos!	¡Termina en menos de 100 segundos!	Skończ w 100 Sekund!	100秒以內完成關卡！	100 Saniye İçinde Bitir!	Slutför Inom 100 Sekunder!		Доберитесь до финиша за 100 секунд!
mission_description_time_120	Finish Within 120 Seconds!	120秒以内に進め！	¡Llega a la Meta en menos de 120 Segundos!	Beende in 120 Sekunden!	Termine en moins de 120 secondes !	Concludi Entro 120 Secondi!	Termine em 120 Segundos!	¡Termina en menos de 120 segundos!	Skończ w 120 Sekund!	120秒以內完成關卡！	120 Saniye İçinde Bitir!	Slutför Inom 120 Sekunder!		Доберитесь до финиша за 120 секунд!
														
mission_description_lp_main	Find Erazor Djinn!	イレイザー・ジンを探しだせ！	¡Encuentra a Erazor el Yinn!	Finde den Erazor Djinn!		Trova Erazor Djinn!	Encontre o Erazor Djinn!	¡Encuentra a Erazor, el Genio!	Znajdż Erazora Dżina!	尋找伊萊薩！	Erazor Cini Bul!			Найдите Эрейзора Джинна!
mission_description_so_main	Head to King Shahryar's Palace!	シャフリヤール王宮へいそげ！	¡Dirígete al Palacio del Sultán Shahriar!	Gehe zu König Shahryas Palast!	Pars au Palais du Roi Shahyar ! 	Vai verso il Palazzo del Re Shahriyar!	Encontre o Palácio do Rei Xariar!	¡Ve al palacio del sultán Shahriar!	Udaj się do Pałacu Króla Shahryar'a!	抵達山魯亞爾國王的宮殿！	Kral Shahyar'ın Sarayına Git!	Gå till Kung Shahryars Palats!		Дойдите до дворца царя Шахрияра!
mission_description_so_jar	Break 5 Jars!	ツボを5個こわせ！	¡Rompe 5 Jarrones!	Zerbrich 5 Krüge!	Casse 5 Jarres !	Rompi 5 Anfore!	Quebre 5 Vasos!	¡Rompe 5 jarrones!	Zniszcz 5 Dzbanków!	打破5個陶壺！	5 Kavanoz Kır!	Slå Sönder 5 Krukor!		Разбейте 5 кувшинов!
mission_description_so_jarless	Don't Break Any Jars!	ツボをわらずに進め！	¡No Rompas Ningún Jarrón!	Zerbrich keine Krüge!	Ne casse aucune jarre !	Non Rompere Alcuna Anfora!	Não Quebre Nenhum Vaso!	¡No rompas ningún jarrón!	Nie Zniszcz Żadnych Dzbanków!	不要打破任何陶壺！	Hiçbir Kavanoz Kırma!	Slå Inte Sönder Några Krukor!		Пройдите, не разбив ни одного кувшина!
mission_description_so_boss	Battle! Sand Scorpion!	対決!サンドスコーピオン！	¡Lucha contra el Escorpión de las Arenas!	Kämpfe! Sand Scorpion!	Bats le Scorpion de Sable ! 	Battaglia Contro lo Scorpione delle Sabbie!	Derrote Sand Scorpion!	¡Pelea! ¡Es el Escorpión de la Arena!	Bitwa! Skorpion Piaskowy!	對決！沙漠巨蠍！	Dövüş! Kum Akrebiyle!	Strid! Sandskorpionen!		Битва с песчаным скорпионом!
														
mission_description_dj_main	Follow the Pterosaur!	いそいで翼竜を追え！	¡Sigue al Pterosaurio!	Verfolge den Flugsaurier!	Suis le Ptétosaure ! 	Segui Il Pterosauro!	Siga o Pterossauro!	¡Deprisa, sigue al pterosaurio!	Podążaj za Pterozaurem!	追上翼龍！	Pterosaur'u takip et!	Följ efter Pterosaurien!		Поскорее догоните птерозавра!
mission_description_dj_genie_eggs	Smash 5 Spirit Eggs!	マジンの卵を5個こわせ！	¡Rompe 5 Huevos de Espíritu!	Zerschlage 5 Seeleneier!	Brise 5 Esprits d'oeufs ! 	Distruggi 5 Uova di Spirito!	Destrua 5 Ovos Espirituais!	¡Rompe 5 huevos de majin!	Rozbij 5 Duchowych Jaj!	打碎5個精靈蛋！	5 Ruh Yumurtası Kır!	Krossa 5 Andeägg!		Разбейте 5 яиц злых духов!
mission_description_dj_dino_eggs	Return the Dinosaur Eggs to their nests!	恐竜の巣に卵を運べ！	¡Recupera los Huevos de Dinosaurio!	Bringe die Dinosaurier Eier zum Nest!	Remettez les œufs de dinosaures dans leurs nids !	Restituisci le Uova di Dinosauro ai loro nidi!	Recupere os Ovos de Dinossauro!	¡Lleva los huevos al nido del dinosaurio!	Zwróć Jaja Dinozaurów do ich gniazd!	把恐龍蛋放回巢穴！	Dinozor Yumurtalarını yuvalarına geri koy!	Lämna tillbaka Dinosaurieäggen till deras bon!		Отнесите яйца в гнёзда динозавров!
														
mission_description_ef_main	Head to the Center!	最深部へいそげ！	¡Dirígete al Núcleo!	Gehe zum Kern der Fabrik!	Pars au Centre ! 	Dirigiti al Centro!	Chegue até o Centro!	¡Corre a las profundidades!	Udaj się do Centrum!	抵達最深處！	Merkeze Git!	Gå till Mitten!		Пройдите вглубь дворца!
mission_description_ef_time	Find the Exit in Time!	時間内に出口へいそげ！	¡Llega a la Salida dentro del Tiempo Límite!	Finde rechtzeitig den Ausgang!	Trouve la sortie avant le temps imparti ! 	Trova l'Uscita in Tempo!	Encontre a Saída a Tempo!	¡Corre y llega a tiempo a la salida!	Znajdź Wyjście na Czas!	在時限內抵達出口！	Zamanında Çıkışı Bul!	Hitta Utgången i Tid!		Найдите выход за отведённое время!
mission_description_ef_boss	Battle! Ifrit Golem!	対決!イフリートゴーレム！	¡Lucha contra el Gólem Ifrit!	Kämpfe! Ifrit Golem!	Bats le Golem Ifrit ! 	Battaglia Contro il Golem Ifrit!	Derrote Ifrit Golem!	¡Pelea! ¡Es el Ifrit Gólem!	Bitwa! Golem Ifrit!	對決！伊弗利特巨像！	Dövüş! İfrit Golemiyle!	Strid! Ifrit-Golemen!		Битва с Ифритом!
														
mission_description_lr_main	Find Sinbad!	シンドバッドを探しだせ！	¡Encuentra a Simbad!	Finde Sindbad!	Trouve Sinbad ! 	Trova Sinbad!	Encontre Simbad!	¡Encuentra a Simbad!	Znajdź Sinbada!	尋找辛巴達！	Sinbad'i Bul!	Hitta Sinbad!		Найдите Синдбада!
mission_description_lr_cage	Open Sinbad's Cage!	シンドバッドの牢をあけろ！	¡Libera a Simbad de su Jaula!	Öffne Sindbads Käfig!	Ouvre la Cage de Sinbad ! 	Apri la Gabbia di Sinbad!	Abra a Jaula de Simbad!	¡Abre la celda de Simbad!	Otwórz Klatkę Sinbada!	打開辛巴達的牢籠！	Sinbad'in Kafesini Aç!	Öppna Sinbads Bur!		Откройте клетку с Синдбадом!
														
mission_description_ps_main	Follow the Pirates!	嵐の海をこえ海賊団を追え！	¡Sigue a los Piratas!	Folge den Piraten!	Suis les Pirates ! 	Segui i Pirati!	Siga os Piratas!	¡Sigue a los piratas por los mares tormentosos!	Podążaj za Piratami!	在波濤洶湧的海域中追上海賊團！	Korsanları Takip Et!	Följ efter Piraterna!		Преодолейте морской шторм\nи догоните пиратов!
mission_description_ps_boss	Battle! Captain Bemoth!	対決!キャプテンベモス！	¡Lucha contra el Capitán Bimoz!	Kämpfe! Captain Bemoth!	Affronte le Capitaine Bemoth ! 	Battaglia Contro il Capitano Bemoth!	Derrote Captain Bemoth!	¡Pelea! ¡Es el Capitán Bémot!	Bitwa! Kapitan Bemoth!	對決！貝摩斯船長！	Dövüş! Kaptan Bemothla!	Strid! Kapten Bemoth!		Битва с капитаном Бемотом!
														
mission_description_sd_main	Find King Solomon!	ソロモン王をさがせ！	¡Encuentra al Rey Salomón!	Finde König Solomon!	Trouve le Roi Salomon !	Trova il Re Salomone!	Encontre o Rei Salomão!	¡Encuentra al Rey Salomón!	Znajdź Króla Solomona!	尋找所羅門王！	Kral Solomon'u Bul!	Hitta Kung Solomon!		Найдите царя Соломона!
mission_description_sd_bones	Find the King's Bones!	骸骨王の骨をあつめろ！	¡Encuentra los Huesos del Rey!	Finde die Knochen des Königs!	Suis les os du Roi ! 	Trova le Ossa del Re	Encontre os Ossos do Rei!	¡Recoge el esqueleto del rey!	Znajdź Kości Króla!	尋找骷髏王的骨骸！	Kral'ın Kemiklerini Bul!	Hitta Kungens Ben!		Соберите кости царя!
					 									
mission_description_np_main	Sneak Into the Palace!	宮殿の最深部へ突入しろ！	¡Infíltrate en el Palacio!	Schleiche durch den Palast!	Infiltre toi dans le Palais ! 	Infiltrati nel Palazzo!	Invada o Palácio!	¡Irrumpe en lo profundo del palacio!	Zakradnij Się do Pałacu!	潛入宮殿的最深處！	Saraya Gizlice Gir!	Smyg In till Palatset!		Проникните во дворец!
mission_description_np_boss	Battle! Erazor Djinn!	対決!イレイザー・ジン！	¡Lucha contra el Erazor el Yinn!	Kämpfe! Erazor Djinn!	Affronte Erazor Djinn ! 	Battaglia contro Erazor Djinn!	Derrote o Erazor Djinn!	¡Pelea! ¡Es Erazor, el Genio!	Bitwa! Erazor Dżin!	對決！伊萊薩！	Dövüş! Erazor Djinle!	Strid! Erazor-Djinn!		Битва с Эрейзором Джинном!
mission_description_np_last	It's the Final Battle!	ラスト　チャプター！	¡La Batalla Final!	Der finale Kampf!	Le Combat Final !	È la Battaglia Finale!	A Batalha Final!	¡Último capítulo!	Bitwa Ostateczna!	最終對決！	Bu Son Dövüş!	Det är Sista Striden!		Битва с Альф-Лейла-ва-Лейла!
														
														
common_start_so	Let's go, Shahra!	いくぜシャーラ！	¡Vamos, Shara!	Fertig, Shahra?!	Allons-y Shahra !	Andiamo Shahra!	Vamos nessa, Shahra!	¡Vamos, Shahra!	Do dzieła, Shahra!	走吧，夏拉！	Hadi gidelim Shahra!	Låt oss gå, Shahra!		Погнали, Шахра!
common_start2_so	All right,\nlet's get started!	それじゃあ　はじめるとするか！	¡Venga!,\n¡a por todas!	OK, lass uns loslegen!	D'accord, commençons ! 	Bene,\niniziamo!	Beleza, \npartiu!	Muy bien, ¡empecemos!	W porządku,\nzaczynajmy!	好，我們開始吧！	Pekala,\nhadi başlayalım!	Okej, \nlåt oss börja!		Ну что ж, начнём?
common_start3_so	All right,\nlet's go!	気合入れていくぜ！	Bien,\n¡allá vamos!	OK, los geht's!	Très bien,\n c'est parti !	Bene,\nAndiamo!	Beleza, \nvamos nessa!	¡Manos a la obra!	W porządku,\ndo dzieła!	好，我們走吧！	Pekala,\nhadi gidelim!	Okej, \nlåt oss gå!		Я приложу все усилия!
common_start4_so	Here we go, Shahra!	飛ばすぜシャーラ！	¡Al lío, Shara!	Auf geht's, Shahra!	On y va, Shahra !	Ci siamo Shahra!	Lá vamos nós, Shahra!	¡Sígueme, Shahra!	Ruszamy, Shahra!	走囉，夏拉！	İşte gidiyoruz, Shahra!	Här kör vi, Shahra!		Шахра, я полетел!
common_start_sh	Be careful, Sonic!	気をつけてねソニック！	¡Ten cuidado, Sonic!	Sei vorsichtig, Sonic!	Sois prudent, Sonic !	Sta attento Sonic!	Cuidado, Sonic!	¡Ten cuidado, Sonic!	Ostrożnie, Sonic!	要小心喔，索尼克！	Dikkatli ol, Sonic!	Var försiktig, Sonic!		Будь осторожен, Соник!
common_start2_sh	Good luck, Sonic!	がんばってねソンック！	¡Mucha suerte, Sonic!	Viel Glück, Sonic!	Bonne chance Sonic !	Buona fortuna, Sonic!	Boa sorte, Sonic!	¡Da lo mejor, Sonic!	Powodzenia, Sonic!	祝好運，索尼克！	İyi şanslar, Sonic!	Lycka till, Sonic!		Удачи, Соник!
common_start3_sh	This is going to be fun!	期待してるわよ！	¡Esto promete!	Das wird ein Spaß!	Ca va être amusant ! 	Questo sarà divertente!	Isso vai ser divertido!	¡Cuento contigo!	To będzie świetna zabawa!	這下好玩囉！	Bu eğlenceli olacak!	Det här kommer att bli kul!		Я надеюсь на тебя!
common_start4_sh	Sonic, slow down!	ほどほどにねソニック！	Sonic,\n¡no vayas tan rápido!	Sonic, nicht so schnell!	Sonic, ralenti !	Sonic, rallenta!	Calma, Sonic!	¡Tranquilo, Sonic!	Sonic, zwolnij!	索尼克，慢點！	Sonic, yavaşla!	Sonic, sakta ner!		Соник, притормози!
common_advice_so	What should we do, Shahra?	どうするシャーラ？	¿Y ahora qué, Shara?	Was jetzt, Shahra?	Que devrions-nous faire, Shahra ?	Cosa dovremmo fare, Shahra?	O que vamos fazer, Shahra?	¿Qué hacemos, Shahra?	Co powinniśmy zrobić, Shahra?	夏拉，我們該怎麼辦？	Ne yapmalıyız, Shahra!	Vad borde vi göra, Shahra!		Что будем делать, Шахра?
common_advice_sh	Keep going, of course!	もちろん　行くしかないででっしょう！	¡Hemos de seguir avanzando!	Weiterlaufen, natürlich.	On continue, bien sûr !	Continuare, ovviamente!	Seguir adiante, é claro!	¡Obvio, sólo podemos seguir!	Nie zwalniać tempa, oczywiście!	當然是繼續走囉！	Devam etmeliyiz, elbette!	Fortsätta, så klart!		Конечно идти! Другого выхода нет!
common_resolution_so	Let's do it!	一気にいくぜ！！	¡A por todas!	Na dann los!	Allons-y !	Facciamolo!	Vamos nessa!	¡¡Démoslo todo!!	Zróbmy to!	來做吧！	Hadi yapalım!	Låt oss göra det!		Сделаю всё сразу!
common_resolution_sh	Hey Sonic, wait!	ちょっ！　まってよソニック！！	¡Eh, Sonic!; ¡espera!	H-hey! Sonic, warte!	Hey Sonic, attends !	Ehi Sonic, aspetta!	Ei Sonic, espera!	Esp... ¡Espera, Sonic!	Hej Sonic, czekaj!	嘿索尼克，等等啊！	Hey Sonic, bekle!	Hörru Sonic, vänta!		Стой, Соник! Подожди!
common_unknown_so	What is it?	なんだこれ？	¿Qué pasa?	Was ist das?	Qu'y a-t-il ?	Che cosa c'è?	O que foi?	¿Qué es esto?	Co to jest?	怎麼了？	Bu nedir?	Vad är det?		Это ещё что?
common_unknown_sh	Hmm...What's that?	お　なにかしら？	Hum... ¿Qué es eso?	Hmm...Was ist das?	Hmm... Qu'est-ce que c'est ?	Hmm...Cos'è quello?	Hmm... O que é isso?	¿Ah? ¿Qué es eso?	Hmm... Co to?	嗯…那是什麼？	Hmm... Bu da ne?	Hmm... Vad är det där?		Хм? Что это?
common_confused_so	Hey! What's going on?	ヘーイ　なんだこりゃ？	¡Eh!, ¿que está pasando?	Hey! Was geht denn hier ab?!	Hé! Que se passe-t-il ?	Ehi! Cosa sta succedendo?	Ei! O que tá rolando?	¡Ey, ¿qué es esto?!	Hej! Co jest grane?	嘿！怎麼回事？	Hey! Neler oluyor?	Hörru! Vad är det som händer?		Эй, а это ещё что?
common_confused_sh	I think there's something we can do here.	ためしに何かしてみたら？	Debe de haber algo que podamos hacer...	Ich denke es gibt hier etwas, was wir tun können.	Je pense que nous pouvons faire quelque chose ici.	Penso che ci sia qualcosa che possiamo fare qui.	Acho que tem algo que podemos fazer aqui.	¿Hay algo que quieras intentar?	Myślę, że jest tu coś, co możemy zrobić.	我覺得我們可以在這裡做些什麼事。	Sanırım burada yapabileceğimiz bir şey var.	Jag tror det är något vi kan göra här.		Попробуй что-нибудь сделать.
common_concern_sh	Are you okay, Sonic?	大丈夫ソニック？	¿Estás bien, Sonic?	Alles in Ordnung, Sonic?	Ça va, Sonic ?	Stai bene, Sonic?	Você está bem, Sonic?	¿Estás bien, Sonic?	Nic ci nie jest, Sonic?	索尼克，你沒事吧？	İyi misin, Sonic?	Är du okej, Sonic?		Соник, всё хорошо?
common_concern2_sh	Don't strain yourself too much.	飛ばしすぎないでよ？	No te fuerzes hasta el límite.	Überanstrenge dich nicht!	Ne te fatigue pas trop !	Non sforzarti troppo.	Evite se esforçar demais.	No vayas tan rápido, ¿sí?	Nie nadwyrężaj się tak.	別做過頭囉。	Kendinizi çok fazla zorlama.	Änsträng dig inte för myckert!		Не лети так быстро!
common_confident_so	Just leave it to me!	なーにまかせとけって！	¡Tú déjamelo a mí!	Ich mach das schon!	Laisse-moi faire ! 	Lascia fare a me!	Deixa comigo!	¡Yo me encargo!	Po prostu zostaw to mnie!	就交給我吧！	Sadece bana bırak!	Bara lämna det till mig!		Конечно! Положись на меня!
common_goal_so	Let's head for the goal!	ゴールまで突っ走るぜ！	¡Dirijámonos a la meta!	Wir sind schon fast da!	Direction droit au but !	Andiamo verso il traguardo!	Partiu pro objetivo!	¡Corramos a la meta!	Ruszajmy do mety!	我們趕往終點吧！	Hadi hedefe gidelim!	Låt oss gå till målet!		Я бегу к финишу со всех ног!
common_dizzy_so	Wahoo!	ヒヤッホー！	¡Toma ya!	Wahuu!	Wahoo !	Wahoo!	Wahoo!	¡Guajúu!	Łuhu!	哇呼！	Wahoo!	Wahoo!		Ву-ху!
common_dizzy2_so	Yeah, excellent!	ＹＥＡＨ！　ゴキゲンだぜ！	¡Sí! ¡Genial!	Yeah, nur weiter so!	Ouais,excellent ! 	Sì, eccellente!	É isso aí!	¡Sí! ¡Súper bien!	Ta, ekstra!	Yeah！完美！	Evet, mükemmel!	Ja, utmärkt!		Йе-е-е-е! Отлично!
common_dizzy3_so	Yahoo!	ＹＡＨＯＯ！	¡Qué pasada!	Yahoo!	Yahoo !	Yahoo!	Yahoo!	¡Yajúu!	Juhu!	呀呼！	Yahoo!	Yahoo!		Йее-хуу!
common_dizzy_sh	Ahhhh!\nI'm getting dizzy!	やーっ！　目が回る～！！	¡Aaah!\n¡Qué mareo!	Aaaah! Mir wird schwindelig!	Ahhh !\nJ'ai le vertige !	Ahhhh!\nHo le vertigini!	Ahhhh!\nEu tô ficando zonza!	¡Ah...! ¡Estoy mareada!	Ahhhh!\nKręci mi się w głowie!	啊啊！我要暈了！	Ahhh!\nSersemliyorum!	Ahhhh!\nJag börjar bli yr!		Уа-а-а! Голова кружится!
common_dizzy2_sh	Eeeek!	きゃー！！	¡Aaah!	Aaaah!	Je crois que je vais vomir...	Eeeek!	Aaaah!	¡Ay...!	Aaaah!	伊呀呀！！	Eeeek!	Eeeek!		А-а-а-а-а!
common_dizzy3_sh	Wh-whooaa!	ちょ　ちょっとー！！	¡Aaah!	Wh-whoaa!	Ouah !	Wh-whoaa!	Aaaah!	¡E-Espera...!	Ł-Łoooł!	哇啊啊！	Wh-whooaa!	Wh-whooaa!		Уа-а-а!
common_secret_so	Yes! I knew it!	ＹＥＳ！　思ってとりだ	¡Sí! ¡Lo sabía!	Yes! Wie ich's mir dachte!	Ouais ! Je le savais !	Sì, lo sapevo!	Isso! Sabia!	¡Sí, justo como imaginé!	Tak! Wiedziałem!	讚啦！我就知道！	Evet! Biliyordum!	Ja! Jag visste det!		Да! Как я и думал!
common_secret_sh	You're lucky, Sonic!	ラッキーねソニック！	¡Qué suerte tienes, Sonic!	Du hast Glück, Sonic!	Tu es chanceux Sonic ! 	Sei fortunato Sonic!	Você é sortudo, Sonic!	¡Eres un suertudo, Sonic!	Szczęściarz z Ciebie, Sonic!	索尼克你真幸運！	Şanslısın, Sonic!	Du har tur, Sonic!		Повезло, Соник!
common_collect_so	Heheh, I'll take that!	へへ　いただきだぜ！	¡Ja,ja! ¡Me quedo con eso!	Hehe. Wenn's sonst keiner will!	Héhé, je prend ça ! 	Heheh, questo lo prendo io!	Heheh, bobeou, dançou! 	Jeje. ¡Me lo llevo!	Heh, wezmę to Sobie!	嘿，簡單啦！	Heheh, bunu alacağım!	Heheh, den tar jag!		Хе-хе, эту игру выиграл я!
common_collect_sh	Good job!	やるじゃない！	¡Bien hecho!	Gut gemacht!	Bon travail !	Ottimo lavoro!	Bom trabalho!	¡Nada mal!	Dobra robota!	做得好！	İyi iş!	Bra jobbat!		Ты молодец!
common_caution_so	Shahra, watch out!	来るぞ！　シャーラ！	¡Cuidado, Shara!	Shahra, pass auf!	Shahra, attention !	Shahra, attenta!	Shahra, cuidado!	¡Nos atacan, Shahra!	Shahra, uważaj!	夏拉，小心！	Shahra, dikkat et!	Shahra, akta dig!		Они наступают, Шахра!
common_caution_sh	Ahhh!	うわっ！！	¡Aaah!	Aah!	Ahhh!	Ahhh!	Ahhh!	¡Guaah...!	Ahhh!	啊啊啊！	Ahhh!	Ahhh!		А-а-а-а!
common_caution2_so	Let's be careful here.	ちょい気をつけていくか	Tengamos cuidado ahora.	Hier passen wir lieber auf.	Faisons attention ici.	Facciamo attenzione qui.	Vamos com cuidado aqui.	Aquí tengamos cuidado...	Bądżmy tutaj ostrożni.	我們小心點過去吧。	Hadi burada dikkatli olalım.	Låt oss vara försiktiga här.		Постараюсь быть осторожным.
common_caution2_sh	Proceed with caution.	ここからは慎重にいきましょ	Avanza con cuidado.	Sei vorsichtig hier.	Avançons attentivement.	Procedi con cautela.	Avance com cuidado.	Hay que avanzar con más cuidado.	Postępuj ostrożnie.	謹慎地前進吧。	Dikkatli ilerle.	Forsätt med varsamhet.		А теперь сосредоточься!
common_jump_so	Jump!	とぶぜ！	¡Salta!	Spring!	Saute ! 	Salta!	Pula!	¡A volar!	Skacz!	跳！	Zıpla!	Hopp!		Я полетел!
common_jump2_so	Yahoo!	ＹＡＨＯＯ！	¡Toma ya!	Yahoo!	Yahoo !	Yahoo!	Yahoo!	¡Yajúu!	Jupi!	呀呼！	Yahoo!	Yahoo!		Йее-хуу!
common_jump_sh	Okay!	ＯＫ！	¡Bien!	OK!	Ok ! 	Ok!	Ok!	¡Okey!	Okej!	OK！	Tamam!	Okej!		Окей!
common_jump2_sh	Hyahhh!	ひゃああああ	¡Aaah!	Jaaaa!	Hyahhh !	Hyahhh!	Riahhh!	¡Jíaaah!	Hjahhh!	哈呀啊啊！	Hyahhh!	Hyahhh!		И-а-а-а!
common_fall_so	Whoa!		¡Hala!	Whoa!	Ouah !	Whoa!	Uou!	¡Guau...!	Łoł!	哇嗚！	Whoa!	Whoa!		Уа-а-а-а!
common_fall2_so	Look out below!	急降下だぜ！	¡Mira abajo!	Vorsicht, da unten!	Regarde en-dessous ! 	Attenzione in basso!	Cuidado aí em baixo!	¡Está bastante alto!	Uwaga na dole!	下面的小心！	Aşağa bak!	See upp där nere!		Резкий спуск!
common_fall_sh	We're falling!	おちるわ！	¡Nos caemos!	Wir fallen!	On tombe !	Stiamo cadendo!	Estamos caindo!	¡Nos caemos!	Spadamy!	我們要摔下去了！	Düşüyoruz!	Vi faller!		Ты падаешь!
common_fall2_sh	Ahhhh!	やーん！	¡Aaah!	Aaah!	Ahhh !	Ahhhh!	Ahhhh!	¡Aaah...!	Ahhhh!	啊啊啊！	Ahhhh!	Ahhhh! 		А-а-а-а-а!
common_recovery_so	Heh, no problem!	どうってことないさ！	¡Je! ¡Sin un rasguño!	Ha! Kein Problem!	Hehe, aucun problème !	Heh, nessun problema!	Heh, sem problemas!	¡No fue para tanto!	Heh, żaden problem!	嘿，沒問題啦！	Heh, sıkıntı yok!	Heh, inga problem!		Всё обошлось!
common_recovery2_so	Had me worried there for a second.	ちょっと　今のはやばかったかな	Que susto me acabo de llevar...	Woah. Knappe Kiste, dass!	J'ai eu peur sur le coup.	Mi hai fatto preoccupare per un attimo.	Fiquei preocupado por um instante.	Vaya, la vimos cerca...	Martwiłem się tam przez chwilę.	害我擔心了一下呢。	Beni biraz olsun endişelendirdin.	Du gjorde mig orolig för en stund där.		Да, это было опасно!
common_recovery_sh	That was close!	あぶなかったわね！	¡Por poco!	Das war knapp!	C'est pas passé loin !	Per un pelo!	Essa foi por pouco!	Ah... ¡Por poco!	Było blisko!	剛才好險！	Bu yakındı!	Det var nära!		Это было опасно!
common_recovery2_sh	Talk about a close call!	危機一髪ってカンジね	¡Ha estado cerca!	Das war eine knappe Sache!	Quelle situation !	Parlando di situazioni rischiose!	Essa foi por um triz!	Estuvo cerca, ¿no?	O mały włos!	真是好險呢！	Çok yakın bir tehlikeden bahsediyoruz!	Snacka om nära ögat!		Ты был на волоске!
common_worry_so	Hey, don't worry!		Hey, ¡no te preocupes!	Hey, mach dir keinen Kopf!	Hey, t'inquiète !	Ehi, non preoccuparti!	Ei, não se preocupa!	¡No te preocupes!	Hej, nie martw się!	嘿，別擔心啦！	Hey, endişelenme!	Hörru, oroa dig inte!		Не беспокойся!
common_worry_sh	Sonic, are you alright?	ちょっと　大丈夫ソニック？	Sonic, ¿estás bien?	Sonic, geht es dir gut?	Sonic, ça va ?	Sonic, Stai bene?	Sonic, você está bem?	Oye, ¿estás bien, Sonic?	Sonic, wszystko w porządku?	索尼克，你還好嗎？	Sonic, iyi misin?	Sonic, är du okej!		Соник, ты в порядке?
common_lap_sh	That's one lap!	一周したわね	¡Ya llevas una vuelta!	Das war eine Runde!	C'était le premier tour !	Questo è un giro!	Completamos uma volta!	¡Completamos una vuelta!	To było pierwsze okrążenie!	一圈完成！	Bu bir tur!	Det var ett varv!		Ты сделал круг!
common_lap_so	One down, more to go!	みたいだな！	Esa es la primera;\n¡a por la siguiente!	Erste Runde, abgehakt!	Un de moins, au suivant !	Uno giù, passiamo al prossimo!	Uma já foi, e ainda tem mais!	¡Eso parece!	Jedno z głowy, więcej przed nami!	再來繼續把剩下的跑完！	Biri gitti, daha gidilecek var!	En avklarad, flera kvar!		Похоже на то!
common_end_so	All right!	ＡＬＬ　ＲＩＧＨＴ！	¡Nada mal!	OK!	Super !	Bene!	Beleza!	¡Muy bien!	Jasne!	好耶！	Pekala!	Okej!		Хорошо!
common_end_sh	Just a little more, Sonic!	あと少しよソニック！	¡Ya casi está. Sonic!	Nicht nachlassen, Sonic!	Ce n'est plus très loin, Sonic !	Ancora un pochino, Sonic!	Só mais um pouco, Sonic!	¡Sólo un poco más, Sonic!	Jeszcze tylko troszkę, Sonic!	就快了索尼克！	Sadece biraz daha, Sonic!	Bara lite till, Sonic!		Ещё немного, Соник!
common_halfway_so	Roger that!	りょうかい	¡Recibido!	Alles klar!	Compris !	Ricevuto!	Entendido!	¡Entendido!	Przyjąłem!	收到！	Anlaşıldı!	Uppfattat!		Понял!
common_halfway_sh	We're about halfway!	今大体半部でとこね	¡Vamos por la mitad!	Wir sind etwa halbwegs fertig!	On est presque à la moitié !	Siamo a metà!	Estamos na metade do caminho!	¡Llevamos casi la mitad del camino!	Jesteśmy mniej więcej w połowie!	我們剩一半了！	Yarısındayız!	Vi är ungefär halvvägs!		Осталась примерно половина!
common_encourage_so	All right already!	やれやれだぜ全く！	¡Venga, vamos!	Ist ja gut!	Allez, c'est parti !	Dai, andiamo!	Vamos nessa!	¡Esto es un fastidio!	No, dalej!	知道了！	Pekala o zaman!	Nu räcker det!		Давай-давай!
common_encourage_sh	Keep going, Sonic!	まだまだあるわよソニック！	¡No te rindas, Sonic!	Weiter, Sonic!	Continue, Sonic !	Continua, Sonic!	Continue, Sonic!	¡Aún hay más, Sonic!	Tak trzymaj, Sonic!	繼續啊，索尼克！	Devam et, Sonic!	Fortsätt framåt, Sonic!		Ещё не всё, Соник!
common_up_so	Let's go up.	この上行ってみよう	Vayamos hacia arriba.	Da oben geht's weiter.	Montons.	Andiamo su.	Vamos subir.	Hay que subir.	Chodżmy na górę.	我們上去吧。	Hadi yukarı çıkalım.	Låt oss gå uppåt.		Попробуем забраться наверх?
common_up_sh	Try going up there.	ねぇ、上に行ってみましょう	Prueba subir ahí arriba.	Versuche nach oben zu gehen.	Essaie de monter là-bas.	Prova ad andare lì sopra.	Tente ir lá em cima.	Oye, subamos allá.	Spróbuj wejść na górę.	我們試試看上去吧	Buradan yukarı çıkmayı dene.	Prova att gå upp där!		Давай попробуем забраться наверх.
common_up2_so	Maybe we should go up here.	この先で　上に行ってみるか	Quizás deberíamos subir ahí.	Hmm, da oben könnte was sein!	On pourrait monter par là.	Forse dovremmo andare quassù.	Talvez a gente devesse subir aqui.	¿Deberíamos subir?	Może powinniśmy wejść na górę.	或許我們該從這裡上去。	Belki buradan yukarı çıkmalıyız.	Vi kanske borde gå upp där.		Попробуем залезть наверх?
common_up2_sh	Let's try going up here.	この先で　上に行ってみましょう	Probemos subir ahí arriba.	Lass uns versuchen nach oben zu gehen.	Essayons de monter par là.	Proviamo ad andare quassù.	Vamos tentar subir aqui.	Sigamos por arriba.	Spróbujmy wejść na górę.	我們試試看從這裡上去吧	Hadi buradan yukarı çıkmayı deneyelim.	Vi provar att gå upp där!		Попробуй залезть наверх!
common_down_so	We should go down.	ここで　降りてみるか	Deberíamos bajar.	Da unten ist ein Weg.	On devrait descendre.	Dovremmo andare giù.	Vamos descer.	¿Y si bajamos?	Powinniśmy zejść na dół.	我們下去吧。	Aşağı inmeliyiz.	Vi borde gå ner!		Попробуем спуститься отсюда?
common_down_sh	Let's try going down.	ここから　降りてみましょう	Probemos bajar.	Lass uns versuchen nach unten zu gehen.	Essayons de descendre.	Proviamo ad andare giù.	Vamos tentar ir lá em baixo.	Bajemos allá.	Spróbujmy zejść na dół.	我們下去看看吧。	Hadi aşağı inelim.	Vi provar att gå ner!		Попробуй спуститься отсюда!
common_down2_so	Maybe we should go down here.	この先で　下に行ってみるか	Quizás deberíamos bajar.	Vielleicht sollten wir hier heruntergehen.	On pourrait descendre ici.	Forse dovremmo andare quaggiù.	Talvez a gente devesse ir aqui em baixo.	¿Deberíamos bajar?	Może powinniśmy zejść na dół.	我們或許該從這裡下去。	Belki buradan aşağı inmeliyiz.	Vi kankse borde gå ner där!		Попробуем спуститься?
common_down2_sh	Let's try going down here.	この先で　下に降りてみましょう	Probemos bajar allí.	Lass uns hier versuchen nach unten zu gehen.	Tentons de descendre là.	Proviamo ad andare quaggiù.	Vamos tentar descer aqui.	Sigamos por abajo.	Spróbujmy tam zejść.	我們從這裡下去看看吧。	Hadi aşağı inmeyi deneyelim.	Vi provar att gå ner här.		Попробуй спуститься!
common_feeling_so	I have a bad feeling about this.	イヤなの感がするぜ	Esto me da mala espina.	Ich hab ein schlechtes Gefühl bei der Sache.	Ça ne me dit rien qui vaille.	Ho un brutto presentimento a riguardo.	Isso não tá me cheirando bem.	Tengo un mal presentimiento.	Coś mi tu śmierdzi.	我對這有股不妙的感覺。	Bunun hakkında kötü hislerim var.	Jag har en dålig känsla för det här.		У меня плохое предчувствие.
common_feeling_sh	I've got a bad feeling.\nBe careful.	イヤなの感がするわ\n気をつけて！	Tengo un mal presentimiento.\nTen cuidado.	Mir ist ganz mulmig. Sei vorsichtig!	J'ai un mauvais pressentiment.\nSois prudent.	Ho un brutto presentimento.\nSta attento.	Estou com um mal pressentimento.\nCuidado.	Tengo un mal presentimiento.\n¡Ten cuidado!	Obawiam się.\nUważaj.	我有股不妙的感覺。小心！	Kötü hislerim var.\nDikkatli ol.	Jag har en dålig känsla. \nVar försiktig!		У меня плохое предчувствие!\nБудь осторожен!
common_heights_so	Woah. Don't want to fall, here.	落ちないように気をつけなきゃな	¡Uf! Será mejor no caerse.	Woah. Hier leg ich mich lieber nicht ab.	Woah. Évitons de tomber ici.	Woah. Devo stare attento a non cadere, qui.	Uou. Eu que não quero cair aqui.	Tengamos cuidado de no caer.	Łał. Tutaj nie chcesz spaść.	哇喔。別摔下去了。	Woah. Buradan düşmek istemem.	Woah. Vill inte ramla ner, här. 		Надо быть осторожным, чтобы не упасть.
common_heights_sh	Be careful not to fall.	落ちないように気をつけてよね	Ten cuidado de no caerte.	Pass auf, dass du nicht fällst.	Prends garde à ne pas tomber.	Sta attento a non cadere.	Cuidado para não cair.	Ten cuidado de no caer.	Uważaj, aby nie spaść.	小心不要摔下去。	Dikkatli ol, düşme.	Va försiktig så du inte ramlar!		Будь осторожен, не упади!
														
common_enemy_so	Hey look, we have company!	ハン　おいでなすったぜ！	¡Mira!; ¡tenemos compañía!	Hey, scheint als hätten wir Besuch!	Hey, nous avons de la compagnie !	Ehi guarda, abbiamo compagnia!	Ei olha, a gente tem companhia!	Jum, ¡vinieron!	Hej spójrz, mamy towarzystwo!	看啊，有人來囉！	Hey bakın, misafirlerimiz var!	Hörru titta, vi har sällskap!		Ха, а вот и враги!
common_enemy2_so	Well, look who's here!	お　いたいた！	Vaya, vaya,\n¡mira quién está aquí!	Ach, sieh mal einer an!	Regarde qui voilà !	Bene bene, guarda chi abbiamo qui!	Ora ora, olha só quem tá aqui!	Oh, ¡vaya, vaya!	No proszę, kogo my tu mamy!	哈，看看是誰來了！	Vay, bakın burada kimler var!	Men, titta vem som är här!		О, нашёл!
common_enemy3_so	Hmph! More pests!	へ　ざこが！	¡Hum! ¡Más alimañas!	Hmpf! Mehr Ungeziefer!	Mmph ! Encore des ennuis !	Hmph! Più scocciature!	Hum! Mais pestes!	Je, ¡qué escoria!	Hmph! Więcej szkodników!	哼！還有雜兵啊！	Hmph! Daha fazla haşare!	Hmph! Fler odjur!		Ха! Мелюзга!
common_enemy4_so	Heh, I'll take you all on!	へ　いくらでも来いってんだ！	¡Je! ¡Puedo con todos vosotros!	Heh, macht 'nen Abgang!	Hé, vous allez tous perdre !	Heh, vi posso sconfiggere tutti!	Heh, eu dou conta de todos vocês!	Je, ¡los venceré a todos!	Heh, wszystkimi Się zajmę!	嘿，讓我來對付你們！	Heh, hepinizi yeneceğim!	Heh, jag tar er allihop!		Ха, нападайте сколько влезет!
common_enemy5_so	Whoa! They're over here too?	おっと！　こっちにもおでましか？	¡Hala! ¿Hay más por aquí?	Oh! Hier sind also auch welche?!	Whoa ! Ils sont là aussi ?	Whoa! Sono anche qui?	Uou, eles estão aqui também?	¡Uf! ¿También están aquí?	Łoł! Tutaj też są?	哇嗚！它們也在這裡？	Whoa! Onlar da mı burada?	Whoa! Dem är här också?		Ой, они и тут тоже!
common_enemy6_so	Looks like we've got our hands full.	まとめて相手になってやるぜ！	Vaya... enemigos, ¡qué no falten!	Scheint als hätten wir alle Hände voll zu tun.	On ne manque pas d'adversaires.	Sembra proprio che abbiamo molto da fare.	Isso vai dar trabalho.	¡Puedo con todos ustedes!	Wygląda na to,\nże mamy ręcę pełne roboty.	看樣子要忙得不可開交了。	Anlaşılan işimiz çok zor.	Ser ut som att vi har händerna fulla.		Да я разом вас всех одолею!
common_enemy7_so	How many of these guys are there?!	ゾロゾロでてきやがって！	¿Los enemigos no se acaban nunca, o qué?	Wie viele sind das denn?!	Combien de ces types y a-t-il ?!	Quanti ce ne sono di questi tizi?!	Quantos desses caras ainda faltam?!	¡Vienen uno tras de otro!	Ile tych gości tu jest?!	到底有多少人啊？！	Bunlardan kaç tane var?!	Hur många av dem här typerna finns det?		Появляются один за другим!
common_enemy8_so	Aha! Trying to block my way, huh?	おっと！　通せんぼってわけかい	¡Ajá! Conque bloqueando el camino, ¿eh?	Aha! Du lässt mich wohl nicht durch, was?	Aha ! On essaie de m'arrêter, hein ?	AHA! Cerchi di intralciarmi, eh?	Ahá! Tentando bloquear o meu caminho, né?	¡Oh! Conque una barricada, ¿eh?	Aha! Chcesz mi zablokować drogę, co?	啊哈！想要擋路是吧？	Aha! Yolumu kapatmaya çalışıyorsunuz, huh?	Aha! Försöker blockera vägen, huh?		Вот как! Пытаетесь преградить мне путь?
common_enemy_sh	Erazor's henchmen!	イレイザーの手下よ！	¡Los esbirros de Erazor!	Erazors Handlanger!	Les sbires d'Erazor !	Gli scagnozzi di Erazor!	Lacaios do Erazor!	¡Secuaces de Erazor!	Sługusy Erazora!	是伊萊薩的手下！	Erazor'un adamları!	Erazors hantlangare!		Это подчинённые Эрейзора!
common_enemy2_sh	Look out, Sonic!	気をつけてソニック！	¡Cuidado, Sonic!	Pass auf, Sonic!	Sonic, regarde !	Attento Sonic!	Cuidado, Sonic!	¡Cuidado, Sonic!	Uważaj, Sonic!	索尼克要小心啊！	Dikkat et, Sonic!	Akta dig, Sonic!		Будь осторожен, Соник!
common_enemy3_sh	Go get them, Sonic!	たのんでわよソニック！	¡A por ellos, Sonic!	Räum sie aus dem Weg, Sonic!	Vas-y, Sonic !	Vai a prenderli Sonic!	Pega eles, Sonic!	¡Véncelos, Sonic!	Dorwij ich, Sonic!	打倒它們吧，索尼克！	Onları hallet, Sonic!	Gå och ta dem, Sonic!		Рассчитываю на тебя, Соник!
common_enemy4_sh	Don't get too cocky, Sonic.	あんまり調子にのらないでよソニック	No te confíes demasiado, Sonic.	Sei nicht so übermütig, Sonic.	Ne sois pas téméraire, Sonic.	Non essere troppo spavaldo, Sonic.	Não se empolgue demais, Sonic!	No flashees tanto, Sonic.	Nie bądż taki zarozumiały, Sonic.	別太過自信了，索尼克！	Çok emin olma, Sonic!	Bli inte för kaxig, Sonic!		Не слишком увлекайся, Соник!
common_enemy5_sh	Ah-Sonic, watch out!	きゃ！　ソニック来たわよ！	Ah- ¡Sonic! ¡Cuidado!	Aaah! Sonic, pass auf!	Ah-Sonic, attention !	Ah-Sonic, attento!	Ah-Sonic, cuidado!	¡Ah! ¡Sonic, están aquí!	Ah-Sonic, uważaj!	啊！索尼克，小心！	Ah-Sonic, dikkat et!	Ah-Sonic, akta dig!		А-а-а! Соник, будь осторожен!
common_enemy6_sh	Sonic, are we going to be okay?	大丈夫なのソニック？	Sonic, ¿saldrá todo bien?	Sonic, schaffst du das?	Sonic, est-ce qu'on va s'en sortir ?	Sonic, staremo bene?	Sonic, nós vamos ficar bem?	¿Estaremos bien, Sonic!	Sonic, nic nam nie będzie?	索尼克，我們這樣沒事吧？	Sonic, iyi olacak mıyız?	Sonic, kommer vi att klara oss?		Соник, ты справишься?
common_enemy7_sh	There's no end to them!	キリがないわね！	¡No paran de aparecer!	Sie nehmen kein Ende!	Ça n'en finit pas !	Vai a prenderli, Sonic!	Eles não acabam nunca!	Parece interminable, ¿no?	Nie ma ich końca!	它們有完沒完啊！	Bunların sonu yok!	Det finns inget slut på dem!		Да им конца и края нет!
common_enemy8_sh	Take them out, Sonic!	やっちゃってソニック！	¡Acaba con ellos, Sonic!	Besiege sie, Sonic!	Élimine-les, Sonic !	Sconfiggili Sonic!	Dê um fim neles, Sonic!	¡Adelante, Sonic!	Załatw ich, Sonic!	幹掉它們吧，索尼克！	Bunları hallet, Sonic!	Slå ut dem, Sonic!		Вперёд, Соник!
common_victory_so	Ha, that was a piece of cake!	ハン！　たいしたことないねえ	¡Ja! ¡Fue pan comido!	Ha, war ja ein Kinderspiel!	Ha, c'était du gâteau !	Ha, è stata una passeggiata!	Há, foi moleza!	¡Ja! ¡No fue gran cosa!	Ha, bułka z masłem!	哈！易如反掌！	Ha, çantada keklikti!	Ha, det där var lätt som en plätt!		Ха, да они слабаки!
common_victory2_so	Is that all you spirits can do?	マジンってのは\nこの程度のモンなのか？	¿Es eso todo lo que podéis hacer?	Was, mehr habt ihr Geister nicht drauf?	C'est tout ce que vous pouvez faire ?	È tutto qui quello che voi spiriti sapete fare?	Isso é tudo o que vocês espíritos conseguem fazer?	¿Es todo lo que pueden hacer, majin?	Tylko na tyle was stać, duszki?	精靈的程度就到這裡而已嗎？	Siz ruhların yapabileceği hepsi bu mu?	Är det allt ni andar kan göra?		Все злые духи такие?
common_victory3_so	Whew, that was pretty rough!	ヒュー！　いまのはちょいと\nてこずったかな	Uf, ¡no estado nada fácil!	Puh! Das war ganz schön knapp!	Fiou, ce n'était pas facile !	Fiuu, è stato piuttosto duro!	Ufa, essa foi ossada!	¡Uf! Fue algo difícil.	Fiu, niełatwe to było!	呼！真不容易！	Whew, bu çok zordu!	Whew, det var ganska svårt!		Фуф! Сейчас было сложновато!
common_victory4_so	Hey, those guys were no sweat!	あんなヤツラ楽勝だぜ！	Hey, ¡esos no se andaban con bromas!	Hey, Bringt das nächste mal Verstärkung mit!	Hey, ces types tombent sans effort !	Ehi, quei tipi non erano affatto forti!	Ei, esses caras foram moleza!	¡Esos no se andaban con rodeos!	Hej, ci goście to bułka z masłem!	嘿，那些傢伙真不好惹！	Hey, bu adamlar hiç de fena değilmiş!	Hörru, dem där typerna var ingen match!		Да их победить проще простого!
common_victory5_so	Hey, no problem.\nTrust me!	Ｎｏ　ｐｒｏｂｌｅｍ！　もんだいないて！	¡Ja! ¡Sin problema!\n¡Tú confía en mí!	Hey, kein Problem.\nVertrau mir!	Hey, pas de problème.\nFais-moi confiance !	Ehi, nessun problema.\nFidati di me!	Ei, sem problema.\nConfie em mim!	¡Sin problema!\nNo costó nada.	Hej, żaden problem.\nZaufaj mi!	嘿，別擔心！相信我吧！	Hey, sıkıntı yok.\nGüven bana!	Du, inga problem.\nLita på mig!		Нет проблем!\nЯ сказал нет проблем!
common_victory_sh	Great job, Sonic!	すごいわソニック！	¡Bien hecho, Sonic!	Das war toll, Sonic!	Bien joué, Sonic !	Ottimo lavoro, Sonic.	Bom trabalho, Sonic!	¡Genial, Sonic!	Dobra robota, Sonic!	做得好，索尼克！	İyi iş, Sonic!	Bra jobbat, Sonic!		Ты крутой, Соник!
common_victory2_sh	Stay on guard, Sonic.\nThere are others to worry about.	油断しないで！\nマジンは他にもいるのよ	Estate atento, Sonic.\nSiempre hay algún otro al achecho.	Bleib wachsam, Sonic.\nDas war bloß ein Vorgeschmack.	Reste sur tes guardes, Sonic.\nIl y en a encore d'autres.	In guardia Sonic.\nC'è ne sono altri di cui preoccuparsi.	Fique atento, Sonic. Ainda há outros\ncom quem se preocupar.	¡No bajes la guardia!\nAún hay majin ahí afuera.	Stój na straży, Sonic.\nTrzeba się zająć innymi.	別鬆懈了，索尼克！還有其他精靈得擔心呢。	Gardını indirme, Sonic!\nEndişelenecek başka şeyler de var.	Var på din vakt, Sonic.\nDet finns andra att oroa sig för!		Не расслабляйся!\nЕсть и другие злые духи!
common_victory3_sh	Sonic, are you hurt?	ケガはないソニック？	Sonic, ¿estás bien?	Sonic, bist du verletzt?	Sonic, tu es blessé ?	Sonic, sei ferito?	Sonic, você se machucou?	¿Estás herido, Sonic?	Sonic, stała ci się krzywda?	索尼克，你受傷了嗎？	Sonic, incindin mi?	Sonic, är du skadad?		Соник, ты не ранен?
common_victory4_sh	Way to go, Sonic!	やるじゃないソニック！	¡Nada mal, Sonic!	Weiter so, Sonic!	Pas mal, Sonic !	Ben fatto, Sonic!	É isso aí, Sonic!	No estuvo mal, Sonic.	Tak trzymać, Sonic!	做得好，索尼克！	Devam et, Sonic!	Så ska det se ut, Sonic!		Молодец, Соник!
common_victory5_sh	Sonic, that one was pretty close!	ちょっと！　今のわあぶかったじゃないのソニック！	Sonic; ¡por los pelos!	Sonic, das war sehr knapp!	Sonic, ça n'est pas passé loin !	Sonic, per poco non ci prendeva!	Sonic, essa foi por pouco!	Oye... ¿no crees que estuvo cerca, Sonic?	Sonic, było bardzo blisko!	索尼克，剛才真是好險！	Sonic, bu çok yakındı!	Sonic, den där var ganska nära!		Кошмар!\nСейчас было очень опасно, Соник!
														
common_red_majin_sh	Watch out, the red spirits can breath fire.	赤いマジン炎を吐くから\n気をつけて！	Ten cuidado,\nlos espíritus rojos escupen fuego.	Vorsicht! Die roten Geister\nspeien Feuer!	Attention, les esprits rouges crachent du feu.	Attento, gli spiriti rossi possono sputare fuoco.	Cuidado, os espíritos vermelhos cospem fogo.	Cuidado, los majin rojos\nlanzan fuego.	Uważaj, czerwone duchy potrafią ziać ogniem.	小心！那些紅色精靈會噴火！	Dikkat et, kırmızı ruhlar ateş üfleyebilir.	Akta dig, dem röda andarna kan andas eld.		Красные злые духи извергают пламя.\nБудь осторожен!
common_enemy_pearl_sh	Sonic, you can get pearls\nby defeating those spirits!	マジンを倒すとパールが手に入るわよソニック	¡Sonic, puedes obtener perlas\nderrotando a espíritus!	Sonic, du erhältst Perlen,\nwenn du diese Geister besiegst!	Sonic, tu peux obtenir des perles\nen éliminant ces esprits !	Sonic, puoi ottenere perle\nsconfiggendo quegli spiriti!	Sonic, você pode coletar\npérolas ao derrotar espíritos!	Derrota a los majin para\nobtener Perlas, Sonic.	Sonic, możesz zdobywać perły\npokonując te duchy!	索尼克，你可以從那些被打倒的精靈中獲得魂珠！	Sonic bu ruhları yenerek\ninciler alabilirsin!	Sonic, du kan få pärlor\ngenom att besegra dem där andarna!		Если одолеть злого духа,\nто получишь жемчужины, Соник!
common_enemy_lock_sh	You need to defeat the spirits, Sonic.		Tienes que derrotar a los espíritus, Sonic.	Du musst diese Geister besiegen, Sonic.	Tu dois vaincre ces esprits, Sonic.	Devi sconfiggere gli spiriti, Sonic.	Você precisa derrotar os espíritos, Sonic.	Tenemos que vencer a esos majin, Sonic.	Musisz pokonać te duchy, Sonic.	你得打敗那些精靈。	Ruhları yenmen lazım, Sonic.	Du måste besegra andarna, Sonic.		Сначала одолей злого духа, Соник!
common_enemy_lock2_sh	Defeat all the spirits first, Sonic.		Primero vence a todos los espíritus, Sonic.	Besiege zuerst alle Geister, Sonic.	Élimine d'abord tous ces esprits, Sonic.	Prima sconfiggi tutti gli spiriti, Sonic.	Derrote todos os espíritos primeiro, Sonic.	Venzamos primero a todos los majin, Sonic.	Najpierw pokonaj wszystkie duchy, Sonic.	索尼克，先把那些精靈打倒。	Önce tüm ruhları yen, Sonic.	Besegra alla andarna först, Sonic.		Сначала одолей злых духов, Соник!
														
common_hint_ring_sh	If you have at least one ring,\nyou can get hit without being hurt.	このリングが一個でもあれば\nダメージをうけてもミスにならないわよ	Siempre que te quede algún anillo,\npuedes recibir daños sin ser derrotado.	Wenn du mind. einen Ring hast,\nkönnen dir Treffer nichts anhaben.	Si tu as au moins un ring,\ntu peux être touché sans te blesser.	Se hai almeno un anello,\npuoi essere colpito senza farti male.	Se você tiver ao menos 1 anel,\nvocê pode sofrer dano sem ser derrotado.	Mientras tengas uno de estos Anillos,\nsobrevivirás aunque te golpeen.	Jeśli masz przynajmniej jeden pierścień,\nnie stanie Ci się krzywda.	如果你至少有一個金環，就能被攻擊而不被打倒。	En azından bir yüzüğün varsa,\nyaralanmadan vurulabilirsin.	Om du har minst en ring,\nså kan du bli träffad utan att ta skada.		Если у тебя будет хотя бы одно кольцо,\nдаже получив урон, ты не проиграешь.
common_hint_fire_soul_sh	This red ring is a Fire Soul.	この赤いリングはファイヤーソウルよ	Ese anillo rojo es un Alma Ígnea.	Bei diesem roten Ring handelt es\nsich um eine Feuerseele.	Cet ring rouge est une Âme de Feu.	Questo anello rosso è una Anima Infuocata.	Este anel vermelho é uma Alma de Fogo.	Este anillo rojo es un Alma de fuego.	Ten czerwony pierścień to Ognista Dusza.	那個紅環叫做焰魂。	Bu kırmızı yüzük bir Ateş Ruhu.	Den röda ringen är en Eldsjäl.		Это красное кольцо - Душа огня.
common_hint_treasure_sh	That is a Treasure Box.\nOpen it up and see what's inside!	アレは宝箱よ\n中身は開けてのお楽しみ！	¡Un Cofre del Tesoro!\n¡Ábrelo y mira que hay dentro!	Eine Schatztruhe! Mach sie auf,\num zu sehen, was drin ist!	C'est un Coffre au Trésor !\nOuvre-le et regarde dedans !	Quella è una Cassa del Tesoro.\nAprila per vedere cosa c'è dentro!	Isso é um Baú do Tesouro!\nAbra-o e veja o que tem dentro!	¡Es un cofre del tesoro!\n¡Lo que hay es una sorpresa, así que ábrelo!	Tam jest skrzynia skarbów.\nOtwórz ją i zobacz, co jest w środku!	這是一個藏寶箱，打開來看裡面有什麼吧！	Bu bir Hazine Sandığı.\nAç ve içinde ne olduğunu gör!	Det där är en Skattlåda.\nÖppna den och se vad som finns inutti!		Это сундук с сокровищами!\nИнтересно, что же там внутри!
common_hint_thorn_spring_sh	You can use your Homing Attack\non the balls that don't have spikes.	あの鉄球　トゲのないほうは\nホーミングアタックできそうよ	Puedes usar tu Ataque Teledirigido\nen las bolas sin pinchos.	Benutze deine Homing Attack\nauf den Bällen, die keine Stacheln haben.	Tu peux utiliser l'Attaque Téléguidée\nsur les balles qui n'ont pas de pointes.	Puoi usare il tuo Attacco a Ricerca\nnelle palle senza spine.	Você pode usar seu Ataque Direcionado\nnas esferas sem espinhos.	Puedes usar tu Ataque teledirigido\nen esas bolas de hierro sin picos.	Możesz użyć Ataku Naprowadzającego\nna kulach, które nie mają kolców.	你可以對沒有尖刺的鐵球使用追蹤攻擊。	Dikeni olmayan toplara\nGüdümlü Saldırı kullanabilirsin.	Du kan använda din Homingattack\npå bollarna som inte har spikar.		Сделай Самонаводящуюся атаку\nпо тем железным шарам без шипов.
common_hint_pot_sh	Press [button_action] to fly upwards.	アクションボータンを押すと羽ばたいて\n上に飛べるわよ	Pulsa [button_action] para ascender.	Drücke den Action-Knopf, um hochzufliegen.	Bouge la Télécommande Wii de haut en bas pour voler.	Premi [button_action] per volare in su.	Pressione [button_action] para levantar voo.	Presiona [button_action] para batir las alas y subir.	Aby wznieść się w górę,\nwciśnij [button_action].	按下動作鍵讓陶壺往上飛。	Yukarı doğru uçmak için Wii\nRemote'u yukarı ve aşağı hareket ettir.	Tryck på Handlingsknappen för att flyga uppåt. 		Если нажать кнопку действия, то кувшин\nначнёт махать крыльями и взлетит.
common_hint_pot_exit_sh	Press [button_jump] to get off of the Flying Pot.	壺から出るときはジャンプボタンね	Pulsa [button_jump] para salir del jarrón.	Drücke den Sprung-Knopf, um\naus dem Topf herauszuspringen.	Appuie sur le Bouton de Saut pour sortir du Pot Volant.	Premi [button_jump] per uscire dal Vaso Volante.	Pressione [button_jump] para sair do Jarro Voador.	Presiona [button_jump] para salir del jarrón volador.	Naciśnij [button_jump],\naby wyjść z Latającej Wazy.	按下跳躍鍵來跳出飛天陶壺。	Uçan Kazan'dan inmek için Zıplama Düğmesine bas.	Tryck på Hoppknappen för att gå av den Flygande Krukan.		Чтобы вылезти из кувшина, нажмите кнопку прыжка.
common_hint_pot_tilt_sh	You can tilt left and right\nto move when flying.	飛んでる間は\n左右に移動もできるわよ	Puedes inclinarte a los\nlados mientras vuelas.	Neige dich links und rechts,\num dich beim Fliegen zu bewegen.	Incline la Télécommande\nà droite et à gauche pour te diriger en vol.	Puoi inclinarti a sinistra e destra\nper muoverti mentre voli.	Você pode ir para a esquerda e direita enquanto voa.	También puedes moverte a la\nizquierda o derecha mientras vuelas.	Przechyl się na lewo lub prawo,\naby poruszyć się podczas latania.	你可以在飛翔時左右傾斜移動。	Uçarken hareket etmek için\nsola ve sağa eğilebilirsin.	Du kan luta vänster och höger\nför att förflytta dig när du flyger.		Во время полёта наклоняйте левый стик,\nчтобы перемещаться вправо и влево.
common_hint_catapult_sh	Get on the catapult and tilt up and down\nin the direction you want to go.	カタパルトを傾けると傾けて方へ飛び出すわよ	Sube a la catapulta y varía la inclinación\npara decidir la distancia del lanzamiento.	Stell dich aufs Katapult und neige hoch und runter\num die Flugbahn zu bestimmen.	Monte sur la catapulte\net incline la Télécommande vers toi.	Sali sulla catapulta e\ninclina in su o giù nella direzione in cui vuoi andare.	Suba na catapulta e incline para cima e para baixo\nna direção em que quiser ir.	Sube a la catapulta e inclínala tan\narriba o abajo como quieras ir.	Wejdż na katapultę i przechyl się w górę i dół,\nw którym kierunku chcesz iść.	搭上投石機後，將WII搖桿向前傾向自己。	Mancınığa bin ve Wii Remote'u\nkendine doğru eğ.	Hoppa på katapulten och luta upp och ner\nåt det hållet som du vill gå.		Если встать на катапульту и наклонить\nвверх и вниз, то прыгнете в ту сторону,\nкуда вы её наклонили.
common_hint_catapult2_sh	Press [button_action]\nto launch yourself off.	遠くまで飛んでいけそうよ	Presiona [button_action] para salir disparado.	Drücke [button_action], um\ndich durch die Luft zu katapultieren.	Incline-la rapidement en avant pour te projeter.	Premi [button_action]\nper lanciarti via.	Aperte [button_action] para se lançar.	Presiona [button_action] para lanzarte lejos.	Wciśnij [button_action],\naby się wystrzelić.	再快速往前移動就能將你飛射出去。	Kendini fırlatmak için tekrar hızla ileri doğru hareket et.	Snabbt luta den framåt igen\nför att skjuta iväg dig.		Если нажмёшь кнопку действия,\nто сможешь улететь далеко!
common_hint_catapult3_sh	This catapult looks like it works\nat a different angle than the last.	さっきのカタパルト　傾ける角度で\nズイブン飛距離が違うみたいね	Esta catapulta parace funcionar con\nun ángulo diferente a la anterior.	Dieses Katapult arbeitet in einem\nanderen Winkel als das letzte.	On dirait que cette catapulte\na un angle différent de la précédente.	Questa catapulta sembra che funzioni\n a un angolo diverso rispetto all'ultima.	Parece que essa catapulta funciona\ncom um ângulo diferente da anterior.	Parece que la distancia a la que te mandará\nesta catapulta depende del ángulo que le des.	Wygląda na to, że ta katapulta działa\npod innym kątem niż poprzednia.	剛才的投石機，飛行距離似乎會根據傾斜角度而改變。	Bu mancınık, bir öncekinden farklı bir açıyla çalışıyor gibi görünüyor.	Den här katapulten ser ut att funka\ni en annan vinkel än den andra.		В зависимости от угла наклона катапульты\nможно улететь на разное расстояние.
common_hint_jump_carpet_sh	If you do a Homing Attack while flying\nhigh up on the carpet,	高く跳ね上がったときに\nホーミングアタックすると	Si realizas un Ataque Teledirigido\nmientras vuelas en la alfombra,	Falls du eine Homing Attack benutzt,\nwährend du auf dem Teppich fliegst,	Si tu fais une Attaque Téléguidée\n en hauteur sur le tapis,	Se fai un Attacco a Ricerca mentre voli\nsopra un tappeto,	Se você realizar um Ataque Direcionado\nenquanto estiver no tapete,	Si usas el Ataque teledirigido mientras vas volando,	Jeśli wykonasz Atak Naprowadzający,\nlecąc wysoko na dywanie,	如果你在高空中對飛毯使出追蹤攻擊，	Halının üzerinde yüksekte uçarken bir Güdümlü Saldırı yaparsan,	Om du gör en Homingattack när du flyger\n högt upp på mattan,		Если сделать Самонаводящуюся атаку,\nкогда ковёр поднялся высоко,
common_hint_jump_carpet2_sh	You can make it go even higher.	さらに高く跳ね上がっていくみたいよ\nこの絨毯	Podrás llevarla aún más alto.	kannst du noch höher fliegen.	Tu peux le faire aller encore plus haut.	Puoi mandarlo ancora più in alto.	Você poderá ir ainda mais alto.	harás que la alfombra vuele aún más alto.	Możesz wznieść się jeszcze wyżej.	就能讓你跳得更高。	Daha da yükseğe çıkarabilirsin.	Så kan du göra att den går ännu högre.		он поднимется ещё выше!
common_hint_majin_stone_sh	This stone is full of genie magic.	これはマジンの魔法が掛かった石よ	Esta piedra está llena de\nmagia espiritual.	Dieser Stein ist voller Geistermagie.	Cette pierre est pleine de magie de génie.	Questa pietra è piena di magia di genio.	Esta pedra está cheia\nde magia espiritual.	Esta piedra está encantada\npor magia de los majin.	Ten kamień jest przepełniony magią dżina.	這顆石頭充滿著精靈的魔法。	Bu taş tamamen Cin Sihriyle dolu.	Den här stenen är full av andmagi.		Это камень, заколдованный злым духом.
common_hint_spikes_sh	Watch out for those spikes, Sonic!	トゲに気をつけてねソニック！	¡Atento a esos pinchos, Sonic!	Sonic, pass auf diese Stacheln auf!	Attention à ces pointes, Sonic !	Sta attento a quelle spine, Sonic!	Cuidado com os espinhos, Sonic!	¡Cuidado con las púas, Sonic!	Uważaj na te kolce, Sonic!	索尼克小心那些尖刺！	Dikenlere dikkat et, Sonic!	Akta dig för dem där spikarna, Sonic!		Соник, будь осторожен, там шипы!
common_hint_flames_sh	Sonic, watch out for the flames!	ホノオに気をつけてねソニック！	¡Sonic, cuidado con las llamas!	Pass auf die Flammen auf, Sonic!	Sonic, fais attention aux flammes !	Sonic, sta attento a quelle fiamme!	Sonic, cuidado com as chamas!	¡Cuidado con las llamas, Sonic!	Sonic, uważaj na płomienie!	索尼克小心那些火焰！	Sonic, ateşlere dikkat et!	Sonic, akta dig för eldflammorna!		Соник, будь осторожен, там пламя!
common_hint_spikeball_sh	Watch out for the balls with spikes on them, Sonic!	あのトゲ鉄球に気をつけてソニック！	¡Estate atento a las bolas con pinchos, Sonic!	Vorsicht vor diesen Stachelbällen, Sonic!	Fais attention aux balles avec des pointes, Sonic !	Sta attento alle palle chiodate, Sonic!	Cuidado com as esferas com espinhos, Sonic!	¡Cuidado con las bolas de hierro con picos, Sonic!	Uważaj na kule z kolcami, Sonic!	索尼克小心那些尖刺鐵球！	Dikenli toplara dikkat et, Sonic!	Akta dig för bollarna med spikar, Sonic!		Соник, будь осторожен!\nТам железные шары с шипами!
common_hint_ball_spin_sh	Is there a way to keep these\nfrom spinning so fast?	もっと鉄球の回転が\nゆっくりにならないかしら	¿Habrá alguna forma de ralentizar\nsu rotación?	Könnten wir das Ding vielleicht\nirgendwie verlangsamen?	Peut-on les empêcher\nde tourner si rapidement ?	C'è un modo per farle\nsmettere di girare così velocemente?	Será que há um jeito\npra fazer girar mais lento?	¿Será posible hacer que gire\nmás lento la bola de hierro?	Jest jakiś sposób, żeby przestały się\ntak szybko kręcić?	有辦法讓這些鐵球不要轉得這麼快嗎？	Bunların bu kadar hızlı dönmesini\nengellemenin bir yolu var mı?	Finns det något sätt att förhindra dem här\nfrån att snurra så snabbt?		Нельзя ли сделать так, чтобы\nжелезные шары вращались помедленнее?
common_hint_ball_spin_so	This would be easier if these\nwere spinning around more slowly.	もうちょっと回転がゆっくりなら\n楽勝なんだかな	Esto sería más fácil si\ngirasen más lento.	Das wäre einfacher, wenn es sich langsamer drehen würden.	Ce serait plus facile\ns'ils tournaient plus lentement.	Sarebbe più semplice se\ngirassero lentamente.	Isso seria mais fácil se\nestivessem girando mais lentamente.	Si girara un poco más lento,\nsería pan comido.	Byłoby łatwiej, gdyby\nwolniej się kręciły.	這些東西轉得慢一些的話，事情就簡單多了。	Eğer bunlar daha yavaş dönüyor\nolsaydı bu daha kolay olurdu.	Det här vore lättare om dem här\nsnurrade långsammare.		Вращались бы они помедленнее,\nя бы легко с ними разобрался.
														
														
														
														
														
common_hint_murmur_sh	(Murmur...\nHey Sonic, listen to this.)	（ヒソヒソ…\nねぇねぇソニック、ちょっと耳をかして）	(Murmuro...\nEh, Sonic, escúchame un segundo.)	(Psst...\nHey Sonic, hör mal zu.)	(Murmure...\nHey Sonic, écoute.)	(Mormorio...\nEhi Sonic, ascolta.)	(Murmuro...\nEi Sonic, escute isso.)	(*susurro*... Oye, Sonic,\npréstame atención un momento).	(Szmer...\nHej Sonic, słuchaj tego).	（悄悄地…\n欸欸索尼克，聽我說一下。）	(Hırıltı....\nHey Sonic, şunu dinle.)	(Murmur...\n Hörru Sonic, lystna på det här.)		(шёпотом...\nСоник, послушай меня)
common_hint_uhu_sh	(This orb of light is the Wind Genie\nUhu, known for his speed.)	（この光の球が、\n最速と名高い\n風マジン「ウーフー」ね…）	(Este orbe de luz es el Genio del Viento,\nUhu, conocido por su velocidad.)	(Diese Lichtkugel ist der Windgeist Uhu,\nbekannt für sein Tempo.)	(Cette orbe de lumière, c'est le Génie du Vent\nUhu, connu pour sa vitesse.)	(Questa sfera di luce, è il Genio del Vento\nUhu, conosciuto per la sua velocità.)	(Este orbe de luz é o Gênio do Vento,\nUhu, conhecido por sua velocidade.)	(Esta bola de luz es el veloz y\nfamoso majin del viento, Uhu...)	(Ta kula światła, to Dżin Wiatru Uhu,\nznany ze swojej prędkości.)	（那顆光球啊，是號稱速度最快的風系精靈「烏福」。）	(Bu ışık küresi, hızıyla bilinen\nRüzgar Cini Uhu'dur.)	(Den här kulan av ljus är Vind Anden\nUhu, som är känd för sin hastighet.)		(Этот шар света - дух ветра Уху,\nкоторый знаменит высокой скоростью.)
														
														
														
warning_nomods	NO MODS INSTALLED	MODはインストールされていません	NO HAY NINGÚN MOD INSTALADO	KEINE MODS INSTALLIERT		NESSUNA MOD INSTALLATA	NENHUM MOD INSTALADO	NO HAY MODS INSTALADOS	BRAK ZAINSTALOWANYCH MODYFIKACJI	沒有安裝模組	HİÇBİR MOD YÜKLENMEDİ	INGA MODS ÄR INSTALLERADE		МОДЫ НЕ УСТАНОВЛЕНЫ
warning_nomods_description	No level mods are installed.	レベルMODはインストールされていません。	No hay ningún mod de nivel instalado.	Keine Level-Mods sind installiert.		Nessuna mod per i livelli è installata.	Não há mods de fases instalados.	No hay mods de niveles instalados	Nie zainstalowano modyfikacji etapów.	沒有安裝關卡模組。	Herhangi bir seviye modu yüklü değil.	Inga banmods är installerade.		Моды уровней не установлены.
														
														
world_mods	Mods		Mods	Mods		Mod	Mods	Mods	Modyfikacje	模組	Modlar	Mods		Моды
world_mods_description	Play modded levels		Jugar a niveles de mods	Spiele modifizierte Levels		Gioca Livelli Moddati	Jogue fases de mods	Jugar niveles añadidos por mods	Zagraj w zmodyfikowane etapy	遊玩模組關卡	Modlanmış seviyeleri oyna	Spela moddade banor		Играйте в моды уровней
lost_prologue	Lost Prologue	ロスト　プロローグ	Prólogo Perdido	Lost Prologue	Lost Prologue	Prologo Perduto	Lost Prologue	Prólogo perdido	Zaginiony Prolog	失落序章	Kayıp Giriş	Förlorad Prolog		Потерянный пролог
lost_prologue_description	The beginning of the end.	失われいく序章。	El comienzo del fin.	Der Anfang vom Ende.	Le début de la fin.	L'inizio della fine.	O início do fim.	El prólogo que se desvanece.	Początek końca.	終焉之始。	Sonun Başlangıcı.	Starten av slutet.		Исчезающее предисловие.
lp_strafe_sh	Press left or right\nto change direction.	左右に押すと\n左右移動できるわよ	Presiona izquierda o derecha\npara moverte hacia los lados.	Drücke links und rechts,\num dich in diese Richtungen zu bewegen.		Premi a sinistra o a destra\nper cambiare direzione.	Pressione para a esquerda ou para a direita para mudar de direção.	Inclina a la izquierda o derecha\npara ir en dicha dirección.	Wciśnij lewy lub prawy aby zmienić kierunek.	按下左或右來改變方向。	Yön değiştirmek için\nsola veya sağa bas.	Tryck på vänster eller höger\nför att byta riktning.		Нажимая левый стик вправо и влево,\nвы сможете передвигаться в стороны!
lp_jump_sh	Press [button_jump] to jump!	 [button_jump] を押すと　ジャンプよ！	¡Presiona [button_jump] para saltar!	Drücke [button_jump], um zu springen!		Premi [button_jump] per saltare!	Aperte [button_jump] para pular!	Presiona [button_jump] para saltar.	Wciśnij [button_jump] aby skoczyć!	按下 [button_jump] 進行跳躍！	Zıplamak için\n[button_jump]'a bas.	Tryck på [button_jump] för att hoppa!		Нажмите кнопку прыжка, чтобы прыгнуть!
lp_full_jump_sh	Hold [button_jump] down\nand you can jump higher!	 [button_jump] を長く押すほど\n高くジャンプできるわよ	¡Mantén pulsado [button_jump]\ny saltarás más alto!	Halte [button_jump] gedrückt, um höher zu springen!		Tieni premuto [button_jump] per più tempo e potrai saltare più in alto!	Segure [button_jump] para pular mais alto!	¡Mantén presionado [button_jump] para saltar más alto!	Przytrzymaj [button_jump] aby skoczyć wyżej!	按住 [button_jump] ，\n你就可以跳得更高！	[button_jump] tuşunu basılı tutarak daha yükseğe zıplayabilirsin!	Håll ner [button_jump] \noch du kan hoppa högre!		Зажмите и отпустите кнопку прыжка,\nчтобы подпрыгнуть выше!
lp_lockon_sh	You can do a Homing Attack while jumping\nwhen the lock-on mark appears.	ジャンプ中　ロックオンマークがでたら\nホーミングアタックできる合図よ	Puedes realizar un Ataque Teledirigido en el aire cuando aparezca la retícula.	Wenn das Visier erscheint, kannst du eine\nHoming Attack während eines Sprungs machen.		Puoi fare un Attacco a Ricerca mentre stai saltando\n una volta che appare l'Indicatore d'Aggancio. 	Você pode realizar um Ataque Direcionado enquanto pula\nquando a mira aparecer.	¡Puedes hacer un Ataque teledirigido al saltar\ncuando la retícula aparezca!	Możesz wykonać Atak Naprowadzający\npodczas skoku jak pokaże się celownik.	跳躍途中當準星出現時，你可以使用追蹤攻擊。	Odaklanabilir işaret çıktığı zaman\nzıplarken Güdümlü Saldırı yapabilirsin.	Du kan utföra en Homing Attack medan du hoppar\nnär låsmärket visas.		Если во время прыжка появится прицел,\nвы сможете применить Самонаводящуюся атаку.
lp_lockon2_sh	When the lock-on mark changes\nfrom green to red, press [button_attack] quickly.	ロックオンマークが緑から赤に\n変わったら [button_attack] を押してね	Cuando las marcas verdes cambien\na la retícula roja, presiona [button attack].	Drücke [button_attack] sobald sich\ndas Visier von grün zu rot ändert.		Quando l'Indicatore d'Aggancio cambia\nda verde a rosso, Premi [button_attack].	Aperte [button_attack] quando a mira mudar de verde para vermelho.	Presiona [button_attack] cuando la retícula\ncambie de verde a rojo.	Kiedy celownik zmieni się z\nzielonego na czerwony, Wciśnij [button_jump].	當準星從綠色變為紅色時，\n按下 [button_attack] 。	Odaklanabilir işaret yeşilden kırmızıya\ndöndüğü zaman [button_jump]  bas.	När låsmarkeringen ändras\nfrån grönt till rött, Tryck på [button_attack].		Когда цвет прицела изменится с зелёного\nна красный, нажмите кнопку атаки.
lp_brake_sh	Press [button_brake] to brake!	 [button_brake] ボタンを押すとブレーキだよ！	¡Presiona [button_brake] para frenar!	Drücke [button_brake], um zu bremsen!		Premi [button_brake] per frenare!	Aperte [button_brake] para frear!	¡Presiona [button_brake] para frenar!	Wciśnij [button_brake], aby zahamować!	按下 [button_brake] 停住移動！	Fren yapmak için [button_brake] düğmesine bas!	Tryck på [button_brake] för att bromsa!		Нажмите кнопку действия, чтобы затормозить!
lp_backstep_sh	Hold back to back up.	後ろに押すと後ろに移動できるわ	Mantén presionado atrás\npara retroceder.	Halte nach hinten, um rückwärts zu gehen.		Tieni premuto indietro per andare indietro.	Segure para trás para recuar.	Mantén la palanca atrás para retroceder.	Idż do tyłu, aby się wycofać.	按住後方就能往後方倒退。	Geriye doğru basılı tutarak geri sar.	Håll bakåt för att backa.		Наклоните левый стик на себя и держите,\nчтобы двигаться назад.
lp_grind_sh	You can grind on places that\nhave squared edges.	四角い角のある場所にのると\nグラインドできることがあるわ	Puedes deslizarte sobre raíles.	An Stellen mit quadratischen Kanten kann man grinden.		Puoi grindare sui posti\n che hanno i bordi squadrati.	Você pode deslizar em trilhos\ncom pontas quadradas.	¡Puedes deslizarte en superficies con bordes cuadrados!	Możesz szynować na miejscach,\nktóre mają kanciaste brzegi.	你可以在方形邊緣的地方進行滑軌。	Kare kenarlı yerlerde\ntaşlama yapabilirsiniz.	Du kan glida på ställen som\nhar fyrkantiga kanter.		Запрыгните на рельсы,\nчтобы скользить по ним.
lp_jumpdash_sh	While Jumping, press [button_attack] to perform a Jump Dash.	ジャンプ中に [button_attack] 押すと\nジャンプダッシュよ	En el aire, pulsa [button_attack] para realizar un Acelerón Aéreo.	Drücke [button_attack] während eines Sprungs erneut,\num einen Jump Dash auszuführen.		Mentre Salti, premi [button_attack] per fare un Salto a Scatto.	Enquanto estiver pulando, aperte [button_attack] para realizar uma Investida.	¡Durante el salto, presiona [button_jump] otra vez\npara hacer un Arranque en salto!	Podczas Skoku, wciśnij [button_attack] aby wykonać Skok Pędowy.	跳躍時，按下 [button_attack] 使用跳躍衝刺。	Bir Zıpplama Atılması yapmak için için zıplarken [button_attack]'a bas.	Medan du hoppar, tryck på [button_attack] för att utföra en Hopprusning.		Во время прыжка, нажмите кнопку атаки,\nчтобы выполнить рывок в воздухе!
lp_enemychain_sh	(Defeating multiple enemies\nwill start an Enemy Chain.)	「敵を早く倒すと\n敵チェーンが始まるよ」	(Derrotar a múltiples enemigos\ninicia una Cadena de Enemigos.)	Besiege mehrere Gegner auf einmal,\num eine Gegner-Combo zu starten.		(Sconfiggere più nemici darà il via a\nuna Catena di Nemici.)	Derrote vários inimigos sem pisar no chão para iniciar uma Sequência de Inimigos.	Vence a varios enemigos sin tocar el suelo para iniciar\nuna Cadena de enemigos.	Szybko pokonaj kilku przeciwników,\naby odpalić Łańcuch Przeciwników.	快速打倒數個敵人以開始攻擊連鎖。	Bir Düşman Zinciri başlatmak için\nhızlıca bir sürü düşman yen.	Besegra flera fiender snabbt\nför att starta en Fiendekedja.		Быстро уничтожьте нескольких врагов,\nчтобы запустить цепочку атак.
lp_enemychain2_sh	(Your chain will reset after\nlanding on the ground.)	「地面に着地すると、\nチェーンがリセットするわ」	(La cadena se reinicia\nsi tocas el suelo.)	Die Combo stoppt sobald du den Boden berührst.		La tua Catena si azzererà appena atterri sul pavimento.	Sua sequência reinicia após pisar no chão.	Tu cadena se reiniciará al tocar el suelo.	Twój łańcuch wyłączy się po wylądowaniu na ziemie.	攻擊連鎖會在著地時重置。	Yere indikten sonra zincir başa döner.	Din kedja återställs efter att du landat på marken.		После приземления, цепь автоматически сбросится.
lp_ring_chain_sh	(Collect Rings to start a Ring Chain.)	「リングを集めると\nリングチェーンが始まるよ」	(Recoge anillos para iniciar\nuna Cadena de Anillos.)	Sammle schnell Ringe, um eine Ringkette zu starten.		(Colleziona Anelli per dare il via a una Catena di Anelli.)	Pegue anéis em sequência para iniciar uma Sequência de Anéis.	Junta Anillos en sucesión rápida\npara iniciar una Cadena de Anillos.	Zbieraj Pierścienie, aby odpalić Łańcuch Pierścieni.	收集金環以開始金環連鎖。	Bi Yüzük Zinciri başlatmak için Yüzükler topla.	Samla ringar för att starta en Ringkedja.		Собирайте кольца, чтобы начать цепочку из колец.
lp_ring_chain2_sh	(After a Ring Chain ends,\nyou will get a score bonus based on its length.)	「チェイン終わり時に\nリングボーナスできるわ」	(Cuando se termine la Cadena, recibirás\nuna bonificación de puntos basada en su longitud.)	Je nachdem wie viele du gesammelt hast,\nwirst du mit Punkten für die Ringkette belohnt.		(Dopo che finisce una Catena di Anelli,\nriceverai un bonus che è determinato dalla sua lunghezza.)	Após a Sequência de Anéis acabar, você ganhará\num bônus de pontuação baseado no tamanho da sequência.	Al terminar una Cadena de Anillos,\nobtendrás puntos dependiendo de su duración.	Kiedy Łańcuch Pierścieni się skończy,\ndostaniesz bonusowe punkty na podstawie jego długości.	當金環連鎖停止時，\n會依據連鎖持續時間長短給予分數獎勵。	Yüzük zinciri sona erdiğinde, uzunluğuna\nbağlı olarak puan bonusu alacaksın.	När en Ringkedja tar slut\nfår du en poängbonus baserat på dess längd.		После завершения цепи колец вы получите\nбонусные очки, размер которых зависит от её длины.
lp_adv_grind_sh	(Press [button_action] when Grinding\nto maintain your speed.)	「グラインディング中に [button_action] を押して\nスピードを保るよ」	(Presiona [button_action] en un raíl\npara mantener tu velocidad.)	Drücke [button_action] während Grinding,\num deine Geschwindigkeit zu behalten.		Premi [button_action] mentre stai Grindando per mantenere la tua velocità.	Aperte [button_action] enquanto estiver deslizando para manter sua velocidade.	Presiona [button_action] al deslizarte\npara mantener tu velocidad.	Wciśnij [button_action] podczas Szynowania,\naby utrzymać swoją prędkość.	在滑軌時，按下 [button_action] 以維持你的速度。	Öğütme işlemi sırasında hızınızı korumak için [button_action] düğmesine bas.	Tryck på [button_action] när du Glider för att bibehålla din hastighet.		Нажимайте кнопку действия во время скольжения\nпо рельсам, чтобы поддерживать скорость.
lp_adv_grind2_sh	(Hold [button_action] before releasing\nand you can go even faster.)	「 [button_action] を長く押すと\nさらにスピードを上がってできるわ」	(Manten pulsado [button_action] durante\nmás tiempo e irás más rápido.)	Halte [button_action] etwas länger gedrückt bevor du loslässt,\num dich noch schneller zu bewegen.		Tieni premuto [button_action] prima di rilasciare\ne potrai andare ancora più veloce.	Segure [button_action] antes de solta-lo e você ganhará mais velocidade.	Mantén [button_action] antes de soltarlo\ny podrás ir más rápido.	Trzymaj [button_action] przed puszczeniem,\naby nabrać więcej prędkości.	按住 [button_action] 直到放開前，你可以走得更快。	[button_action] tuşunu basılı tutarak bıraktığınızda daha da hızlı gidebilirsin.	Håll [button_action] nedtryckt innan du släpper knappen så kan du gå ännu snabbare.		Удерживайте кнопку действия перед тем,\nкак отпустить, и вы сможете скользить ещё быстрее.
lp_adv_grindstep_sh	(Press [button_jump] while holding left or right\nto do a Grind Step.)	「左右を押すときに [button_jump] を押すと\nグラインドステップよ」	(Presiona [button_jump] mientras te inclinas a un lado\npara realizar un Salto entre Raíles en esa dirección.)	Drücke [button_jump] während man\nlinks oder rechts hält, um einen Grind Step auszuführen.		Premi [button_action] mentre tieni premuto verso sinistra o destra per fare un Passo Grind.	Aperte [button_jump] enquanto se move para esquerda ou direita para fazer um Deslocamento em Trilho.	Presiona [button_jump] mientras inclinas\na la izquierda o derecha para cambiar de riel.	Wciśnij [button_jump] podczas przechylania się\nna lewo lub prawo, aby wykonać Krok Szynowy.	按住左或右時，按下 [button_action] 就能換軌。	Öğütme Adımı yapmak için sol veya sağ tuşu basılı tutarken [button_jump] tuşuna bas.	Tryck på [button_jump] medan du håller vänster eller höger för att utföra ett Glidsteg.		Нажмите кнопку прыжка, удерживая левый стик\nвправо или влево, чтобы выполнить перескок на рельсу.
lp_adv_grindstep2_sh	(Press [button_action] during a Grind Step\nto land onto a nearby rail.)	「グラインドステップ中に[button_attack]を押すと\n近くのレールに着地するできるわ」	(Presiona [button_action] durante un Salto entre Raíles\npara aterrizar en un raíl próximo.)	Drücke [button_action], um nach einem Grind Step\nauf einem anderen Gleis in der Nähe zu landen.		Premi [button_action] durante un Passo Grind per atterrare su una ringhiera vicina.	Aperte [button_action] durante o Deslocamento em Trilho para aterrissar em um trilho abaixo de você.	Al cambiar de riel, presiona [button_action]\njusto encima del riel para aterrizar en él.	Wciśnij [button_action] podczas Kroku Szynowego\naby wylądować na kolejną szynę.	在換軌時按下 [button_action] ，就能降落在鄰近的軌道上。	Öğütme Adımı sırasında [button_action] tuşuna basarak yakındaki bir rayın üzerine inebilirsin.	Tryck på [button_action] under ett Glidsteg för att landa på ett närliggande räcke.		Нажмите кнопку действия во время перескока\nна рельсу, чтобы приземлиться на ближайший рельс.
lp_adv_grindstep3_sh	(You will get a score bonus\nif you perform a Grind Step successfully.)	グラインドステップが成功すると\nステップボーナスできるわ	(Si realizas un Salto entre Raíles con éxito,\nrecibirás una bonificación de puntos.)	Du wirst mit vielen Punkten belohnt,\nwenn du den Grind Step erfolgreich anwendest.		Avrai un punteggio bonus se fai un Passo Grind con successo.	Você ganhará um bônus de pontuação se realizar um Deslocamento em Trilho corretamente.	Obtendrás puntos extra si cambias de riel exitosamente.	Dostaniesz bonusowe punkty za poprawnie wykonany Krok Szynowy.	成功進行換軌就能獲得獎勵分數。	Bir "Öğütme Adımı"nı başarıyla tamamlarsanız puan bonusu kazanacaksın. 	Du får en poängbonus om du lyckas utföra ett Glidsteg		Вы получите бонусные очки, если успешно\nвыполните перескок на рельсу.
lp_adv_accel_jump_sh	Quickly press and release [button_jump]\nto do an Small Jump.	 [button_jump] を軽く押すと\n小ジャンプよ	(Pulsa [button_jump] brevemente para realizar un Brinco.)	Halte vorwärts und drücke [button_jump] kurz,\num einen Beschleunigungssprung zu machen.		Premi [button_jump] mentre ti muovi in avanti\nper fare un Salto Piccolo. 	Aperte e solte [button_jump] rapidamente\npara realizar um Pulo Curto.	¡Presiona ligeramente y suelta [button_jump]\npara dar un brinquito!	Podczas chodzenia do przodu wciśnij [button_jump]\naby wykonać Skok Akceleracyjny.	按住前方並輕按 [button_jump] ，\n便能使用加速跳躍。	İleriye doğru basılı tut ve Hızlanma Zıplaması \nyapmak için [button_jump] düğmesine dokun.	Håll framåt och tryck på [button_jump]\nför att göra ett Accelerationshopp.		Нажмите и сразу отпустите кнопку прыжка,\nчтобы сделать короткий прыжок.
lp_adv_accel_jump2_sh	(A Short Jump can quickly\nbring you to top speed.)	「小ジャンプはさっそく高速ができるわ」	(Un brinco puede ayudarte a acelerar\nmás rápido desde cero.)	Ein Beschleunigungssprung bringt dich\nsehr schnell auf deine Höchstgeschwindigkeit.		(Un Salto Piccolo può velocemente portarti alla tua velocità massima.)	Um Pulo Curto fará você ganhar velocidade máxima rapidamente.	¡Los brinquitos pueden ayudarte a llegar rápido a tu velocidad máxima!	Skok Akceleracyjny może szybko przywrócić Cię do maksymalnej prędkości.	使用加速跳躍就可以快速地達到最高速度。	Hızlanma atlayışı seni hızla en yüksek hıza ulaştırabilir.	Ett Accelerationshopp kan snabbt ta dig upp till toppfart.		Если сделаете короткий прыжок,\nто ваша скорость резко возрастёт.
lp_pearls_sh	Collecting Pearls will fill up your Soul Gauge.	パールをとると　ソウルゲージがたまっていくわ	Recoger Perlas llena tu Barra de Almas.	Sammle Peerlen, um deine Soul Gauge aufzufüllen.		Collezzionare Perle ti riempirà la Barra dell'Anima.	Coletar Pérolas encherá a sua Barra Espiritual.	Recoger Perlas llenará gradualmente tu\nMedidor de almas.	Zbieranie Pereł zapełni twój Pasek Dusz.	收集魂珠會累積魂力量表。	İnci toplamak ruh göstergeni dolduracaktır.	Att samla Pärlor kommer att fylla din själsmätare.		Когда собираете жемчужины,\nнакапливается шкала души.
lp_speedbreak_desc_sh	You can run ultra fast\nwhen performing a Speed Break.	スピードブレイク中は\n超高速で走ることができるわ	Puedes correr a velocidades vertiginosas\nmientras realizas un Impulso.	Du kannst ultraschnell rennen, wenn du einen Speed Break ausführst.		Puoi correre super veloce\nmentre attivi una Rottura della Velocità.	Você pode correr muito rápido ao realizar um Impulso Veloz.	Con el Speed Break puedes alcanzar\nvelocidades muy altas.	Możesz biec mega szybko podczas wykonywania Zrywu Pędu.	使用速度突破就能以超快速度衝刺。	Hız kesme hareketi yaptığında\nultra hızlı koşabilirsiniz.	Du kan springa ultrasnabbt\nnär du gör en Fartbrytning.		Во время ускорения вы побежите\nна супервысокой скорости.
lp_speedbreak_input_sh	When your Soul Gauge has power,\npress [button_speedbreak] and hold to do a Speed Break.	ソウルゲージが溜まってときに\n [button_speedbreak] を押すとスピードブレイクよ	Cuando tu Barra de Almas esté suficientemente\nllena, pulsa y mantén [button_speedbreak] para realizar un Impulso.	Sobald deine Soul Gauge Kraft erlangt,\nkannst du Speed Break mit [button_speedbreak] aktivieren.		Quando la tua Barra dell'Anima ha abbastanza potenza,\mpremi [button_speedbreak] per attivare la Rottura della Velocità	Quando sua Barra Espiritual tiver energia,\naperte [button_speedbreak] para realizar um Impulso Veloz.	Cuando el Medidor de almas esté lleno, presiona\n[button_speedbreak] para realizar un Speed Break.	Kiedy twój Pasek Dusz się podświetli,\nwciśnij [button_speedbreak] aby wykonać Zryw Pędu.	當你的魂力量表有足夠的能量時，\n按下 [button_speedbreak] 就能使用速度突破。	Ruh göstergen dolu olduğunda, Hız Kırma\nyapmak için [button_speedbreak] düğmesine bas.	När din själsmätare har fått energi,\ntryck på [button_speedbreak] för att göra en Fartbrytning.		Если нажать кнопку ускорения, когда шкала души\nнаполнится, то активируется ускорение.
lp_timebreak_desc_sh	During Time Break, everything around you will slow down.	タイムブレイク中は　まわりの時間を\nゆっくりにすることができるわ	Durante la Ralentización, todo\na tu alrededor irá más lento.	Im Time Break verlangsamt sich alles um dich herum.		Durante una Rottura del Tempo, tutto quello che hai intorno rallenterà.	Durante o Atraso Temporal, tudo ao seu redor ficará mais lento.	Con el Time Break puedes ralentizar\ntodo tu entorno.	Podczas Zrywu Czasu, wszystko wokół Ciebie się zwolni.	使用速度突破時，\n你周遭的一切事物都會慢下來。	Zaman Duraklaması sırasında çevrendeki her şey yavaşlayacak.	Under Tidsbrytningen, kommer allt runt omkring dig att sakta ner.		Во время замедления вокруг\nостанавливается время.
lp_timebreak_input_sh	When your Soul Gauge has power,\npress [button_timebreak] and hold to do a Time Break.	ソウルゲージが溜まってときに\n [button_timebreak] を押すとタイムブレイクよ	Cuando tu Barra de Almas esté suficientemente\nllena, pulsa y mantén [button_timebreak] para realizar la Ralentización.	Sobald deine Soul Gauge Kraft erlangt,\nkannst du Time Break mit [button_timebreak] aktivieren.		Quando la tua Barra dell'Anima ha abbastanza potenza,\mpremi [button_timebreak] per attivare la Rottura del Tempo.	Quando sua Barra Espiritual tiver energia,\naperte [button_timebreak] para realizar um Atraso Temporal.	Cuando el Medidor de almas esté lleno, presiona\n[button_speedbreak] para realizar un Time Break.	Kiedy twój Pasek Dusz się podświetli,\nwciśnij [button_timebreak], aby wykonać Zryw Czasu.	當你的魂力量表有足夠能量時，\n按下 [button_timebreak] 就能使用時間突破。	Ruh göstergen dolu olduğunda, Zaman Kırılması\nyapmak için [button_timebreak] düğmesine bas.	När din själsmätare har fått energi,\ntryck på [button_timebreak] för att göra en Tidsbrytning.		Если нажать кнопку замедления, когда шкала души\nнаполнится, то активируется замедление.
lp_perfect_homing_attack_sh	Press [button_attack] when the green marks overlap\nthe red circle to perform a Perfect Homing Attack.	緑マークが赤い円と重なった時に [button_attack]  を押すと\nパーフェクトホーミングアタックよ	Presiona [button_attack] cuando las marcas verdes solapen la retícula\npara realizar un Ataque Teledirigido Perfecto.	Wende eine Perfekte Homing Attack an, indem du [button_attack] drückst\nsobald sich der grüne und der rote Kreis überlappen.		Per effettuare un Attacco a Ricerca Perfetto, premi [button_attack]\nquando l'indicatore d'aggancio verde sovrappone con il cerchio rosso. 	Para realizar um Ataque Direcionado Perfeito, aperte [button_attack]\nquando as marcas verdes entrarem no circulo vermelho.	Para realizar un Ataque teledirigido perfecto, presiona [button_attack]\ncuando las guías verdes estén sobre\nel círculo rojo.	Aby wykonać Perfekcyjny Atak Naprowadzający,\nwciśnij [button_attack] kiedy zielony znak najedzie na czerwone kółko.	當綠色的符號跟紅色的圓圈重疊時，\n [button_attack] 就能發動完美追蹤攻擊。	Kusursuz Güdümlü Saldırı gerçekleştirmek için, yeşil\nişaretler kırmızı dairenin üzerine geldiğinde [button_attack] düğmesine bas.	Tryck på [button_attack] när de gröna markeringarna överlappar\nden röda cirkeln för att utföra en Perfekt Målsökande Attack.		Для выполнения идеальной Самонаводящейся атаки,\nнажмите кнопку атаки, когда зелёный\nи красный прицелы пересекутся.
lp_perfect_homing_attack2_sh	Perfect Homing Attacks travel faster and\ndo more damage than regular Homing Attacks.	「ホーミングアタックより移動速度が速く\n攻撃力が増加する」	El Ataque Teledirigido Preciso es más rápido\ny poderoso que uno estándar.	Perfekte Homing Attacks sind schneller und\nfügen Gegnern mehr Schaden zu als reguläre Homing Attacks.		L'Attacco a Ricerca Perfetto viaggia più velocemente e fà più danno degli Attacchi Mirati normali.	Ataques Direcionados Perfeitos são mais rápidos\ne causam mais dano do que Ataques Direcionados.	Los Ataques teledirigidos perfectos son más rápidos\ny hacen más daño que los normales.	Perfekcyjny Atak Naprowadzający jest szybszy\ni zadaje więcej obrażeń od zwykłego Ataku Naprowadzającego.	完美追蹤攻擊比普通追蹤攻擊移動速度更快，\n攻擊力也更高。	Kusursuz Güdümlü Saldırılar, normal Güdümlü Saldırılardan\ndaha hızlı ilerler ve daha fazla hasar verir.	Perfekta Målsökande Attacker färdas snabbare och\ngör mer skada än vanliga Målsökande Attacker.		Идеальные Самонаводящиеся атаки выполняются\nбыстрее и наносят больший урон, чем обычные\nСамонаводящиеся атаки.
lp_perfect_homing_attack3_sh	They also increase your defense while they are active.	「パーフェクトホーミングアタック中\n防御力が追加されるよ」	También aumenta tu defensa mientras lo realizas.	Währenddessen steigern sie auch deine Verteidigung.		Ti aumentano anche la difesa mentre sono attivi.	Eles também aumentam a sua defesa enquanto estiverem ativos.	También aumentan tu defensa mientras los realizas.	Zwiększają one również twoją obronę podczas gdy są aktywne.	你的防禦力也會在發動過程中提高。	Aktif oldukları süre boyunca savunmanı da artırırlar.	De stärker också ditt försvar medan de är aktiva.		Они также повышают вашу защиту, пока выполняются.
lp_volcano_slider_sh	Hold down [button_crouch] to slide.	[button_crouch] を押し続けると\nスライディングよ	Mantén presionado [button_crouch] para deslizarte.	Halte beim Bewegen [button_action] gedrückt, um zu rutschen.		Tieni premuto [button_crouch] quando ti muovi per scivolare.	Segure [button_crouch] enquanto estiver em movimento para deslizar.	Presiona [button_crouch] al moverte para deslizarte.	Wciśnij i przytrzymaj [button_crouch], aby wykonać wślizg.	在移動時按住 [button_crouch] 就能滑行。	Hareket halindeyken [button_crouch] düğmesini basılı tutarak kay.	Håll [button_crouch] medan du Rör Dig för att glida.		Удерживайте кнопку действия, чтобы скользить.
lp_volcano_slider2_sh	While sliding, you can damage enemies\nand break obstacles.	スライディング中　敵や障害物に\nダメージを与えることができるわ	Mientras te deslizas, puedes hacer daño a\nenemigos y romper obstáculos.	Beim Rutschen kannst du Gegner angreifen und Hindernisse zerstören.		Mentre Scivoli, puoi danneggiare i nemici\ne gli ostacoli.	Enquanto estiver deslizando, você pode danificar inimigos\ne quebrar obstaculos.	Al deslizarte podrás dañar enemigos\ny romper obstáculos.	Podczas wślizgu możesz zadawać obrażenia\nprzeciwnikom i niszczyć przeszkody.	滑行時，你可以攻擊敵人\n並打碎障礙物。	Kayma hareketi yaparken düşmanlara hasar verebilir ve engelleri kırabilirsin.	När du glider så kan du skada fiender\noch bryta hinder.		Во время скольжения вы можете наносить\nурон врагам и препятствиям.
lp_fire_gaze_sh	Press [button_action] while Jumping\nto attack straight down!	ジャンプ中に [button_action] を押すと\n真下に攻撃することができるわ！	¡Pulsa [button_action] en el aire para\nrealizar un pisotón que hace daño!	Drücke [button_action] in der Luft, um zu Stampfen!		Premi [button_action] mentre Salti per andare dritto in giù!	Aperte [button_action] durante um pulo para descer reto!	¡Presiona [button_action] mientras saltas\npara dar un pisotón!	Wciśnij [button_action] podczas Skakania,\naby zaatakować prosto w dół!	跳躍時按下 [button_action] ，\n就能垂直向下攻擊！	Zıplarken [button_action] tuşuna basarak doğrudan aşağı doğru saldır!	Tryck på [button_action] medan du Hoppar för att attackera rakt ner!		Нажмите кнопку действия во время прыжка,\nчтобы атаковать прямо вниз!
lp_down_cancel_sh	If you get knocked back, press [button_jump],\nand you'll flip back upright in no time!	ダメージで吹き飛ばされている間に [button_jump] を押すと\nすぐに体勢を立て直すことができるわ	¡Si recibes daño, pulsa [button_jump]\ny recuperarás el control de inmediato!	Falls du zurückgeschlagen wirst, drücke [button_jump],\ndamit du im Nu wieder aufrecht stehst!		Se vieni respinto, premi [button_jump],\ne ti rialzerai in piedi in un istante!	Caso seja jogado para trás, aperte [button_jump],\npara se recuperar!	¡Si te derriban, presiona [button_jump] y\nte levantarás de inmediato!	Jeśli zostaniesz powalony, wciśnij [button_jump],\naby wstać od razu na nogi!	被攻擊打飛時，\n按下 [button_jump] 就能立刻重整姿態！	Geriye doğru savrulursan, [button_jump] tuşuna\nbas ve anında tekrar dik pozisyona geçersin!	Om du blir bakåtslagen, tryck på [button_jump],\nså ställs du upp på nolltid!		Если вас отбросит назад от удара,\nнажмите кнопку прыжка, чтобы сразу встать!
lp_backflip_sh	If you press [button_jump] while moving backwards,\nyou can leap back quickly.	後ろに移動中に [button_jump] を軽くちょんと押すと\n素早く　後ろに移動できるわ	Si pulsas [button_jump] mientras caminas hacia atrás,\npuedes dar una veloz voltereta en esa dirección.	Falls du im Rückwärtsgang [button_jump] drückst,\nkannst du schnell zurückspringen.		Se premi [button_jump] mentre ti stai muovendo all'indietro,\npuoi balzare all'indietro velocemente.	Se você apertar [button_jump] enquanto se move para trás,\nvocê pode se esquivar para trás rapidamente.	Si presionas [button_jump] mientras vas hacia atrás\npodrás saltar hacia atrás rápido.	Jeśli wciśniesz [button_jump] podczas cofania się, możesz szybko skoczyć do tyłu.	往後移動時，按下 [button_jump] 就能快速地往後跳。	Geriye doğru hareket ederken [button_jump]\ntuşuna basarsan, hızlıca geriye sıçrayabilirsin.	Om du trycker på [button_jump] medan du rör dig bakåt,\nså kan du hoppa bakåt snabbt.		Двигаясь назад, нажмите кнопку прыжка,\nчтобы сделать прыжок назад.
lp_splash_jump_sh	If you do a Jump Dash and hit a wall,\nyou can flip right over it.	ジャンプダッシュで壁に当てると\nそのまま壁を飛び越えることができるわよ	Si realizas un Acelerón Aéreo contra una pared,\nobtendrás algo de altura extra.	Wenn du einen Jump Dash ausführst und eine Wand triffst,\nkannst du darüber springen.		Se fai un Salto a Scatto e colpisci un muro,\n potrai saltarlo.	Se você fizer uma Investida e acertar uma parede,\nvocê realizará um pulo extra.	Si chocas contra una pared con un Arranque en salto,\npuedes saltarla.	Jeśli wykonasz Skok Pędowy i uderzysz nim w ścianę,\nmożesz przez nią przeskoczyć.	如果跳躍衝刺撞到牆，\n就能直接跳過去。	Eğer zıplayarak hızlanırken duvara çarparsan,\nduvarın üzerinden takla atabilirsin.	Om du gör en Hopprusning och träffar en vägg,\nså kan du volta rakt över den.		Если во время рывка в прыжке попасть\nв стену, то сможете преодолеть стену.
lp_quickstep_sh	(Press [button_step_left]/[button_step_right] while moving forward\nto quickly step left or right.)	「前進しながら [button_step_left] / [button_step_right] を押すと\n左右にステップするわ」	(Presiona [button_step_left] o [button_step_right] mientras avanzas para\ndar un Paso Rápido a izquierda o derecha.)	Drücke [button_step_left] [button_step_right] während du dich nach vorn bewegst,\num schnell nach links oder rechts zu schreiten.		Premi [button_step_left] [button_step_right] mentre ti muovi in avanti\nper fare un passo veloce a sinistra o a destra.	Aperte [button_step_left] [button_step_right] enquanto se move para frente\npara se deslocar rápidamente para a esquerda ou direita.	Presiona [button_step_left] o [button_step_right] mientras avanzas\npara dar un paso en esa dirección.	Wciśnij [button_step_left] [button_step_right] podczas ruszania się do przodu,\naby zrobić szybki krok w lewo lub prawo.	往前移動時，按下 [button_step_left]/[button_step_right] \n就能快速地移動至左或右。	İleri doğru hareket ederken sola veya sağa hızlıca adım atmak\niçin [button_step_left] [button_step_right] tuşlarına bas.	Tryck på [button_step_left]/[button_step_right] medan du rör dig framåt\nför att snabbt stega åt vänster eller höger.		Нажимайте кнопки """Шаг в сторону""" вправо или\nвлево во время движения вперёд, чтобы быстро\nсделать "Шаг в сторону" вправо или влево.
lp_quickslide_sh	(Hold [button_step_left]/[button_step_right] while moving forward\nto slide left or right.)	「前進しながら [button_step_left] / [button_step_right] を押し続けると\n左右にスライドするわ」	(Mantén presionado [button_step_left] o [button_step_right] mientras avanzas para\ndeslizarte a izquierda o derecha.)	Halte [button_step_left] [button_step_right] gedrückt, während du\ndich nach vorn bewegst, um nach links oder rechts zu rutschen.		Tieni premuto [button_step_left] [button_step_right] mentre ti muovi in avanti\nper scivolare a sinistra o a destra.	Aperte e segure [button_step_left] [button_step_right] enquanto se move para frente\npara deslizar para a esquerda ou direita.	Presiona y mantén [button_step_left] o [button_step_right] mientras avanzas\npara deslizarte en esa dirección.	Wciśnij i trzymaj [button_step_left] [button_step_right] podczas ruszania się do przodu,\naby ślizgać się w lewo lub prawo.	往前移動時，按住 [button_step_left]/[button_step_right] \n就能滑行至左或右。	İleri doğru hareket ederken [button_step_left] [button_step_right]\ntuşlarına basılı tutarak sola veya sağa kaydır.	Håll [button_step_left]/[button_step_right] nedtryckt medan du rör dig framåt\nför att glida åt vänster eller höger.		Нажимайте и удерживайте кнопки """Шаг в сторону"""\nвправо или влево во время движения вперёд,\тчтобы сделать скольжение вбок.
														
														
														
sand_oasis	Sand Oasis	サンド　オアシス	Oasis de Arena	Sand Oasis	Sand Oasis	Oasi Sabbiose	Sand Oasis	Oasis Arenoso	Piaszczysta Oaza	沙漠綠洲	Kum Vahası	Sandoas		Песчаный оазис
sand_oasis_description	A desert strewn about with ruins.	砂漠にひろがる遺跡群。	Un desierto cubierto de ruinas.	Die von Ruinen übersäte Wüste.	Un désert rempli de ruines.	Un deserto con rovine sparse dappertutto.	Um deserto repleto de ruínas.	Un conjunto de ruinas que se extiende por el desierto.	Pustynia usiana ruinami.	佈滿遺跡的沙漠。	Harabelerle dolu bir çöl.	En öken spridd med ruiner.		Руины, простирающиеся по пустыне.
oas_opening_so	First, let's find the king's palace.	まずは王宮を目指すんだよな	Busquemos el palacio del Sultán.	Lass uns zuerst den Palast des\nKönigs finden.	Trouvons d'abord le palais du roi.	Come prima cosa, troviamo il palazzo del re.	Pra começar, vamos achar o palácio do rei.	Primero, vayamos al palacio real.	Najpierw znajdżmy pałac króla.	首先，我們得找到王宮。	Önce kralın sarayını bulalım.	Först, låt oss hitta kungens palats.		Сначала нам надо\nв царский дворец, да?
oas_opening_sh	Yes, let's hurry!	そう　急ぎましょ！	Sí, ¡démonos prisa!	Genau, beeilen wir uns!	Dépêchons-nous !	Sì, sbrighiamoci!	Sim, vamos logo!	¡Sí, démonos prisa!	Tak, pośpieszmy się!	沒錯，我們得動作快！	Evet, hadi acele edelim!	Ja, låt oss skynda på!		Да! Надо поторопиться!
oas_pillar_sh	That pillar is being manipulated by magic! Look out!	魔法で柱が動き始めています!\n気をつけて！	¡Cuidado! ¡Están manipulando los pilares con magia!	Die Säulen werden durch\nZauberei bewegt! Sieh nur!	Ce pillier est manipulé par magie ! Attention !	Quel pilastro sta venendo manipolato dalla magia! Fai attenzione!	Aquele pilar está sendo manipulado por magia! Cuidado!	¡Los pilares se mueven por arte de magia!\n¡Cuidado con ellos!	Te filary są manipulowane przez magię! Uważaj!	小心！柱子被魔法操控住了！	O sütun sihirle manipüle ediliyor! Dikkat et!	Den där pelaren manipuleras av magi! Se upp!		Колонны начали двигаться из-за магии!\nБудь осторожен!
oas_uturn_sh	It's a dead end!	ちょっ　この先は壁よ！	¡Un callejón sin salida!	Hier geht's nicht weiter!	C'est une impasse !	È un vicolo cieco!	É um beco sem saída!	¡Hay una pared adelante!	To ślepy zaułek!	前面是死路啊！	Çıkmaz yol!	Det är en återvändsgränd!		Стой, впереди стена!
oas_uturn_so	Whoops! Time to make a U-turn!	ちょっとUターンするぜ	¡Ups! ¡Habrá que tomar una curva!	Huups! Kehrtwende!	Oups ! Temps de faire demi-tour !	Ops! Tempo di fare una inversione a U!	Oops! Hora de dar meia-volta!	Bueno, demos vuelta en U.	Ups! Czas na mały U-nik!	嗚哇！那就讓我迴轉一下！	Whoops! U dönüşü yapma zamanı!	Whoops! Dags att göra en U-sväng!		Развернусь немного!
oas_interior_sh	It should be cooler inside.	中は涼しいわね	Ahí dentro hará menos calor.	Drinnen ist es bestimmt kühler.	Il devrait faire plus frais à l'intérieur.	Dovrebbe essere più freddo all'interno.	Deve estar mais fresquinho aqui dentro.	Adentro debe estar más fresco.	Powinno być chłodniej w środku.	裡面應該會涼快點。	İçerisi daha serin olmalı.	Det borde vara svalare på insidan.		Внутри должно быть прохладно.
oas_interior_so	Um...Doesn't quite look like it.	そーでも無いみたいだぜ	Pues... Me da que no.	Ähm... Sieht nicht danach aus.	Euh... On dirait que non.	Em...Non sembra affatto cosí.	Hmm... Pelo visto não é o caso.	Sí... Parece que no.	Em... Nie do końca na to wygląda.	呃…看樣子並沒有。	Hımm... Pek öyle görünmüyor.	Um...Ser inte direkt ut som det.		Эм... Не похоже, что это так.
oas_sandfall_event_sh	Huh? What?	な　何！？	¿Eh? ¿Qué?	Hä? Was?	Hein ? Quoi ?	Eh? Cosa?	Hã? O quê?	¡¿Q-Qué?!	Hę? Co?	欸？什麼！？	Huh? Ne?	Huh? Vadå?		Ч-что?!
oas_sandfall_event_so	Woah!	うぉー！	¡Hala!	Woah!	Woah !	Woah!	Uou!	¡Guau!	Ło!!	嗚喔！	Woah!	Woah!		Оу!
oas_sandfall_event2_so	Ha!	は!	¡Ja!	Ha!	Ha !	Ha!	Há!	¡Ja!	Ha!	哈！	Ha!	Ha!		Ха!
oas_sandfall_event3_so	Whew! That was a close one!	ヒュー！ 危機一髮だったな	¡Buf! ¡Por los pelos!	Puh! Das war knapp!	Fiou ! Ce n'est pas passé loin !	Fiuu! C'è mancato poco!	Ufa! Essa foi por pouco!	¡Fiu! ¡Estuvo cerca!	Fiu! O mały włos!	呼！真是千鈞一髮呢！	Whew! Bu çok yakındı!	Whew! Det var nära ögat!		Уф-ф-ф! Ещё чуть-чуть, и я бы всё!
oas_pier_sh	Just past that pier is the town.	あの桟橋を過ぎれば　すぐ街よ	Tras cruzar el muelle, llegaremos a la ciudad.	Die Stadt liegt direkt hinter\ndem Steg.	La ville se trouve après cette jetée.	Dopo quel molo c'è la città.	Logo após aquele cais está a cidade.	Pasando ese muelle, estaremos en la ciudad.	Tuż za molo znajduje się miasto.	經過那個碼頭就到城鎮裡了。	İskelenin hemen ilerisinde kasaba var.	Precis förbi den där piren ligger byn.		За мостом сразу будет город.
oas_town_so	A town! The king's palace must be close!	マジ？　そろそろ王宮を近いのか？	¿La ciudad?\nEstamos cerca del palacio, ¿no?	Ne Stadt? Dann kann der Palast ja auch nicht mehr weit sein!	Une ville ! Le palais du roi doit être proche !	Una città! Il palazzo del re deve essere vicino!	Uma cidade! O palácio do rei deve estar por perto!	¿En serio?\n¿Estamos cerca del palacio real?	Miasto! Pałac króla musi być blisko!	是城鎮！那宮殿肯定就在附近了！	Bir kasaba! Kralın sarayı yakında olmalı!	En by! Kungens palats måste vara nära.		Город! Царский дворец совсем близко!
oas_palace_so	There it is! I see it!	見えた！あれだな	¡Ahí está! ¡Ya puedo verlo!	Da wären wir, Zeit "hallo" zu sagen!	Le voilà ! Je le vois !	Eccolo lí! Lo vedo!	Lá está! Posso vê-lo!	¡Ahí está! Ese es.	Tam jest! Widzę go!	看啊！就是那個吧！	İşte orada! Görüyorum!	Där är den! Jag ser den!		Я вижу! Это же он?
oas_palace_sh	That's the king's palace!	あれ!あれが王宮よ	¡Ese!\n¡Ese es su palacio!	Das ist der Palast des Königs!	C'est le palais du roi !	Quello è il palazzo del re!	Aquele é o palácio do rei!	¡Sí, el palacio real!	To pałac króla!	那個就是王宮了！	Bu kral'ın sarayı!	Det där är kungens palats!		Да! Это царский дворец!
oas_return_sh	Are you ready?	準備連動は済んだ?	¿Estás preparado?	Bist du bereit?	Prêt ?	Sei pronto?	Você está pronto?	¿Te sientes listo?	Jesteś gotów?	準備好了嗎？	Hazır mısın?	Är du redo?		Ты подготовился?
oas_return_so	Shahra!\nLet me show you just how fast I am!	シャーラ!今からオレのスピードみせてやるぜ！	¡Shara,\nte enseñaré lo rapido que puedo llegar a ser!	Shahra! Du wirst dich noch\nwundern, was schnell überhaupt heißt!	Shahra!\nLaisse-moi te montrer ma vitesse !	Shahra!\nLascia che ti mostri quanto sono veloce!	Shahra!\nDeixa eu te mostrar o quão rápido eu sou!	¡Shahra, te mostraré lo rápido que soy!	Shahra!\nTylko zobacz jaki jestem szybki!	夏拉！\n讓我秀給你看我有多快吧！	Shahra!\nSana ne kadar hızlı olduğumu göstereyim!	Shahra\nLåt mig visa dig precis hur snabb jag är!		Шахра!\nСейчас я покажу тебе свою скорость!
														
														
oas_boss_intro_so	Aha, he seems pretty tough.\nAll right, let's do this!	ふーん　強そうだな\nかかってきな！	¡Hum!, parece un rival formidable.\nAsí que, ¡a por todas!	Hm, der scheint mehr drauf zu haben als der Rest.\nAlso gut, los geht's!	Aha, il a l'air féroce !\n Allez, c'est parti !	Aha, sembra abbastanza forte.\nBene, facciamolo!	Hah, ele tem cara de durão.\nBeleza, vamos nessa!	¡Jum, se ve fuerte!\n¡Pues hagámoslo!	Aha, wygląda na twardziela.\nW porządku, zróbmy to!	啊哈，看樣子不好惹呢。\n好啊，來做吧！	Aha, çok güçlü görünüyor.\nPekala, hadi bunu yapalım!	Aha, han verkar ganska tuff.\nOkej, nu kör vi!		Хм, а ты, похоже, сильный.\nИди сюда!
oas_boss_hint1_sh	Watch out for its tail attack!	しっぽの攻撃に気をつけて！	¡Atento a sus ataques con la cola!	Nimm dich vor seinem Stachel in Acht!	Attention à sa queue !	Sta attento al suo attacco con la coda!	Cuidado com o ataque da cauda dele!	¡Cuidado cuando ataque con la cola!	Uważaj na jego atak ogonem!	小心它的尾巴攻擊！	Kuyruk saldırısına dikkat et!	Akta dig för dess svansattack!		Осторожно, он атакует хвостом!
oas_boss_hint2_sh	The big eyeball on its back seems to be its weak point!	あの　背中の大きな目玉が\n弱点みたいよ！	¡El globo ocular de su espalda parece ser su punto débil!	Das große Auge auf seinem Rücken ist seine Schwachstelle!	Le gros oeil rouge dans son dos semble être son point faible !	Quel grosso occhio sulla schiena sembra essere il suo punto debole!	Parece que esse olho gigante nas costas dele é o ponto fraco!	¡Ese gran ojo que tiene en la\nespalda parece ser su punto débil!	To wielkie oko na jego plecach wygląda na słaby punkt!	在它背上的大眼球似乎是它的弱點！	Sırtındaki büyük göz onun zayıf noktası gibi görünüyor!	Den stora ögongloben på dess rygg verkar vara dess svaga punkt!		Похоже, что эти огромные глаза\nна спине - его слабое место!
oas_boss_hint3_sh	Try using the scorpion's tail to reach the eye on its back!	あのサソリのシッポを使って\n背中の目玉まで行けないかしら？	¡Prueba ir por su cola para llegar al ojo de su espalda!	Versuche über den Stachel des Skorpions das Auge zu erreichen!	Essaie d'utiliser la queue du scorpion pour atteindre son dos !	Prova ad usare la coda dello scorpione per raggiungere l'occhio sulla schiena!	Tente usar a cauda do escorpião para chegar ao olho nas costas dele!	¿Podrás usar su cola para alcanzar\nel ojo de su espalda?	Spróbuj dotrzeć do oka skorpiona używając jego ogona!	利用蠍子的尾巴來攻擊背上的眼睛吧！	Akrebin kuyruğunu kullanarak sırtındaki göze ulaşmayı dene!	Försök använda skorpionens svans för att nå ögat på dess rygg!		Можно ли добраться до глаз на спине,\nесли использовать его хвост?
oas_boss_hint4_sh	That huge eye just has to be its weak point.	やっぱり　あの大きな目玉が\n弱点なんじゃないかしら…？	Ese ojo tiene que ser su punto débil...	Dieses große Auge da muss seine Schwachstelle sein.	Cet oeil énorme est forcément son point faible.	Quel grosso occhio deve essere il suo punto debole.	Aquele olho gigante só pode ser o ponto fraco.	Supongo que ese ojo de la\nespalda es su punto débil.	To ogromne oko musi jego słabym punktem.	那顆大眼球肯定是它的弱點。	O kocaman göz onun zayıf noktası olmalı.	Det stora ögat bara måste vara dess svaga punkt.		Всё-таки, наверное, эти огромные\nглаза - его слабое место.
oas_boss_hit1_sh	Look, it's working!	すごい\nかなりきいてるみたいよ ！	¡Genial!	Schau mal, es funktioniert!	Regarde, ça fonctionne !	Guarda, sta funzionando!	Olha, tá funcionando!	¡Genial! ¡Parece que eso funciona!	Spójrz, to działa!	看啊，奏效了！	Bak, işe yarıyor!	Titta, det funkar!		Молодец! Похоже, это сработало!
oas_boss_hit1_so	That's it! The eye is its weak point!	やっぱりな!\nあの目が弱点ってわけか！	¡Lo sabía! ¡El ojo es su punto débil!	Das ist es! Das Auge ist sein Schwachpunkt!	C'est ça ! L'oeil est son point faible !	Lo immaginavo! L'occhio è il suo punto debole!	Isso! O olho é o ponto fraco dele!	¡Lo sabia! ¡Ese ojo es su punto débil!	To jest to! Oko jest jego słabym punktem!	幹得好！眼球果然就是弱點！	İşte bu! Göz zayıf kısmı!	Det är det! Ögat är dess svaga punkt!		И правда! Эти глаза действительно\nего слабое место!
oas_boss_hit2_so	This guy just doesn't give up!	クッ　しぶとい野郎だぜ！	¡No se da por vencido!	Der Dicke hatte wohl noch nicht genug!	Ce type n'abandonne jamais !	Questo tipo non vuole proprio arrendersi!	Esse cara não desiste!	Mier... ¡Qué tipo más terco!	Gość się po prostu nie poddaje!	這傢伙就是不肯放棄欸！	Bu adam pes etmeyecek!	Den här killen ger sig bara inte!		Чёрт! Какой он крепкий!
oas_boss_hit3_so	Looks like he can't take much more of this!	そろそろ終わりにしようか！	¡Parece que no puede aguantar mucho más!	Nur noch ein bisschen!	On dirait qu'il n'en peut plus !	Sembra che non c'è la faccia più!	Parece que ele não vai durar muito!	¡Terminemos con esto rápido!	Najwidoczniej dłużej tego nie wytrzyma!	看樣子它很快就要被打倒了！	Anlaşılan daha fazla dayanamayacak!	Ser ut som att han inte klarar mycket mer av det här!		Давай уже покончим с этим!
oas_boss_hit4_sh	Just one more hit!	もう一息ね！	¡Solo queda un último golpe!	Ein Treffer noch!	Plus qu'un coup !	Solo un'altro colpo!	Só mais um acerto!	¡Sólo un poco más!	Jeszcze jeden cios!	再一擊！	Sadece bir vuruş daha!	Bara en till träff!		Ещё немного!
oas_boss_defeat_so	Sorry, but you were in my way.	悪いな\n後がつかえているんだ！	Siento derrotarte; ¡no haberte cruzado conmigo!	Sorry, man, aber du warst mir im Weg.	Désolé, mais tu étais sur mon chemin.	Scusami, ma mi stavi intralciando.	Foi mal, mas você estava no meu caminho.	¡Perdona, pero tengo algo de prisa!	Sory, ale stałeś mi na drodzę.	抱歉啦，但擋路的人是你。	Üzgünüm, ama yolumdaydın.	Förlåt, men du var i min väg.		Извини, но меня уже ждут!
														
oas_idle_heat_so	It's so hot! Even my quills are sweating!	あつっ、トゲがジリジリするぜ！	¡Qué calor! ¡Me sudan hasta las púas!	Es ist so heiß! Selbst meine Stacheln schwitzen!	Quelle chaleur ! Même mes épines suent !	Che caldo! Pure i miei aculei stanno sudando!	Tá tão quente! Até os meus espinhos estão suando!	¡Qué calor! ¡Se me queman las púas!	Ale upał! Nawet kolce mi się pocą!	好熱啊！就連我的刺也都是汗！	Çok sıcak! Tüylerim bile terliyor!	Det är så varmt! Även mina taggar svettas!		Жарко! У меня дрожат иглы.
oas_idle_shoes_so	Man, I've got sand in my shoes!	たく、靴の中が砂だらけだぜ！	¡Jo!, ¡tengo los zapatos llenos de arena!	Man, ich hab Sand in meinen Schuhen!	Ah, du sable est rentré dans mes chaussures !	Cavoli, Ho la sabbia nelle scarpe!	Mano, entrou até areia nos meus sapatos!	¡Rayos, se me metió arena a los zapatos!	O chłopie, mam piasek w butach!	哎呀，沙子都跑進鞋子裡了！	Adamım, ayakkabıma kum girmiş!	Åh, Jag har fått sand i skorna!		Да блин, у меня в обуви куча песка!
oas_idle_beach_sh	The beach is so...	浜辺がこんな…	Esta playa es tan...	Der Strand ist so...	La plage est si...	La spiaggia è cosí...	Essa praia é tão...	Esta playa es...	Ta plaża jest taka...	這座沙灘好…	Sahil çok...	Stranden är så...		Какой красивый пляж...
oas_idle_sandfall_so	A waterfall? Made of sand?	砂の滝?	Una cascada... ¿de arena?	Ein Wasserfall? Aus Sand?	Une chute... de sable ?	Una cascata? Fatta di sabbia?	Uma cachoeira? Feita de areia?	¿Un cascada de arena?	Wodospad? Z piasku?	這是瀑布？流的都是沙欸？	Bir şelale mi? Kumdan yapılma mı?	Ett vattenfall? Gjort av sand?		Песчаный водопад?
oas_idle_sandfall_sh	Stay clear. This is no time for a sand bath!	ちょっと、滝に見とれてる場合じゃないでしょ！	¡Concéntrate, Sonic! ¡No es momento de tumbarse en la arena!	Bleib davon fern. Wir haben keine Zeit für ein Sandbad!	Attention, ce n'est pas le moment pour un bain de sable !	Fai il serio. Non è il momento di fare un bagno di sabbia!	Concentre-se. Não é hora de tomarmos banho de areia!	¡Oye, no es momento de admirar la cascada!	Ostrożnie. To nie czas na kapięl piaskową!	別太靠近了。現在沒有時間泡沙浴！	Uzak dur. Kum banyosu yapmanın zamanı değil!	Håll dig undan. Nu är ingen tid för ett sandbad!		Да блин!\nСейчас не время любоваться водопадом!
														
														
														
dinosaur_jungle	Dinosaur Jungle	ダイナソー　ジャングル	Jungla Jurásica	Dinosaur Jungle	Dinosaur Jungle	Giungla dei Dinosauri	Dinosaur Jungle	Dino Jungla	Dżungla Dinozaurów	恐龍叢林	Dinazor Ormanı	Dinosauriejungel		Джунгли динозавров
dinosaur_jungle_description	A forest dominated by ancient beasts.	恐竜が支配する森。	Un bosque dominado por bestias ancestrales.	Im Wald der Steinzeittiere.	Une forêt dominée par des bêtes anciennes.	Una giungla dominata da creatura antiche.	Uma floresta dominada pelas bestas ancestrais.	Una jungla dominada por dinosaurios.	Las opanowany przez starożytne bestie.	被恐龍支配的森林。	Antik canavarların egemen olduğu bir orman.	En skog dominerad av uråldriga odjur.		Лес, в котором господствуют динозавры.
din_event_trio_so	Whoa! Something's after us!	ウワォ！　なんか追ってきたぜ！	¡Eh! ¡Algo nos persigue!	Woah! Wir werden verfolgt!	Whoa ! Quelque chose nous suit !	WHOA! Qualcosa ci sta inseguendo!	Uou! Tem alguma coisa atrás da gente!	¡Guau! ¡Algo nos persigue!	Łoł! Coś nas goni!	嗚喔！有什麼東西在追我們！	Vay canına! Peşimizde birileri var!	Whoa! Nått är efter oss!		А-а-а! За мной кто-то гонится!
din_event_trio_sh	They're triceratops!\nAnd they're very angry!	トリケラトプスよ！\nひどく怒ってる！	¡Son triceratops!\n¡Y no están de buen humor!	Das sind Triceratops!\nSie scheinen wütend zu sein!	Ce sont des tricératops ! Et très en colère !	Sono triceratopi!\nÈ sono molto arrabiati!	São tricerátopos!\nE eles estão muito zangados!	¡Triceratops! ¡Y muy enojados!	To triceratopsy!\nI do tego są bardzo wściekłe!	是三角龍！\n它們好像很火大！	Onlar triceratopslar!\nVe çok kızgınlar!	Det är triceratopser!\nOch dem är väldigt arga!		Это трицератопсы!\nОни очень злые!
din_event_trio2_so	Wh-what did I do?	オレ　何かやったのか？	¿Y yo que he hecho?	W-was hab ich denn getan?!	Qu-qu'ai-je fait ?	Ma che cosa ho fatto?	O-o quê que eu fiz?	¿Les hicimos algo?	C-co ja im zrobiłem?	我— 我有做什麼事惹火它們嗎？	N-ne yaptım ben?	Va-vad har jag gjort?		А что я сделал-то?
din_event_trio2_sh	I don't know! Just run!	分からないわ！\n今はとにかく逃げましょう！！	¡No lo sé!; ¡tú corre!	Weiß ich doch nicht! Lauf!	Je ne sais pas, mais cours !	Non lo so! Corri e basta!	Eu não sei! Só corre!	¡Quién sabe, pero hay que huir de aquí!	Nie wiem! Po prostu biegnij!	我不知道！總之快跑啊！	Bilmiyorum! Sadece koş!	Jag vet inte! Spring bara!		Я не знаю!\nВ любом случае, сейчас надо бежать!
din_event_trio3_so	They just don't give up!	しつこいヤツラだぜ！	¡Parece que no se rinden!	Die sind echt hartnäckig!	Ils n'abandonnent pas facilement !	Non si arrendono proprio!	Eles não desistem!	¡Vaya que son tercos!	Nie poddają się!	它們真是死纏爛打欸！	Vazgeçmiyorlar!	Dem ger bara inte up!		Какие они настырные!
din_event_trio3_sh	If we can just get across the bridge\nup ahead, we should be okay!	この先の橋まで逃げきれば\nきっと大丈夫よ！	¡Su cruzamos el puente de ahí adelante\nestaremos a salvo!	Wenn wir die Brücke da vorn über-\nqueren, sind wir in Sicherheit!	Si on peut traverser le pont\n devant, on devrait s'en sortir !	Se riuscissimo a andare attraverso quel ponte\nlaggiù, dovremmo essere al sicuro!	Se nós passarmos pela ponte\nà frente, estaremos seguros!	¡Si cruzamos el puente de más adelante,\nestaremos bien!	Jeśli tylko przejdziemy przez tamten most,\nnic nam nie będzie!	我們若能逃到前面那座橋就沒事了！	Eğer ilerideki köprüyü\ngeçebilirsek, sorun olmaz!	Om vi bara kan komma över bron\ndär framme, så borde vi klara oss!		Если добежишь до моста впереди,\nто сможешь оторваться от них!
din_event_river_so	Uwaaah!\nNooooo!!	うわわわ！\nＮＯＯＯＯＯ！！	¡Aaaaah!\n¡¡Nooooo!!	Uwaaah!\nNeeeein!!	Ouaaah !\nNooooon !!	UWAAAH!\nNOOOOO!!	Uaaaah!\nNãããão!	¡Aaaaah! ¡Nooooo!	Uaaaah!\nNieeee!!	嗚啊啊啊！\n糟啦！！！	Uwaaah!\nHayıııır!!	Uwaaah\nNeeeeeej!!		А-а-а-а! Не-е-е-е-ет!
din_event_river_sh	Sonic!	ソニック！	¡Sonic!	Sonic!	Sonic !	SONIC!	Sonic!	¡Sonic!	Sonic!	索尼克！	Sonic!	Sonic!		Соник!
din_event_river2_so	Whew! That was a close one!	ヒュー！危機一髮だぜ！	¡Uf! ¡Ha estado cerca!	Puh! Fast abgesoffen!	Pfiou ! On a eu chaud !	Fiuu! Per un pelo!	Ufa! Essa foi por pouco!	¡Oh, por un pelo de rana calva...!	Uf! O mały włos!	呼！真是千鈞一髮呢！	Whew! Bu çok yakındı!	Whew! Det var nära ögat!		Уф-ф-ф! Ещё чуть-чуть, и я бы всё!
din_event_river2_sh	Sonic, can't you swim?	ソニックってもしかして泳げないの？	Sonic, ¿no sabes nadar?	Du kannst nicht schwimmen?!	Sonic, tu ne sais pas nager ?	Sonic, non riesci a nuotare?	Sonic, você não sabe nadar?	Sonic, no me digas. ¿No sabes nadar?	Sonic, nie umiesz pływać?	索尼克，你難道不會游泳嗎？	Sonic, yüzme bilmiyor musun?	Sonic, kan inte du simma?		Соник, ты что, не умеешь плавать?
														
din_split_sh	The road splits in two, here.	道が分かれてるわ	Aquí el camino se divide en dos.	Hier zweigt die Straße ab.	La route se sépare en deux.	La strada si divide in due qua.	O caminho aqui se divide em dois.	Hay una bifurcación.	Droga nam się tutaj rozwidla.	這裡有岔路。	Yol burada ikiye ayrılıyor.	Vägen delas i två, här.		Здесь развилка.
din_split_so	Any advice on which way to go?	どっちがベターか教えてくれよ	¿Tienes idea de por dónde ir?	Was denkst du, links oder rechts?	Une idée de quel chemin prendre ?	Qualche consiglio su quale andare?	Alguma dica para onde ir?	Dime qué camino es mejor.	Jakieś porady gdzie mamy iść?	接下來該往哪邊走才好？	Hangi yoldan gitmeliyim konusunda bir tavsiyen var mı?	Några råd om vilken väg man ska gå?		Скажи, какой из путей лучше?
din_flower_sh	A flower...spirit?	花の…マジン？	Un espíritu... ¿floral?	Ein Blumen...geist?	Un esprit... floral ?	Uno spirito...floreale?	Um espírito... floral?	¿Una flor... majin?	Kwiecisty... duch?	是花的…精靈？	Bir çiçek...ruhu mu?	En blomster...ande?		Злой дух... цветов?
din_flower_so	Doesn't look very friendly.	厄介そうな面横えだぜ！	Me da que no está aquí para hacer amigos	Sieht nicht sehr freundlich aus.	Il n'a pas l'air très amical.	Non sembra molto amichevole.	Não parecem ser muito amigáveis.	¡Parece que nos dará problemas!	Nie wygląda zbyt przyjaźnie.	看起來不太友善。	Çok arkadaşçıl gözükmüyor.	Ser inte så vänlig ut.		От него одни хлопоты!
														
din_event_apato_so	Oops!	Ｏｏｐｓ！	¡Ups!	Ups!	Oups !	Oops!	Oops!	¡Ups!	Ups!	糟了！	Oops!	Oops!		Ой!
din_event_apato2_so	Woah! Thanks!	いよっと！　サンキュー！	¡Vaya! ¡Gracias!	Woah! Danke!	Ouah ! Merci !	Wow! Grazie!	Uou! Valeu!	¡Bien! ¡Gracias!	Łoł! Dzięki!	嗚喔！謝啦！	Woah! Teşekkürler!	Woah! Tack!		Оп-ля! Спасибо!
														
din_rex_sh	I've got a bad feeling about this.	嫌な予感がするわ	Tengo un mal presentimiento...	Ich habe ein ungutes Gefühl.	J'ai un mauvais pressentiment.	Ho un brutto presentimento.	Tenho um mal pressentimento sobre isso.	Tengo un mal presentimiento.	Mam co do tego złe przeczucie.	我有個不好的感覺。	Bu konuda kötü hislerim var.	Jag har en dålig känsla för det här!		У меня плохое предчувствие.
din_rex_so	Uhh. My quills are starting to tingle...	ああ　背中のトゲがビリビリするぜ	Hum. Siento un hormigueo en las púas...	Uhh. Mir kribbelt's richtig in\nden Stacheln!	Euh. Mes épines commencent à picoter...	Emm. ho uno strano formicolio agli aculei...	Uhh. Meus espinhos estão formigando.	Ah, se me erizaron las púas de la espalda.	Emm. Kolce mnie łaskoczą...	呃… 我的刺開始在顫抖了…	Eee. Tüylerim karıncalanmaya başladı...	Uhh. Mina taggar börjar på att pirra...		А-а-а, у меня дрожат иглы на спине...
din_rex_lower_so	Whoooa! Out of the frying pan\nand into the fire, huh?	ウワーオ！\n一難去ってまた一難ってカンジ？	¡Hala! Esto se está\nponiendo de mal en peor, ¿eh?	Whoooa! Vom Regen in die Traufe, was?	Ouaaah ! Sorti de la poêle à frire\net maintenant dans le feu, hein ?	Whoooa! Dalla padella\nalla bracie, eh?	Uoooou! Indo de mal a pior, hã?	¡Guau! ¡Salimos de Guatemala,\nentramos en """Guate-peor"""!	Łoooł! Z patelni do oginia, co?	嗚哇！\n這就是一波未平一波又起的感覺嗎？	Whoooa! Kızgın tavadan çıkıp ateşe girdim, huh?	Whoooa! Ut ur stekpanan\noch in i elden, huh?		Уа-а-а!\nИз огня да в полымя?
din_rex_lower_sh	That about sums it up!	相当気が立ってるみたいね！	¡Tú lo has dicho!	Das kannst du laut sagen!	C'est un bon résumé !	Beh questo lo abbrevia!	Falou e disse!	¡Sí que está enojado!	No, to by się zgadzało!	說的對！	İşte her şey bu kadar!	Det sammanfattar det hela!		Похоже, он очень зол!
din_rex_tail_sh	Hey, look at its tail!	尻尾をよく見て！	¡Ten cuidado con su cola!	Hey, achte auf sein Hinterteil!	Hé, regarde sa queue !	Ehi, guarda alla sua coda!	Ei, cuidado com aquela cauda!	¡Fíjate en su cola!	Hej, spójrz na jego ogon!	注意它的尾巴！	Hey, kuyruğuna bak!	Hörru, titta på dess svans!		Следи за его хвостом!
din_rex_tail_so	Got it!	わかってるって！	¡Sí, lo sé!	Verstanden!	Compris !	Capito!	Certo!	¡Entendido!	Czaje!	知道了！	Anlaşıldı!	Uppfattat!		Да знаю я!
din_rex_upper_so	He seems pretty hungry!	相当腹ペコらしいな！	¡Parece hambriento!	Der Kleine scheint Appetit zu\nhaben!	Il a l'air bien affamé !	Sembra abbastanza affamato!	Ele parece estar bem esfomeado!	¡Parece muy hambriento!	Wygląda na głodnego!	它看樣子很餓！	Çok aç gözüküyor!	Han verkar ganska hungrig!		Кажется, кто-то проголодался!
din_rex_upper_sh	Then make sure he doesn't decide\nthat you're a snack!	かみ使れないように気をつけてね！	¡Pues asegúrate de no convertirte\n en su próxima merienda!	Dann pass auf, sonst knabbert er\ndich noch an!	Alors fais en sorte qu'il ne te prenne pas\n pour son repas !	E allora non fargli pensare\nche tu sia uno spuntino!	Então tenha certeza de que ele não\nvai achar que você é um lanche!	¡Intentemos no ser su aperitivo!	To upewnij się, że nie zrobi\nz Ciebie przekąski!	那就不要讓它以為你是點心！	O zaman senin bir atıştırmalık\nolduğuna karar vermesin!	Se då till att han inte beslutar\natt du är ett mellanmål!		Смотри, чтобы он тебя не укусил!
														
din_flowers_so	So, feel like going\nto pick some flowers?	それじゃあお花摘みにでかけるか	Hum, podría pararme a recoger algunas flores.	Na, Lust ein paar\nBlümchen zu pflücken?	Et si on allait cueillir des fleurs ?	Allora, vuoi andare\na raccogliere qualche fiore?	Então, o que acha de nós\ncolhermos algumas flores?	Bueno, ¿qué tal si recogemos unas flores?	Więc, chcesz pozbierać\nparę kwiatków?	想來一起摘些花嗎？	Peki, gidip çiçek toplamaya\nne dersin?	Så, känner du för att gå och plocka några blommor?		Кажется, пора сорвать эти цветы!
din_flowers_sh	This is no time for goofing around!	もう！　ノンキなんだから！	¡No es momento para bromas!	Wir haben keine Zeit für solche\nAlbernheiten!	Ce n'est pas le moment de rigoler !	Non è il momento di scherzare!	Isso não é hora pra besteiras!	¡Ash, tómalo en serio!	To nie jest czas na wygłupy!	沒時間胡鬧了！	Etrafta oyalanmak için zaman yok!	Nu är det inte tid för att skoja runt!		Ох, какой же ты беспечный!
din_blendin_so	Ha! Trying to blend in\nwith the flowers, huh?	へ！ お花のフリでわけかい？	¡Ja! Tratando de esconderte\nentre las flores, ¿eh?	Ha! Du versuchst dich\nalso mit den Blumen zu tarnen?	Ha ! On tente de se cacher\n parmi les fleurs, hein ?	Ha! Cerchi di mimetizzarti\ncon i fiori, eh?	Há! Tentando se esconder entre as flores, né?	¡Je! ¿Conque pretendiendo ser una flor?	Ha! Próbujesz się\nwtopić w tłum, co?	哈！想跟那些花朵混在一起是吧？	Ha! Çiçeklerle uyum\nsağlamaya çalışıyorsun, ha?	Ha! Försöker smälta in med blommorna, huh?		Ха! Они просто притворились цветами!
din_blendin_sh	If you attack, it will\nshow its true form!	攻撃すれば 正体を現すわよ きっと	Si lo atacas,\n¡mostrará su verdadero aspecto!	Wenn du angreifst,\nwird es seine wahre Form zeigen!	Si tu l'attaques,\nil montrera son véritable visage !	Se lo attacchi, farà\nvedere la sua vera forma!	Se você atacar, a verdadeira forma irá aparecer!	Estoy segura de que mostrará\nsu verdadera forma si lo atacas.	Jeśli zaatakujesz,\nujawni swoją prawdziwą formę!	攻擊它就能使它現出原形！	Eğer saldırırsan sana\ngerçek formunu gösterecektir!	Om du attackerar, kommer den\nvisa sin äkta form!		Если ты его атакуешь, наверняка\nон покажет свою сущность!
din_flowerbed_so	Hey, isn't this a\npretty little flowerbed!	ヘーイ！\nたいそうなお花畑じゃないか！	¡Vaya! ¡No está nada mal\neste lugar tan florido!	Hey, nettes Blumenbeet!	Hé, ce sont des jolies fleurs !	Ehi, questa è proprio\nuna bella aiuola!	Ei, não é um\nlindo canteiro de flores?	¡Ey, qué lindo campo de flores!	Hej, ładny mały kwietnik!	嘿，這座小花田可真漂亮！	Hey, bu ufak bir\nçiçek yatağı değil mi!	Hej, är inte det här en\nsöt liten blomrabatt!		Хей! Как много цветов на этом цветочном поле!
din_flowerbed_sh	This is no time to relax, Sonic!	気を抜かないでねソニック！	¡No te lo tomes todo con\ntanta calma, Sonic!	Komm in die Gänge, Sonic!	Ce n'est pas le moment de flâner, Sonic !	Non è il momento di rilassarsi Sonic!	Não é hora de relaxar, Sonic!	¡No bajes la guardia, Sonic!	To nie czas na relaks, Sonic!	索尼克，這可不是放鬆的時候！	Rahatlamak için zaman yok, Sonic!	Nu är det inte tid för att slappna av, Sonic!		Не расслабляйся, Соник!
														
din_majin_egg_sh	It's a spirit egg!\nSonic, destroy it!	マジンの卵よ\n壊しておいてソニック！	¡Es un huevo de espíritu!\nSonic, ¡destrúyelo!	Das ist ein Seelenei!\nSonic, zerstöre es!	C'est un oeuf esprit ! Sonic, détruis-le !	È un uovo di spirito!\nSonic distruggilo!	Isso é um ovo espiritual!\nSonic, destrua-o!	¡Destruye ese huevo de majin, Sonic!	To duchowe jajo!\nSonic, zniszcz je!	是精靈蛋！索尼克，把它打碎吧！	Bu bir ruh yumurtası!\nSonic, onu yok et!	Det är ett andeägg!\nSonic, förstör det!		Это яйцо злого духа.\nРазбей его, Соник!
din_egg_so	This is...	これ…	Esto es...	Das ist...	C'est...	Questo è...	Isso é...	Esto es...	To jest...	這是…	Bu bir...	Det här är...		Это...
din_egg_sh	A dinosaur egg?\nI can carry it using my magic.	恐竜の卵ね？\nわたしが魔法で持っていくわ	¿Un huevo de dinosaurio?\nPuedo transportarlo usando mi magia.	Ein Dinosaurier-Ei?\nIch kann es mit meiner Magie tragen.	Un oeuf de dinosaure ?\nJe peux le porter avec ma magie.	Un uovo di dinosauro?\nPosso portarlo usando la mia magia.	Um ovo de dinossauro?\nEu posso carregá-lo usando a minha magia.	¿Un huevo de dinosaurio?\nLo llevaré con mi magia.	Jajo dinozaura?\nMogę je przenosić moją magią. 	恐龍蛋？\n我能用魔法帶著它。	Bir dinozor yumurtası mı?\nSihirimi kullanarak onu taşıyabilirim.	Ett dinosaurieägg?\nJag kan bära det med min magi.		Яйцо динозавра? Я воспользуюсь\nмагией и возьму его с собой.
din_nest_so	This must be a nest of dinosaur eggs.	これは恐竜の卵の巣…なのか？	Este debe de ser un nido\nde huevos de dinosaurio.	Das muss ein Nest für Dino-Eier sein.	C'est un nid d'oeufs de dinosaure.	Questo deve essere un nido di uova di dinosauro.	Isso deve ser um ninho de ovos de dinossauro.	¿Es un nido de huevos de dinosaurio...?	To musi być gniazdo jaj dinozaurów.	這附近肯定有恐龍蛋的巢穴。	Bu dinazor yumurtaları için bir yuva olmalı.	Det här måste vara ett bo av dinosaurieägg.		Это гнездо динозавра?
din_nest_sh	Yes. Let's go find eggs that\nmatch the same shell pattern.	ええ　同じ模様の卵を探して\n持ってきましょう	Sí. Busquemos huevos con\nel mismo patrón en su cáscara.	Ja. Lass uns die Eier mit\ndemselben Schalen-Muster finden.	Oui. Trouvons des oeufs avec le même motif.	Sí. Andiamo a trovare le uova che\ncorrispondono allo stesso modello di involucro.	Sim. Vamos encontrar os ovos\nque tenham o mesmo padrão.	Sí, busquemos huevos con el\nmismo patrón y traigámoslos.	Tak. Poszukajmy jajek z\npasującym wzorem skorupy.	嗯，我們去找同樣的蛋吧。	Evet. Aynı kabuk desenine\nsahip yumurtaları bulmaya gidelim.	Ja. Låt oss gå och hitta ägg som\nmatchar samma skalmönster.		Да. Давай найдём яйца с узорами\nи отнесём их к нужным гнёздам.
														
din_trio_hint_so	I hope those guys don't stick their\nhorns through me!	ヤツラときどき突っ込んでくるぞ！	¡Espero que no me pinchen\ncon esos cuernos!	Woah! Hoffentlich durchbohren die Viecher mich nicht!	J'espère qu'ils ne vont pas transpercer\navec leurs cornes!	Spero che quei tipi non infilino le loro\ncorna attraverso di me!	Espero que esses caras não me\nfurem com os chifres deles!	¡Parece que arremeterán de repente!	Mam nadzieje, że ci goście nie\nprzebiją mnie swoimi rogami!	希望那些傢伙別把角刺向我！	Umarım o adamlar boynuzlarını\nbana saplamazlar!	Jag hoppas att dem där killarna inte sticker sina\nhorn igenom mig!		Меня, кажется, сейчас забадают!
din_trio_hint_sh	Don't let them rush you\nwith their horns!	頭をふったら突っ込んでくねわよ！	¡Evita recibir una cornada\ncuando cargen contra ti!	Pass auf, dass sie dich nicht\nmit ihren Hörnern stechen!	Ne les laisses pas faire avec leurs cornes !	Non lasciarli scattare verso di te\ncon le loro corna!	Não deixe que eles o alcancem\ncom os seus chifres!	¡Si su cabeza se acerca, quítate del camino!	Nie daj im się poganiać\nswoimi rogami!	不要讓它們用角突刺向你！	Boynuzlarıyla üstüne yardırmalarına\nizin verme!	Låt dem inte rusa dig\nmed deras horn!		Кажется, тебя хотят забодать!
din_cacti_hint_so	Those cacti don't look very fun.	サボテンが痛そうだぜ！	Esos cactus están más afilados que mis púas.	Diese Kakteen könnten mir zu schaffen machen!	Ces cactus ne semblent pas amusant.	Quei cactus non sembrano molto divertenti.	Esses cactos não estão com uma cara boa.	¡Esos cactus se ven filosos!	Te kaktusy nie wyglądają za fajnie.	被仙人掌刺到感覺會很痛！	Bu kaktüsler pek hoş görünmüyor.	Dem där kaktusarna ser inte så roliga ut		Кактусы больно колятся!
din_cacti_hint_sh	Watch out for the cacti!	サボテンには気をつけて！	¡Cuidado con los cactus!	Pass auf die Kakteen auf!	Attention aux cactus !	Sta attento ai cactus!	Cuidado com os cactos!	¡Cuidado con los cactus!	Uważaj na kaktusy!	要小心那些仙人掌！	Kaktüslere dikkat et!	Akta dig för kaktusarna!		Осторожно, там кактусы!
din_boat_hint_so	Tilt left and right to change direction.	左右に傾けて\n左右に移動するんだ！	Puedo inclinarme a los lados para cambiar de dirección.	Neige links und rechts, um die Richtung zu ändern.	Incline la Télécommande Wii à droite\nou à gauche pour changer de direction.	Inclina a sinistra e destra per cambiare direzione.	Incline pra esquerda ou direita pra mudar de direção.	¡Inclinando la palanca izquierda puedo moverme\na la izquierda o derecha!	Przechyl się na lewo i prawo,\naby zmieniać kierunek.	傾斜WII手把左右移動。	Yönü değiştirmek için Wii Remote'u sola ve sağa eğ.	Luta åt vänster och höger för att ändra riktning.		Если наклонять левый стик вправо и влево,\nвы сможете передвигаться в стороны!
din_boat_hint_sh	Tilt left or right to change direction.	左右に傾けて\n左右に移動するのよ！	Inclínate a los lados para cambiar de dirección.	Neige links oder rechts, um die Richtung zu ändern.	Incline la Télécommande Wii à droite\nou à gauche pour changer de direction.	Inclina a sinistra o destra per cambiare direzione.	Incline para a esquerda ou para a direita\npara mudar de direção.	¡Inclina la palanca izquierda para moverte\na la izquierda o derecha!	Przechyl się na lewo lub prawo,\naby zmieniać kierunek. 	傾斜WII手把就能左右移動喔！	Yönü değiştirmek için Wii Remote'u sola yada sağa eğ.	Luta åt vänster eller höger för att ändra riktning.		Если наклонять левый стик вправо и влево,\nвы сможете передвигаться в стороны!
din_damage_hint_so	Ouch!	アウチ！	¡Ay!	Autsch!	Aïe !	Ahia!	Ai!	¡Auch!	Auć!	呀！	Ouch!	Ouch!		Ай!
din_damage_hint_sh	Sonic, are you okay?	大丈夫ソニック！？	Sonic, ¿estás bien?	Sonic, geht's dir gut?	Sonic, ça va ?	Sonic stai bene?	Sonic, você está bem?	¡¿Estás bien, Sonic?!	Sonic, wszystko okej?	索尼克，你沒事吧？	Sonic, iyi misin?	Sonic, är du okej?		Соник, ты в порядке?
din_ball_hint_sh	If those iron balls hit us,\nwe'll fall into the water!	鉄球に当たると水におちちゃうわよ	Si chocamos con alguna bola,\n¡nos hundiremos!	Wenn uns die Eisenkugeln treffen,\nfallen wir ins Wasser!	Si ces boules de fer nous touchent,\nnous tomberons dans l'eau !	Se quelle palle chiodate ci colpiscono,\ncadremo nell'acqua!	Se alguma dessas esferas de ferro\nnos atingir, nós iremos cair na água!	¡Si nos golpea una bola de acero,\nacabaremos en el agua!	Jeśli te żelazne kule w nas trafią,\nwpadniemy do wody!	如果被鐵球打到，我們就會跌入水裡！	Eğer o demir toplar bize\nçarparsa, suya düşeriz!	Om dem järnbollarna träffar oss,\nramlar vi i vattnet!		Если столкнёшься с железным шаром,\nто упадёшь в воду!
din_ball_hint_so	Gotta make sure I dodge\nthose iron balls.	鉄球に当たるとイチコロってカンジだな	Será mejor que esquive\nesas bolas de acero.	Ich halt' mich lieber von diesen Eisenkugeln fern.	Je dois faire attention à esquiver\nces boules de fer.	Devo assicurarmi di schivare\nquelle palle chiodate.	Vou fazer questão de desviar delas.	¡Si nos golpea una bola de acero,\nestaremos muertos!	Muszę się upewnić,\nżeby omijać te żelazne kule.	得小心避開那些鐵球。	O demir toplardan kaçındığıma\nemin olmalıyım.	Måste se till att jag undviker\ndem järnbollarna.		Если столкнусь с железным шаром,\nто ведь упаду в воду?
din_positioning_hint_so	It'll be tough to attack\nfrom that position.	あの位置からの攻撃は厄介だな	Va a estar difícil\natacarlo desde aquí.	Es ist schwierig aus dieser Position anzugreifen.	Ça va être difficile d'attaquer\ndepuis cette position.	Sarà difficile attaccare\nda quella posizione.	Vai ser difícil atacar daqui!	Atacar desde esta posición es complicado.	Ciężko będzie atakować\nz tej pozycji.	從那個位置攻擊不容易。	Bu pozisyondan saldırması\nzor olacak.	Det kommer bli svårt att attackera\nfrån den positionen.		Проблематично атаковать с того места.
din_positioning_hint_sh	Use the enemy's attack, Sonic!	敵の攻撃を利用するのよソニック！	¡Utiliza los ataques\ndel enemigo, Sonic!	Mach dir den feindlichen Angriff zunutze, Sonic!	Utilise l'attaque de l'ennemi, Sonic !	Usa l'attacco del nemico Sonic!	Use os ataques do inimigo, Sonic!	¡Tienes que aprovechar los\nataques del enemigo, Sonic!	Wykorzystaj atak przeciwnika,\nSonic!	利用敵人的攻擊吧，索尼克！	Düşmanın saldırısını kullan, Sonic!	Använd fiendens attack, Sonic!		Используй его атаку против него же, Соник!
din_attack_hint_so	Can we use that thing's attack\nto our own advantage?	ヤツの攻撃を逆に利用しているにやるか！	¿Y si usamos sus ataques\na nuestro favor?	Können wir die Attacke von diesem Dingens ausnutzen?	Et si on utilisait ses attaques\nà notre avantage ?	Possiamo usare l'attacco di quella cosa\na nostro vantaggio?	Podemos usar o ataque dessa coisa\nao nosso favor?	¡Usaré sus ataques a mi favor!	Czy możemy wykorzystać jego\natak na naszą korzyść?	我們能反過來利用那傢伙的攻擊嗎？	O şeyin saldırısını kendi\nlehimize kullanabilir miyiz?	Kan vi använda den sakens attack\ntill vår fördel?		Интересно, не получится ли перебраться\nна ту сторону, использовав его атаку?
din_attack_hint_sh	Maybe we can use its attacks\nto get to the other side!	アイツの攻撃を使って向こうに\nわたれないかしら？	Usando sus ataques, ¡puede\nque lleguemos al otro lado!	Wir könnten seine Angriffe nutzen,\num zur anderen Seite zu gelangen!	Peut-être qu'on peut profiter de ses attaques\npour passer de l'autre côté !	Forse possiamo usare i suoi attacchi\nper andare dall'altra parte!	Talvez possamos usar os ataques\npara chegar ao outro lado!	¿Podemos usar su ataque para cruzar al otro lado?	Może da radę wykorzystać jego\natak aby przedostać się na drugą stronę!	我們或許能利用那傢伙的攻擊來抵達對面！	Belki onun saldırılarını kullanarak\ndiğer tarafa geçebiliriz!	Kanska vi kan använda dess attacker\nför komma till andra sidan!		Воспользуемся его атакой, чтобы\nперебраться на другую сторону!
din_seed_hint_so	I can probably hit the seeds\nthat thing shoots with a Homing Attack!	ヤツがはいってぐるたねはホーミングアタックできるみたいだな	¡Puede que el Ataque Teledirigido\nfuncione en las semillas que escupe!	Mit einer Homing Attack kann ich die\nabgeschossenen Samen von diesem Ding angreifen.	Je peux sûrement toucher les graines\ntirées par cette chose avec une Attaque Téléguidée !	Posso probabilmente colpire i semi\nche quella cosa spara con un Attacco a Ricerca!	Acho que posso acertar as sementes que\nessa coisa dispara com o Ataque Direcionado!	¡Parece que puedo golpear sus\nsemillas con un Ataque teledirigido!	Pewnie mogę uderzyć te nasiona,\nktóre to coś wystrzeliwuje Atakiem Naprowadzającym!	我應該能對那東西射出的種子使出追蹤攻擊。	Muhtemelen o şeyin fırlattığı tohumları\nbir Güdümlü Saldırı ile vurabilirim!	Jag kan troligen träffa fröna\nsom den saken skjuter med en Homingattack!		Я могу использовать Самонаводящуюся\nатаку по семенам, которые он выплёвывает.
din_seed_hint_sh	Try hitting those seeds that it spits\nwith a Homing Attack!	アイツがはいってぐるたねはホーミングアタックでこわせるみたいよ	¡Golpea con Ataques Teledirigidos\nlas semillas que escupe!	Versuche mal die Samen, die es spuckt,\nmit einer Homing Attack anzugreifen!	Essaie de toucher les graines qu'il crache\navec une Attaque Téléguidée !	Prova a colpire i semi che sputa\ncon un Attacco a Ricerca!	Tente atingir aquelas sementes\ncuspidas com o Ataque Direcionado!	¡Parece que puedes atacar esas semillas\ncon el Ataque teledirigido!	Spróbuj trafić te nasiona, które to coś wypluwa\nAtakiem Naprowadzającym!	試著對它射出的種子使出追蹤攻擊。	O şeyin fırlattığı tohumları\nbir Güdümlü Saldırı ile vurmayı dene!	Försök att träffa dem fröna som den spotar\nmed en Homingattack!		Ты можешь использовать Самонаводящуюся\nатаку по семенам, которые он выплёвывает!
din_pot_hint_so	Can we use that to get across?	あれを使って向こうへ渡るか	¿Podremos usar eso para llegar al otro lado?	Können wir das Teil nutzen,\num auf die andere Seite zu gelangen?	On peut utiliser ça pour traverser ?	Possiamo usare quello per attraversare?	Podemos usar isso para atravessar?	¿Podemos usar eso para cruzar?	Możemy tego użyć, aby się przedostać?	我們能用那東西過去嗎？	Bunu karşıya geçmek için kullanabilir miyiz?	Kan vi använda det för att ta oss över? 		Переберусь на ту сторону\nс помощью этого!
din_pot_hint_sh	Maybe that flying pot can help us\nacross to the other side.	あの壺を使って向こうへ渡れないかしら	Puede que esa vasija flotante nos\nayude a llegar al otro lado	Vielleicht kommen wir mit dem\nTopf auf die andere Seite.	Peut-être que ce pot volant peut nous aider\nà traverser.	Forse quel vaso volante può aiutarci\nad attraversare dall'altra parte	Talvez aquele vaso voador possa\nnos ajudar a ir para o outro lado.	Me pregunto si podemos usar ese jarrón para cruzar.	Może ta latająca waza pomoże nam\ndostać się na drugą stronę.	或許那個飛天陶壺能帶我們過去。	Belki o uçan vazo bizi öbür\ntarafa geçirmeye yardımcı olur.	Kanska den där flygande kastrullen kan hjälpas oss\növer till andra sidan.		Интересно, нельзя ли перебраться\nна ту сторону с помощью кувшина?
din_boulder_hint_so	Maybe I can get that big fella\nto smash that boulder for me.	ヤツにあの岩壊してもらうか！	Quizás pueda engañar a este grandullón\npara que rompa esta piedra.	Vielleicht kann ich den Riesen dazu bringen diese Brocken zu zerkloppen.	Peut-être que ce grand gaillard\npeut briser ce rocher pour moi.	Forse posso utilizzare quel grosso tizio\nper distruggere questo macigno	Talvez eu faça aquele grandalhão\nquebrar essa rocha pra mim.	¡Hagamos que ese tipo rompa esa roca!	Może uda mi się sprawić, żeby ten\nduży koleszka pomógł zniszczyć tą skałę dla mnie.	或許我能讓那個大塊頭把那些岩石擊碎。	Belki o iri adamı o kayayı benim\niçin parçalamaya ikna edebilirim.	Kanska jag kan få den där stora grabben\natt slå det stenblocket åt mig		Пусть он сломает эту скалу!
din_boulder_hint_sh	If you lead him over the boulder,\nmaybe he can break through the rock?	アイツをひきつけてあの岩に\n噛み使せればいいんじゃない？	¡Haz que te siga hasta las rocas\ny quizás él pueda romperlas!	Vielleicht zerbricht er den Fels-\nbrocken, wenn du ihn drüberführst?	Si tu le diriges vers le rocher,\nil peut sans doute briser la pierre ?	Se lo attiri verso il macigno,\nforse lo romperà!	Se você guiá-lo até a rocha,\ntalvez ele consiga quebrá-la?	¿Por qué no lo atraemos y hacemos\nque le pegue a esa roca?	Jeśli poprowadzisz go do tego głazu,\nmoże przebije się przez skałę?	如果你把他引到岩石旁，他或許能打碎石頭？	Eğer onu kayanın üzerinden geçirirsen\nbelki kayayı kırabilir?	Om du leder han över stenblocket,\nså kanske han kan bryta igenom stenen?		Замани его за собой,\nчтобы он сломал эту скалу!
din_flower_hint_so	I can't hit it when the flower is closed!	花が閉じるときには\n攻撃が当たらないみたいだぜ	¡Cuando la flor está cerrada, mis ataques no le afectan!	Ich kann es nicht treffen, wenn die Knospe geschlossen ist.	Je ne peux pas l'atteindre quand la fleur est fermée !	Non posso colpirlo quando è chiuso!	Eu não consigo acertá-lo quando a flor está fechada!	¡Si la flor se cierra, mis ataques no le dañarán!	Nie mogę go uderzyć, kiedy kwiat jest zamknięty!	花苞合起來時，我無法對它造成傷害！	Çiçek kapalıyken vuramam!	Jag kan inte träffa den när blomman är stängd!		Когда цветок закрыт, мои атаки бесполезны.
din_flower_hint_sh	Sonic, you can't hit it\nwhen the flower is closed!	花が閉じるときには\n攻撃が当たらないわソニック！	Sonic, ¡tus ataques no afectan a\nla flor si cierra sus pétalos!	Sonic, du kannst es nicht treffen, wenn die Blume geschlossen ist.	Sonic, tu ne peux pas le toucher\nlorsque la fleur est close !	Sonic non puoi colpirlo\nquando è chiuso!	Sonic, você não consegue atingi-lo\nenquanto a flor estiver fechada!	¡Cuando la flor se cierra,\nno puede recibir ataques, Sonic!	Sonic, nie dasz rady uderzyć tego kwiata,\ngdy jest zamknięty!	索尼克，當花苞合起來時，你是無法對它造成傷害的。	Sonic, çiçekler kapalıyken\nonlara vuramazsın!	Sonic, du kan inte träffa den\nnär blomman är stängd!		Когда цветок закрыт, твои атаки\nне помогут, Соник!
														
														
evil_foundry	Evil Foundry	イビル　ファウンドリー	Forja Maligna	Evil Foundry	Evil Foundry	Fonderia Maligna	Evil Foundry	Fundición Maléfica	Przeklęta Odlewnia	萬惡鑄造廠	Kötü Dökümhane	Ond Smedja		Плавильня зла
evil_foundry_description	Infiltrate a fortress of flames.	侵食された灼熱の城。	Infíltrate en una fortaleza ardiente.	Wage dich in den Hexenkessel.	Infiltre une forteresse de flammes.	Infiltrati nella fortezza fiammeggiante.	Invada uma fortaleza ardente.	Un castillo erosionado y calcinado.	Zinfiltruj twierdzę płomieni.	入侵充滿火焰的堡壘。	Alevlerden oluşan bir kaleye sız.	Infiltrera en fästning av eld.		Подвергшийся эрозии раскалённый замок.
														
evi_castle_sh	Is this a castle?	ここわお城？	¿Es esto un castillo?	Ist das ein Schloss?	Est-ce un château ?	È questo un castello?	Isso é um castelo?	¿Esto es un castillo?	Czy to jest zamek?	這是座城堡嗎？	Bu bir kale mi?	Är det här ett slott?		Мы во дворце?
evi_castle_so	Yeah, but it's no ordinary castle.	ただの城じゃあないみたいだぜ！	Sí, pero no uno cualquiera.	Ja, anscheinend aber nicht so wie man es kennt.	Ouais, mais pas n'importe quel château.	Sí, ma di certo non un castello comune.	Sim, mas não é qualquer castelo.	Pero no cualquier castillo.	Ta, ale nie byle jakiś tam zamek.	沒錯，但這不像是普通的城堡。	Evet ama sıradan bir kale değil.	Ja, men det är inget vanligt slott.		Похоже, это не простой дворец!
evi_golem_so	Woah, who's the big guy?	なんだ　あのでかいやつは！？	¡Hala!, ¿quién es ese grandullón?	Woah, kann man dir helfen Dicker?	Ouah, qui est ce colosse ?	Woah, Chi è il grosso tipo?	Uou, quem é o grandão?	¡¿Qué demonios es esa cosa tan enorme?!	Ło, kim jest duży gościu?	哇那個大塊頭是誰？	Woah, bu büyük adam da kim?	Whoa, vem är den stora grabben?		Ого, что это за громадина?
evi_golem_sh	I've never seen a spirit get that big!	あんな大きなマジン　見たことない ！	¡Nunca había visto un espíruto tan grande!	Ich habe noch nie so einen großen Geist gesehen!	Je n'ai jamais vu un esprit aussi grand !	Non ho mai visto uno spirito cosí grande!	Eu nunca tinha visto um espírito tão grande!	¡Nunca había visto un majin tan grande!	Nigdy nie widziałam tak dużego ducha!	我從沒看過這麼大隻的精靈！	Bu kadar büyük bir ruh hiç görmedim!	Jag har aldrig sett en ande bli så stor!		Ни разу не видела такого\nогромного злого духа!
evi_elevator_sh	Sonic, look up!	ソニック　上をみて！	¡Sonic, mira hacia arriba!	Sonic, schau nach oben!	Sonic, au-dessus !	Sonic guarda lassù!	Sonic, olha pra cima!	¡Sonic, mira arriba!	Sonic, spójrz w górę!	索尼克，小心上面！	Sonic, yukarı bak!	Sonic, kolla upp!		Соник, посмотри наверх!
evi_elevator_so	Let's keep going, Shahra!	このままいくぜ！　シャーラ！	Sigamos adelante, Sharah!	Weiter geht's, Shahra!	Continuons, Shahra !	Continuamo ad andare Shahra!	Vamos continuar, Shahra!	¡Andando, Shahra!	Nie zwalniajmy Shahra!	夏拉，我們繼續走吧！	Devam edelim, Shahra!	Låt oss förtsätta, Shahra!		Пойду дальше вперёд, Шахра!
evi_factory_sh	This appears to be the center of the factory.	工場の中心部って感じね	Este parece ser el centro de la fábrica.	Dies scheint das Zentrum der Fabrik zu sein.	C'est sûrement le centre de l'usine.	Questo sembra essere il centro della fabbrica.	Esse parece ser o centro da fábrica.	Parece el corazón de la fábrica.	To wygląda na centrum fabryki.	這裡似乎是工廠的中心。	Burası fabrikanın merkezi gibi görünüyor.	Det här verkar vara fabrikens centrum.		Мы как будто посреди завода.
evi_factory_so	Just what are they making here?	あのマジン\nここで作られていたのか？	¿Qué es lo que están fabricando aquí?	Was genau wird hier hergestellt?	Mais qu'est-ce qu'ils fabriquent ici ?	Cosa faranno mai qui?	O que será que estão fabricando aqui?	¿Será aquí donde hacen los majin?	Co oni tutaj mogą tworzyć?	這裡到底是在製造什麼東西？	Burada ne yapıyorlar?	Vad är det egentligen dem tillverkar här?		Тех злых духов создали здесь?
evi_vape_sh	Oh! The air is so hot in here!	うわ！　すごい熱気！	¡Buf! ¡Qué calor hace aquí!	Uff! Hier drinnen ist die Luft so stickig!	Oh ! L'air est si chaud ici !	Oh! L'aria è cosí calda qui!	Oh! O ar está muito abafado aqui!	¡Guau! ¡Qué lugar tan candente!	Oh! Powietrze jest tutaj takie gorące!	喔！裡面的空氣好熱！	Oh! Burada hava çok sıcak!	Oh! Luften är så het här inne!		Ох! Как тут жарко!
evi_vape_so	You're not going to evaporate,\nare you, Shahra?	シャーラ　溶けないように\n気をつけろよ！	No te irás a evaporar; ¿no, Sharah?	Du wirst hoffentlich nicht gleich verdampfen, oder, Shahra?	Tu ne vas pas t'évaporer, Shahra ?	Non inizierai ad evaporare,\nvero Shahra?	Você não vai evaporar, né Shahra?	¡No te vayas a derretir, Shahra!	Chyba nie wyparujesz,\nprawda Shahra?	夏拉，你不會蒸發不見吧？	Buharlaşmayacaksın\ndeğil mi Şahra?	Du kommer väll inte avdunsta,\neller hur, Shahra?		Шахра, будь осторожна, не расплавься!
evi_timer_sh	Hurry! We have to get out of here!	はやく　ここから脱出しなきゃ！	¡Rápido! ¡Hemos de salir de aquí!	Beeil dich! Wir müssen hier raus!	Vite ! On doit sortir d'ici !	Sbrigati! Dobbiamo uscire da qui!	Rápido, temos que fugir daqui!	¡Tenemos que salir de aquí rápido!	Pośpiesz się! Musimy się stąd wydostać!	快！我們得趕快離開這裡！	Acele et! Buradan çıkmalıyız!	Skynda! Vi måste ta oss härifrån!		Надо поскорее выбраться отсюда!
evi_timer_so	Let's go, Shahra!	急ぐぞ！　シャーラ！	¡Vamos, Sharah!	Los geht's, Shahra!	Allons-y, Sharha !	Andiamo Shahra!	Vamos nessa, Shahra!	¡Date prisa, Shahra!	Biegnijmy, Shahra!	夏拉，我們走！	Hadi gidelimi Shahra!	Kom igen, Shahra!		Погнали, Шахра!
evi_exit_sh	Sonic, it's just a little further!	あと少しよ！　ソニック！	¡Sonic, ya casi lo hemos logrado!	Sonic, das Ding geht gleich hoch!	Sonic, c'est juste un peu plus loin !	Sonic ancora un pochino!	Sonic, é logo ali na frente!	¡Sólo un poco más, Sonic!	Sonic, jeszcze tylko troszkę!	索尼克，很快就到了！	Sonic, birazcık daha ilerle!	Sonic, det är bara lite längre!		Ещё немного, Соник!
evi_exit_so	I think I see the exit!	出口はあそこか！	¡Creo ver la salida!	Da vorne ist der Ausgang!	Je crois apercevoir la sortie !	Credo di vedere l'uscita!	Acho que tô vendo a saída!	¡Creo que veo la salida!	Chyba widzę wyjście!	我好像看見出口了！	Sanırım çıkışı görüyorum!	Jag tror jag ser utgången!		Выход там!
														
evi_hint_furnace_so	That thing looks red hot!	あの赤いの\n触ったらわあつそうだな	¡Eso está incandescente!	Das Ding sieht glühend heiß aus!	Cet objet a l'air brûlant !	Quella cosa sembra proprio incandescente!	Aquela coisa deve estar fervendo!	Eso está al rojo vivo. Ni lo toco.	To coś wygląda jakby parzyło!	那個東西看起來燙得好紅啊！	Şu şey çok ateşli görünüyor!	Den saken ser glödhet ut!		Этот бак, наверное, очень горячий...
evi_hint_furnace_sh	That red tank is far too hot to touch.	あの赤いタンク\n触ったら危ないわよ	Ese tanque rojo está demasiado\ncaliente como para tocarlo.	Der rote Tank ist viel zu heiß, um ihn anzufassen.	Ce réservoir est bien trop chaud\npour qu'on le touche.	Quel serbatoio rosso scotta troppo per toccarlo.	Esse tanque vermelho é quente demais para tocá-lo.	No toques ese tanque rojo, es peligroso.	Ten czerwony zbiornik jest zbyt gorący\nby go dotykać.	那個紅色的容器太燙了。	Şu kırmızı tank dokunulamayacak kadar sıcak.	Den röda pansarvagnen är alldeles för het för att röra.		Будь осторожен, не прикасайся\nк этому красному баку!
evi_hint_golem_so	His weak point should be someplace on top.	あいつの弱点は\n高い所にやるそうだな	Su punto débil debe de estar arriba.	Seine Schwachstelle ist wahrscheinlich irgendwo oben.	Son point faible doit être quelque part en haut.	Il suo punto debole dovrebbe essere da qualche parte in su.	O ponto fraco dele deve estar lá em cima.	Se supone que su punto débil está arriba.	Jego słaby punkt powinien być\ngdzieś na szczycie.	它的弱點應該在上面某個高處。	Onun zayıf noktasının üstlerde bir yerde olması gerek.	Hans svaga punkt borde vara någonstans på toppen.		Видимо, его слабое место\nнаходится высоко...
evi_hint_golem_sh	That creature's weak point is its head!	あのマジン頭が弱点みたいよ	¡Su punto débil es la cabeza!	Der Kopf ist der Schwachpunkt der Kreatur!	La tête de cette créature est son point faible !	Il punto debole di quella creatura è la sua testa!	O ponto fraco daquela criatura é a cabeça!	La cabeza del majin es su punto débil.	Słabym punktem tego stworzenia jest jego głowa!	那個怪物的弱點在它的頭部！	O yaratığın zayıf noktası kafası!	Den varelsens svaga punkt är dess huvud!		Похоже, слабое место этого\nзлого духа - голова!
evi_hint_golem_height_so	I should be able to reach his weak point\nif I can get up there!	高い所に上ればあいつの弱点を\nねらえるぜ！	¡Si soy capaz de llegar ahí arriba,\nalcanzaré su punto débil!	Ich muss da irgendwie hoch kommen, sonst treffe ich das Teil nie!	Je devrais pouvoir atteindre son point faible\nsi je monte là-haut !	Dovrei riuscire a raggiungere il suo punto debole\nse potessi arrivare lassù!	Talvez eu alcance o ponto fraco dele\nse eu conseguir subir até lá!	¡Si subimos lo suficiente,\npodemos llegar a su punto débil!	Powinno dać radę dostać się do jego\nsłabego punktu jeśli uda mi się tam wejść!	我如果能到上面就能擊中他的弱點！	Eğer oraya ulaşabilirsem onun\nzayıf noktasına ulaşabilirim!	Jag borde kunna nå hans svaga punkt\nom jag kan komma upp där!		Если заберусь повыше, то смогу\nприцелиться в его слабое место!
evi_hint_golem_height_sh	You can strike the creature\nin the head from someplace higher up.	高い所に上ればマジンの弱点を\nねらえるわ！	Puedes golpear la cabeza de ese\ngólem desde un lugar elevado.	Du kannst die Kreatur am Kopf schlagen, indem du die Sache von oben aus angehst.	Tu peux frapper la tête de\nla créature d'un endroit plus haut.	Puoi colpire la creatura\nsulla testa in qualche luogo elevato.	Você pode atacar a criatura na cabeça\npor algum lugar elevado!	¡Si subes a un lugar elevado, podrás\napuntar al punto débil del majin!	Możesz uderzyć stworzenie w głowę,\njesli jesteś gdzieś wyżej.	你從高處攻擊就能擊中那個怪物的弱點。	Yaratığın kafasına daha\nyukarıdan vurabilirsin.	Du kan slå varelsen\ni huvudet från någonstans högre upp.		Если заберёшься повыше, сможешь\nнацелиться на слабое место злого духа!
evi_hint_golem_deflect_so	Maybe I can deflect those tanks\nhe's throwing at me!	あいつが投げてくるタンク\nはじきっかいせないかな	¡A lo mejor puedo desviar\nlos tanques que me lanza!	Vielleicht kann ich die Tanks, die er mir zuwirft parieren!	Je peux peut-être dévier ces réservoirs\nqu'il m'envoie !	Forse posso deflettere quei serbatoi\nche mi sta lanciando!	Acho que posso desviar dos tanques\nque ele está arremessando em mim!	Me pregunto si podré repeler los\ntanques que me está lanzando.	Może da się odeprzeć te zbiorniki,\nktóre we mnie rzuca!	我或許能把那些容器打回去！	Belki bana fırlattığı tankları\nsavuşturabilirim!	Kanske jag kan avleda dem där pansarvagnarna\nhan kastar på mig!		Нельзя ли как-то бросить в него баки,\nкоторые он бросает в меня?
evi_hint_golem_deflect_sh	There might be a way to\ndeflect the tanks it's throwing.	どうにかしてあのタンク\nはじきっかいせないかしら	Quizás haya alguna manera de\ndesviar los tanques que lanza.	Da gibt es bestimmt etwas, womit man die Tanks parieren kann.	Il y a sûrement un moyen\n de dévier ces réservoirs.	Potrebbe esserci un modo per\ndeflettere i serbatoi che sta lanciando.	Talvez haja uma forma de\ndesviar dos tanques que ele está lançando.	Me pregunto si hay alguna forma\nde apartar esos tanques...	Wydaje mi się, że jesteś w stanie\nodbić te zbiorniki, które w ciebie rzuca.	應該有辦法把它丟過來的容器打回去。	Fırlattığı tankları savuşturmanın\nbir yolu olabilir.	Det kanske finns ett sett att\navleda pansarvagnarna den kastar. 		Интересно, нельзя ли как-то\nбросить баки обратно в него?
evi_hint_tank_so	Maybe I can hit the tanks\nwith a Homing Attack!	あのタンク　ホーミングアタックで\n飛ばせないかな	¡Quizás pueda golpear los tanques con un Ataque Teledirigido!	Vielleicht kann eine Homing Attack die Tanks parieren!	Peut-être que je peux toucher les réservoirs\n avec une Attaque Téléguidée !	Forse posso colpire i serbatoi\ncon un Attacco a Ricerca!	Acho que posso atingir os tanques\ncom um Ataque Direcionado!	¿Podré atacar los tanques con un Ataque teledirigido?	Może mogę uderzyć zbiorniki\nAtakiem Naprowadzającym!	我或許能對那些容器使出追蹤攻擊！	Belki tanklara bir\nGüdümlü Saldırı ile vurabilirim!	Kanske jag kan träffa pansarvagnarna\nmed en Homingattack!		Нельзя ли что-то сделать с баками\nс помощью Самонаводящейся атаки?
evi_hint_tank_sh	Maybe you can hit the tanks\nwith a Homing Attack!	あのタンク　ホーミングアタックで\n飛ばせないかしら？	¡Puedes golpear los tanques con tu Ataque Teledirigido!	Könntest du die Tanks mit einer Homing Attack treffen?	Peut-être que tu peux toucher\les réservoirs avec une Attaque Téléguidée !	Forse puoi colpire i serbatoi\ncon un Attacco a Ricerca!	Talvez você possa atingir os tanques\ncom um Ataque Direcionado!	¿Podrás atacar los tanques con un Ataque teledirigido?	Może spróbujesz uderzyć te zbiorniki\nAtakiem Naprowadzającym?	你或許能對那些容器使出追蹤攻擊！	Belki tanklara bir\nGüdümlü Saldırı ile vurabilirsin!	Kanske du kan träffa pansarvagnarna\nmed en Homingattack!		А можно ли сделать что-то с баками\nс помощью Самонаводящейся атаки?
evi_hint_door_so	I can probably break through here\nwith a Speed Break!	こいつはスピードブレーキで\n壊しそにないな	¡Con un Impulso, puede que\natraviese este obstáculo!	Ich kann da wahrscheinlich mit Speed Break durchbrechen!	Je peux certainement passer\navec un Speed Break !	Posso probabilmente sfondare qua\ncon una Rottura della Velocità!	Acho que posso passar por aqui\ncom um Impulso Veloz!	Con un Speed Break podría romper esto.	Pewnie mógłbym się tu przebić\nza pomocą Zrywu Pędu!	我或許能用速度突破衝出這裡！	Muhtemelen bir Hız Kırma\nile buradan geçebilirim!	Jag kan antagligen bryta igenom här\nmed en Fartbrytning!		Не думаю, что её можно сломать\nс помощью ускорения.
evi_hint_door_sh	A Speed Break should be able to\nsmash down this door.	このとびらはスピードブレーキで\n壊しそにないわね	Con un Impulso, debería ser capaz\nde tirar esta puerta abajo.	Ein Speed Break würde reichen, um diese Tür zu zerschmettern.	Un Speed Break pourrait\nenfoncer cette porte.	Una Rottura della Velocità dovrebbe riuscire a\ndistruggere questa porta.	Um Impulso Veloz deve ser capaz de\nquebrar essa porta.	Esta puerta se puede romper con un Speed Break.	Zryw Pędu powinien zniszczyć te drzwi.	用速度突破應該就能把這扇門打爛。	Bir Hız Kırma bu duvarı\nkırmaya yararlı olmalı.	En Fartbrytning borde kunna\nslå ner den här dörren.		Вряд ли эту дверь можно сломать\nс помощью ускорения.
evi_hint_propeller_so	I probably shouldn't touch\nthose propeller blades!	このプロペラ\n触らないようにしないとな	¡No creo que sea buena idea\ntocar esas helices cortantes!	Ich sollte lieber nicht diese Propeller berühren!	Je ne devrais pas toucher\ces pales d'hélice !	Di sicuro non devo toccare\nquelle pale eliche!	Acho que não é uma boa\ntocar nessas hélices afiadas!	No debo tocar las hélices.	Raczej nie powinienem dotykać\ntych ostrzy śmigłowych!	最好避開那些螺旋刀！	Muhtemelen o pervane\nkanatlarına dokunmamalıyım!	Jag borde antagligen inte röra\ndem där propellerbladen!		Постараюсь не трогать этот пропеллер.
evi_hint_propeller_sh	Don't touch the propellers!	このプロペラ\n触らないようにね	¡Evita las hélices!	Fasse die Propeller nicht an!	Évite les pales d'hélice !	Non toccare le eliche!	Não toque nas hélices!	No toques las hélices.	Nie dotykaj tych śmigieł!	別碰螺旋刀！	Pervanelere dokunma!	Rör inte propellerna!		Не трогай этот пропеллер!
evi_hint_levitate_so	I can use this to go up!	これを使って上に上れるぜ！	¡Con esto puedo llegar ahí arriba!	Ich kann das benutzen, um nach oben zu gelangen!	Je peux utiliser ça pour monter !	Posso usare questo per andare su!	Posso usar isso para ir lá pra cima!	¡Puedo usar esto para subir!	Mogę użyć tego, by się wznieść!	我能用這上去！	Bunu yukarı çıkmak için kullanabilirim!	Jag kan använda det här för att gå upp!		С его помощью можно залезть наверх!
evi_hint_levitate_sh	You can use this to go up.	これを使って上に上れそうよ！	Puedes usar esto para subir.	Du kannst das nutzen, um nach oben zu gelangen.	Tu peux te servir de ça pour monter.	Puoi usare questo per andare su.	Você pode usar isso para subir.	¡Puedes usar esto para subir!	Możesz użyć tego, by się wznieść.	你能用這上去！	Bunu yukarı çıkmak için kullanabilirsin.	Du kan använda det här för att gå upp!		Думаю, что с его помощью\nты сможешь залезть наверх!
evi_hint_homing_attack_so	I think I can get across using that machine!	あの機械を使って渡れそうだな！	¡Creo que puedo llegar al otro lado usando la maquinaria!	Ich denke ich kann mit dieser Maschine darüber!	On dirait que je peux traverser en utilisant cette machine !	Penso che posso attraversare usando quel macchinario!	Acho que posso atravessar usando essa máquina!	¡Creo que puedo usar esa máquina para cruzar!	Raczej dostanę się na drugą stronę\nużywając tej maszyny!	我應該能用那個機械跨過去！	Sanırım o makineyi kullanarak karşıya geçebilirim!	Jag tror jag kan ta mig över med den där maskinen!		Думаю, что смогу перебраться на ту\nсторону с помощью этого устройства.
evi_hint_homing_attack_sh	You can use a Homing Attack on that machine.	あの機械　ホーミングアタック\nできそうよ！	Puedes usar un Ataque Teledirigido en ese mecanismo.	Du kannst an der Maschine eine Homing Attack einsetzen!	Tu peux utiliser un Attaque Téléguidée sur cette machine.	Puoi usare un Attacco a Ricerca su quel macchinario.	Você pode usar um\nAtaque Direcionado nesta máquina.	¡Parece que puedes usar un\nAtaque teledirigido en esa máquina!	Możesz użyć Ataku Naprowadzającego\nna tej maszynie.	你能對那個機械使出追蹤攻擊。	O makineye Güdümlü Saldırı kullanabilirsin.	Du kan använda en Homingattack på den där maskinen.		К тому устройству можно применить\nСамонаводящуюся атаку!
evi_hint_hot_so	Woah, that looks hot!	ぐわー\nこれはあつそうだな	¡Uf, eso pinta caliente!	Hui, das sieht heiß aus!	Ouah, ça a l'air chaud !	WOAH, quel coso sembra bollente!	Uou, isso parece estar pelando!	Ugh, eso se ve caliente.	Ło, to wygląda na gorące!	哇嗚，那看起來超燙！	Woah, sıcak gözüküyor!	Whoa, det ser hett ut!		Ого! А там, наверно, горячо!
evi_hint_hot_sh	That seems hot to the touch.	これは触ったらあつそうよ	Parece que está ardiendo.	Da könnte man sich verbrennen.	C'est trop chaud pour le toucher.	Sembra troppo bollente per toccarlo.	Pelo visto parece estar bem quente.	Está muy caliente para que lo toques.	To wygląda na gorące w dotyku.	那看起來燙到不行。	Dokunmak için sıcak gözüküyor.	Det verkar vara hett att at på.		Думаю, там очень горячо.
														
evi_boss_intro_so	You know, I've let you play around\nmore than enough for one day!	好き放題あばれやがって…\nちょいとオシオキが必要だな！	¿Sabes qué? ¡Creo que ya basta de tus juegecitos!	Ich glaube, ich habe dich heute lange genug herumspielen lassen!	Tu sais, je t'ai assez laissé jouer\n pour aujourd'hui !	Sai, ti ho lasciato scorazzare troppo per un giorno!	Olha, já deixei você brincar\ndemais, já passou da hora!	Este chico es un descarriado...\n¡Démosle unas nalgadas!	Wiesz, za długo pozwoliłem Ci\nsię bawić jak na jeden dzień!	我這一整天好像讓你玩得太開心了呢！	Biliyor musun, bir gün için\nseni yeterince oyaladım!	Du vet, jag har låtit dig leka\nmer än nog för en dag!		Не стыдно тебе так буянить?\nНадо бы тебя наказать!
evi_boss_intro_sh	Sonic, be careful!\nThe Ifrit is no child!	気をつけてソニーク！\nイフリートはコドモじゃないのよ！	¡Sonic, cuidado! ¡El ifrit\nno es para tomárselo a guasa!	Sonic, sei vorsichtig! Der Ifrit ist kein Kind!	Sonic, sois prudent !\nL'Ifrit n'est pas un enfant !	Sonic sta attento!\nL'Ifrit non è affatto un bambino!	Sonic, cuidado!\nO Ifrit não é uma criança!	¡Cuidado, Sonic! ¡Ese ifrit no es un niño!	Sonic, ostrożnie!\nIfrit nie jest żadnym dzieckiem!	對決！伊弗利特巨像！	Sonic, dikkatli ol!\nIfrit çocuk oyuncağı değil!	Sonic, var försiktig!\nIfriten är inget barn!		Будь осторожен, Соник!\nИфрит не маленький ребёнок!
evi_boss_prepare_sh	Ifrit, prepare yourself!	イフリート！\nカンネンしなさい！	Ifrit, ¡pretárate!	Ifrit, bereite dich vor!	Ifrit, prépare-toi !	Ifrit, preparati!	Ifrit, prepare-se!	¡Ifrit, aplácate!	Ifrit, szykuj się!	伊弗利特，儘管放馬過來吧！	Ifrit, kendini hazırla!	Ifrit, förbered dig!		Ифрит! Сдавайся уже!
evi_boss_hit_so	Yeah, how do you like that?\nNot so tough now, are you?	ＹＥＳ！どうだ敵ロボ？\n少しははんせいしたか？	¿Qué te ha parecido? Ya no te ves tan duro, ¿eh, ifrit?	Yeah, wie gefällt dir das?\nJetzt bist du nicht mehr so taff, was?	Alors, qu'est-ce que tu en dis ?\nOn fait moins le malin, maintenant ?	Bene, ti piace?\nNon fai più il gradasso eh?	E aí, curtiu? Não é tão durão, né?	¡SÍ! ¿Qué te parece, robot?\n¿Aprendiste la lección?	Ta, i co ty na to?\nNie jest z ciebie taki twardziel, co?	這樣如何呀？不是好像很厲害嗎？	Evet, bunu nasıl buldun?\nArtık o kadar da sert değilsin, değil mi?	Ja, hur gillar du det?\nInte så tuff nu, eller hur?		Да! Ну что, болван? Хоть немного\nподумал над своим поведением?
evi_boss_hit_sh	That's it! You found its weak point!	やった！\nやっぱりここが弱点だったのね！	¡Ahí está!\n¡Has encontrado su punto débil!	Volltreffer! Du hast seinen Schwachpunkt entdeckt!	C'est ça ! Tu as trouvé son point faible !	Eccolo! Hai trovato il suo punto debole!	É isso! Você encontrou o ponto fraco!	¡Lo hiciste! ¡Sí es su punto débil!	To jest to!\nZnalazłeś jego słaby punkt!	很好！你找到它的弱點了！	İşte bu! Zayıf noktasını buldun!	Det är det! Du hittade dess svaga punkt!		Ура! Это и правда было\nего слабым местом!
evi_boss_hit2_so	Stubborn little fella, isn't he?\nWell, OK, maybe not little.	しぶといヤツだな\nデカいだけのことはあるぜ！	Pero mira que es pesado... ¡En más de un sentido!	Hartnäckiger, kleiner Bursche, huh? Na ja, 'klein' wohl eher nicht...	Il est têtu, ce petit gars !\nEnfin, pas si petit que ça...	Proprio un tipetto testardo, eh?\nBeh, OK, forse non un """tipetto""".	Bem teimoso esse nanico, né?\nTá, não tão nanico assim.	Es un chico muy rudo. ¡Bueno, no tan chico!	Uparty maluch, co nie?\nCóż, okej, może nie taki maluch.	很頑固的小傢伙嘛！嗯…叫你小傢伙好像也不太對。	İnatçı ufaklık, değil mi?\nTamam, belki ufaklık değil.	Envis liten kille, eller hur?\nTja, okej, kanske inte liten.		Какой крепкий!\nХотя он скорее просто огромный!
evi_boss_hit3_so	Alright! Looks like it's almost\nlights out for you, big guy!	だいぶ効いてるみたいだな\nそろそろオネンネしてもらうぜ！	¡Ajá! ¡Pronto no nos darás más\nla lata, grandullón!	Tja, jetzt dreh' ich dir den Saft ab du Hänger!	C'est bientôt terminé pour toi !	Bene! Sembra proprio che è\nquasi finita per te!	Beleza! Tá quase na\nhora de nanar, grandão!	Parece que funciona bien, ¿eh?\n¡Es hora de la siesta!	Dobra! Wygląda na to, że dla\nCiebie zaraz pora spać, wielkoludzie!	好極了！大塊頭睡覺覺的時間快到囉！	Tamam! Sanırım senin için neredeyse\nışıklar söndü, koca adam!	Okej! Det verkar som att det nästan\när släckt för dig, store vän!		А это работает!\nПора отправить тебя баиньки!
evi_boss_defeat_so	Now I see why they tell you\nnot to play with fire.	火アソビが過ぎたようだな！	Ya veo por qué dicen que es\nmejor no jugar con fuego.	Jetzt weiß ich, warum es heißt, dass man mit Feuer nicht spielen soll.	Je comprends pourquoi\non dit de ne pas jouer avec le feu.	Adesso capisco perchè ti dicono\ndi non giocare con il fuoco.	E é por isso que\nnão se deve brincar com fogo.	¡Y por eso no se juega con fuego!	Już rozumiem czemu mówią,\nżeby nie bawić się ogniem.	難怪俗話說，玩火易自焚！	Şimdi neden ateşle oynamamam\ngerektiğini söylediklerini anlıyorum.	Nu förstår jag varför de säger att du\ninte ska leka med elden.		Игры с огнём закончились!
														
evi_hint_hand_sh	Maybe you should try attacking\nthe hands holding up its body?	あの　体を支えている手を攻撃したら\nけっこう効くんじゃないかしら？	¿Quizás deberías atacar las\nmanos que lo sostienen?	Vielleicht solltest du die Hände, die ihn stützen, angreifen?	Essaie d'attaquer les mains\nqui soutiennet son corps.	Forse dovresti provare ad attaccare\nle mani che sorreggono il suo corpo?	Talvez você devia tentar\natacar as mãos que o sustentam?	¿No servirá atacar las manos\nque sostienen su cuerpo?	Może spróbuj atakować\nręce podtrzymujące jego ciało?	試試看攻擊把它身體支撐起來的雙手？	Belki vücudunu tutan ellere\nsaldırmayı denemelisin?	Kanske borde du försöka attackera\nhänderna som håller upp dess kropp?		Может, атаковать руки, которые\nподдерживают его тело?
evi_hint_head_sh	I sense a strong power coming\nfrom the light on the Ifrit's head.	イフリートの頭の光る部分に強い力を\n感じる…弱点はきっとそこよ！	Siento un gran poder proveniente de\nla luz de la cabeza del ifrit.	Ich spüre eine starke Kraft, die vom Kopf des Ifrit ausgeht...	La lumière qui jaillit de sa tête\nest la source de son pouvoir.	Percepisco un forte potere venire\ndalla luce nella testa dell'Ifrit	Eu sinto uma forte energia vindo\nda luz na cabeça de Ifrit.	Siento un gran poder en la parte brillante\nde la cabeza del ifrit... ¡Ese debe ser su punto débil!	Wyczuwam silną moc pochodzącą\nod światła na głowie Ifrita.	我從伊弗利特頭頂上的光芒感覺到了強大的力量。	Ifrit'in başındaki ışıktan gelen\ngüçlü bir gücü hissediyorum.	Jag känner en stark kraft som kommer\nfrån ljuset på Ifrits huvud.		Я чувствую огромную силу\nв светящейся части головы Ифрита...\nДумаю, это слабое место!
evi_hint_head2_sh	Try to find some way to get the Ifrit\nto lower his head into range!	イフリートの頭を下へおろすには\nどうしたらいいのかしら？	¡Tienes que encontrar alguna manera\nde acercar su cabeza hacia ti!	Bring den Ifrit dazu, seinen Kopf zu senken, um ihn anzugreifen!	Essaie de baisser la tête de l'Ifrit\npour qu'elle soit à portée.	Trova un modo per portare l'Ifrit\nad abbassare la sua testa per colpirlo!	Encontre uma maneira de fazer\na cabeça de Ifrit se aproximar!	¿Cómo podemos hacer que baje la cabeza?	Znajdż jakiś sposób, żeby Ifrit\nopuścił głowę w zasięg!	想辦法讓伊弗利特的頭降落到攻擊範圍內！	Ifrit'in başını menzile sokmanın\nbir yolunu bulmaya çalış!	Försök hitta något sätt att få Ifriten\natt sänka huvudet inom räckhåll!		Интересно, что нужно сделать,\nчтобы наклонить вниз голову Ифрита?
evi_hint_laser_sh	It looks like the Ifrit's eye laser\nitself won't hurt you.	イフリートの　目のレーザー自体は\nさわっても大丈夫みたいね！	Parece que el ojo láser del ifrit\nno te hace daño directamente.	Das Laserauge selbst kann dir scheinbar nichts anhaben!	L'oeil laser d'Ifrit ne devrait\npas pouvoir te faire de mal.	Sembra che i laser dagli occhi dell'Ifrit\nnon ti faranno male.	Parece que o laser ocular de Ifrit\nnão lhe causa dano diretamente.	¡Parece que puedes tocar el láser del ojo del ifrit!	Wygląda na to, że laser z oka Ifrita\nsam w sobie Cię nie skrzywdzi.	看樣子伊弗利特的眼睛雷射本身傷不了你。	Ifrit'in göz lazerinin sana\nzarar vermeyeceği anlaşılıyor.	Det verkar som att Ifrits ögonlaser\ni sig inte kommer att skada dig.		Осторожно! Постарайся не касаться\nлазеров из глаз Ифрита!
evi_hint_water_sh	As the Ifrit's body sinks,\nthe water level in the furnace rises.	イフリートが体を沈めると溶鉱炉の\n水面が上昇するわ！　気をつけて！　	Según el cuerpo del ifrit se hunde,\nel nivel del agua sube.	Wenn der Ifrit sinkt, steigt der Wasserpegel im Schmelzofen!	Quand l'Ifrit s'enfonce, le niveau\nde l'eau monte dans la fournaise !	Se il corpo dell'Ifrit affonda,\nil livello dell'acqua della fornace si innalzerà.	Assim que o corpo de Ifrit afunda, o\nnível da água na fornalha sobe.	¡Conforme el ifrit se hunda, el nivel de agua\nen la fundición subirá! ¡Ten cuidado!	Im bardziej ciało Ifrita tonie,\ntym bardziej poziom wody w piecu rośnie.	伊弗利特的身體沉下去會讓熔爐的水面上升。	Ifrit'in bedeni battıkça,\nfırındaki su seviyesi yükselir.	När Ifrits kropp sjunker,\nstiger vattennivån i ugnen.		Когда Ифрит утонет, поднимется топливо\nплавильной печи! Будь осторожен!
														
levitated_ruin	Levitated Ruin	レビテイテッド　ルーイン	Ruinas Levitantes	Levitated Ruin	Levitated Ruin	Rovine Levitate	Levitated Ruins	Ruinas Levitadas	Lewitujące Ruiny	懸浮遺址	Havadaki Harabe	Leviterad Ruin		Парящие руины
levitated_ruin_description	A floating hall of the dead.	天空をさまよう墳墓。	Un mausoleo celeste.	Die schwebende Halle der Toten.	Un mausolée flottant.	Un fluttuante mausoleo della morte.	Um salão flutuante dos mortos.	Un mausoleo a la deriva en el cielo.	Unoszący się korytarz umarłych.	在天空徘徊的墳墓。	Ölülerin uçan salonu.	En flytande dödshall.		Гробница, парящая в небе.
														
lev_sinbad_so	Man, this Sinbad must\nreally be someone special.	シンドバッドひとりに\nやけに大げさだな	Guau, este Simbad tiene mucha\npinta de ser alguién importante.	Man, dieser Sindbad muss jemand ganz Besonderes sein.	Ce Sinbad doit vraiment\nêtre quelqu'un d'exceptionnel.	Cavolo, questo Sinbad deve\nessere proprio qualcuno di speciale.	Cara, esse Simbad deve ser\na última bolacha do pacote.	¿Y toda esta faramalla es para custodiar a Simbad?	Człowieku, ten Sinbad\nmusi być kimś specjalnym.	這個叫「辛巴達」的人肯定是大有來頭吧。	Adamım, bu Sinbad\ngerçekten özel biri olmalı.	Herregud, den här Sinbad måste\nverkligen vara någon speciell.		Как-то многовато всего\nдля одного Синдбада.
lev_sinbad_sh	Of course!\nHe's one of this world's heroes!	彼はこの世界では英雄てすもの！	¡Pues claro! ¡Es uno de los héroes de este mundo!	Aber klar! Er ist einer der Helden dieser Welt!	Évidemment !\nC'est un des héros de ce monde !	Ovviamente!\nÈ uno degli eroi di questo mondo!	Mas é claro! Ele é um dos heróis deste mundo!	¡Es que es un héroe en este mundo!	Oczywiście!n\Jest jednym z bohaterów tego świata!	當然了，他可是這個世界的英雄之一呢！	Elbette!\nO bu dünyanın kahramanlarından biri!	Självklart!\nHan är en av den här världens hjältar!		Потому что он герой в этом мире!
lev_end_so	Is that Sinbad?	あ　あいつがシンドバッド！？	¿Es ese Simbad?	Ist das Sindbad?	Est-ce que c'est Sinbad ?	È quello Sinbad?	Aquele é o Simbad?	¡Ah! ¡¿Ese tipo es Simbad?!	Czy to Sinbad?	他是辛巴達？	O Sinbad mı?	Är det Sinbad?		Это и есть Синдбад?
lev_end_sh	Ah! Over there!	あっ　あそこ！	¡Ah! ¡Mira allí!	Ah! Da drüben!	Ah ! Par ici !	Ah! Di qua!	Ah! Por ali!	¡Ah! ¡Por allá!	Ah! Tam!	啊！那邊！	Ah! İşte orada!	Ah! Där borta!		Мы на месте!
lev_rescue_so	Oh, come on...	やれやれ	Oh, venga ya...	Meine Fresse...	Oh, allez...	Oh, andiamo...	Ah, qual é...	Por favor...	Eh, no weż...	真是的……	Oh, hadi ama...	Oh, kom igen...		Да потерпи ты!
lev_rescue_sh	Don't worry, Sinbad!\nWe'll rescue you!	シンドバッド様\nすぐにお助けします	¡No te preocupes, Simbad!\n¡Vamos a rescatarte!	Keine Sorge, Sindbad! Wir retten dich!	Ne t'inquiète pas, Sinbad !\nOn va te sauver !	Non ti preoccupare Sinbad!\nTi salveremo!	Não se preocupe, Simbad! Nós vamos te salvar!	Gran Simbad, pronto acudiremos en su ayuda.	Nie martw się, Sinbad!\nUratujemy Cię!	辛巴達別擔心！我們會把你救出來的！	Endişelenme, Sinbad!\nSeni kurtaracağız!	Oroa dig inte, Sinbad!\nVi kommer att räddar dig!		Господин Синдбад, мы вас сейчас спасём!
lev_rescue_kn	Yeah, any day now. Thanks.	おーい\n早いとこ頼むぜー	Pues ¡daos prisa!	Ja, na klar! Nur keine Eile!	Ouais, quand vous voulez. Merci.	Sí, da un momento all'altro. Grazie.	Antes tarde do que nunca. Obrigado.	Oigan, dense prisa, por favor.	Ta, już lada dzień. Dzięki.	拜託你們快一點，謝啦。	Evet, her an olabilir. Teşekkürler.	Ja, vilken dag som helst nu. Tack.		Эй, а можно побыстрее?
lev_seal_so	Hm. Well, let's get that\ntaken care of, then.	ふーん\nじゃあ　サクッと片付けるか	¡Hum! Ocupémonos de este asunto, entonces.	Hm. Na ja, dann lass uns das mal erledigen.	Hm. Bon, occupons-nous de ça.	Hm. Beh, occupiamocene allora.	Hm. Bom, então vamos dar um jeito nisso.	Jum. Bien, hagamos esto rápido.	Hm. Coż, w takim razie\nzajmijmy się tym.	哼。\n那就盡快解決掉吧。	Hm. Pekala, O zaman\nhadi bunu halledelim.	Hm. Nå, låt oss ta\nhand om det då.		Хм-м. Тогда постараюсь здесь\nбыстренько со всем разобраться.
lev_seal_sh	The device to break the seal\nshould be atop this tower.	この塔の屋上に封印を解く\n仕掛けがあるはずよ	El aparato para deshacer el sello\ndebería estar en la cima de esta torre.	Das Gerät, welches das Siegel aufbrechen kann, sollte an der Spitze des Turms sein.	L'appareil pour briser le sceau\ndevrait être au sommet de cette tour.	Il dispositivo per rompere il sigillo\ndovrebbe essere sopra quella torre.	O dispositivo para quebrar o selo\ndeve estar no topo desta torre.	Tiene que haber un mecanismo para abrir\nel candado en el techo de esta torre.	Urządzenie do złamania pieczęci\npowinno być na górze tej wieży.	打破封印的裝置應該在那座塔的上面。	Mührü kıracak cihaz bu\nkulenin tepesinde olmalı.	Anordningen för att bryta förseglingen\nborde vara ovanpå det här tornet.		На крыше башни должно быть что-то,\nчто поможет нам открыть клетку.
lev_directions_so	Okay, now what?	で、どうすりゃいいのさ	Bien... ¿Ahora qué?	OK, und jetzt?	Okay, et maintenant ?	Ok, e adesso?	Tá, e agora?	Bien, ¿qué debo hacer?	Okej, co teraz?	好，那我們現在要幹嘛？	Tamam, simdi ne?	Okej, nu då?		А что нужно сделать?
lev_directions_sh	Over there. The lever!	そのレバーを傾けて	¡Fíjate en esa palanca!	Da drüben. Der Hebel!	Là-bas ! Le levier !	Di là. La leva!	Ali. A alavanca!	Mueve esa palanca.	Tam. Ta dżwignia!	在那邊！是操縱桿！	Burada. Şalter!	Där borta. Spaken!		Вот тот рычаг!
lev_return_so	Huh? We're back\nto where we started.	あれ？もとの場所に戻ったぞ	¿Eh? Hemos vuelto\nal punto de partida.	Hä? Wir sind ja wieder am Anfang.	Hein ? On est retourné au départ.	Eh? Siamo tornati\nda dove avevamo cominciato.	Hã? A gente voltou pro começo.	¿Qué? Volvimos a donde empezamos.	Co? Jesteśmy tu\ngdzie zaczeliśmy.	奇怪？我們回到原點了。	Huh? Başladığımız\nyere geri döndük.	Huh? Vi är tillbaka\ndär vi började.		А? Обратно вернулись, что ли?
lev_return_sh	Okay, now we need to\nfind the next switch.	さっ　次のスイッチに向かいましょう	Vale, ahora tenemos que encontrar\nel siguiente interruptor.	OK, jetzt müssen wir den nächsten Schalter finden.	Okay, trouvons le prochain interrupteur.	Ok, adesso dobbiamo\ntrovare il prossimo interrutore.	Ok, agora precisamos\nencontrar a próxima alavanca.	Bien, busquemos el próximo interruptor.	Okej, teraz musimy\nznależć kolejny przycisk.	好，接著去找下個開關吧。	Tamam, şimdi bir sonraki\nanahtarı bulmamız gerekiyor.	Okej, nu måste vi\nhitta nästa strömbrytare.		Теперь отправляйся к следующему\nпереключателю!
lev_fun_so	Oh well. Guess we get to\nhave a little more fun.	しょうがないな\nもうちょっと付き合ってやるか	Vaya, pues parece que nos vamos a divertir un buen rato.	Na dann kann der Spaß ja weitergehen!	Bon, le plaisir dure un peu plus longtemps.	Oh beh. Immagino che ci\ndivertiremo un pochino di più.	É... Parece que a gente vai\nse divertir mais um pouco.	Bueno, parece que esto aún no se acaba.	No trudno. Przynajmniej możemy się\ntrochę dłużej pobawić.	好吧。看來能再多玩幾下呢。	Neyse. Sanırım biraz\ndaha eğleneceğiz.	Nåja. Antar att vi får\nha lite mer kul.		Ладно. Поработаю тут ещё немного.
lev_fun_sh	Fun?! Is that what all this is to you?	ちょっと！\nもしかして　楽しんでない？	¡¿Eh?! ¡No me digas que lo estás disfutando!	Spaß?! Begreifst du nicht den Ernst der Lage?	Tout ça n'est qu'une\npartie de plaisir pour toi ?!	Ci divertiremo?! Tutto questo per te è divertente?	Diversão? Isso tudo é diversão pra você?	¡Oye! ¿Acaso no te estás divirtiendo?	Bawić się?! Czy to wszystko dla Ciebie\njest tylko zabawą?	玩？！你對這一切都這麼想嗎？	Eğlence mi?! Senin için bütün bunlar eglence mi?	Kul?! Är det vad allt det här är för dig?		Эй! Ты тут развлекаешься что ли?
lev_eyes_so	Oh, that's right.\nI think I remember reading about that...	そういや\nそんな伝説の怪物がいたっけか	¡Oh!, cierto. Recuerdo haber leído sobre ello...	Oh, stimmt. Ich glaube davon hab ich mal gelesen...	Oh, c'est vrai.\nJ'ai dû lire ça quelque part...	Oh, giusto.\nRicordo di averlo letto...	Ah, é verdade.\nEu lembro de ter lido sobre isso...	Ahora que lo pienso,\n¿ese no es un monstruo legendario?	A, bez kitu.\nKojarze, że czytałem coś o tym...	喔，對了。我好像記得有讀過那個……	Ah, doğru.\nSanırım bununla ilgili bir şeyler okumuştum...	Oh, det stämmer.\nJag tror att jag minns att jag läste om det...		Кстати, это чудище было\nв каком-то рассказе?
lev_eyes_sh	Look out! The light from his eyes\ncan turn you to stone!	気をつけて！\n目が光ったら石化がくるわ	¡Cuidado! ¡El brillo de sus ojos puede convertirte en piedra!	Pass auf! Das Licht von seinen Augen kann dich versteinern!	Attention ! La lumière de ses yeux\npeuvent te pétrifier !	Attento! La luce dei suoi occhi\npuò trasformarti in pietra!	Cuidado! A luz dos olhos dele\npode te transformar em pedra!	¡Cuidado! Si te ve cuando\nsus ojos brillan, te petrificará.	Uważaj!\nŚwiatło z jego oczu zmieni Cię w kamień!	小心！被他的眼睛光線照到的話會被石化！	Dikkat et! Gözlerinden gelen\nışık seni taşa çevirebilir!	Se upp! Ljuset från hans ögon\nkan förvandla dig till sten!		Будь осторожен! Если глаза статуи\nзасветятся, ты окаменеешь!
lev_shield_so	My Homing Attack!\nIt won't work!	オレのホーミングアタックが効かないだって	¡No funciona mi Ataque Teledirigido!	Meine Homing Attack!\nSie funktioniert nicht!	Mon Attaque Téléguidée\nne fonctionne pas !	Il mio Attacco a Ricerca!\nNon funzionerà!	Meu Ataque Direcionado!\nEle não funciona!	Mi Ataque teledirigido no funciona.	Mój Atak Naprowadzający\nnie działa!	我的追蹤攻擊居然對它沒用！	Güdümlü Saldırım!\nİşe yaramıyor!	Min Målsökande Attack!\nDen funkar inte!		Моя Самонаводящаяся атака...\nне сработала?
lev_shield_sh	He's protected by those winds!	あいつ　風を起こして不正だのよ	¡Lo proteje la fuerza del viento!	Er ist durch diesen Wind geschützt!	Il est protégé par ces bourrasques !	È protetto dai venti!	Ele está sendo protegido\npela força do vento!	Hace trampa usando el viento.	Jest chroniony przez te wiatry!	他被那些風保護著！	Rüzgarlar onu koruyor!	Han är skyddad av dem vindarna!		Он вызвал ветер и защитился\nс его помощью!
														
lev_hint_wind_so	Man, this wind is strong!\nIt's blowing me back!	スゴイ風だぜ\n吹き飛ばされそうだ！	¡Este viento me empuja hacia atrás!\n¡Casi no puedo avanzar!	Man, dieser Wind ist stark!\nIch komme kaum vorran!	Le vent est fort !\nIl me pousse en arrière !	Cavoli, questo vento è fortissimo!\nMi sta soffiando via!	Cara, que ventania!\nEla tá me empurrando pra trás!	¡Qué viento tan fuerte! ¡Siento que me vuela!	O stary, ten wiatr jest silny!\nOdpycha mnie do tyłu!	風太強了吧！\n我要被吹走了！	Adamım, rüzgar güçlü!\nBeni geri itiyor!	Men, den här vinden är stark!\nDen blåser mig tillbaka!		Ветер очень сильный!\nМеня сейчас сдует!
lev_hint_wind_sh	The wind speed here is incredible!\nBe careful, Sonic!	スゴイ風圧ね吹き飛ばされないように\n気をつけてソニック！	¡La velocidad del viento es sorprendente!\n¡Ve con cuidado, Sonic!	Hier weht ein unglaublich starker Wind! Sei vorsichtig, Sonic!	La vitesse du vent est incroyable!\nSois prudent, Sonic !	La velocità del vento qui è fortissima!\nSta attento Sonic!	A força do vento aqui é impressionante!\nCuidado, Sonic!	¡La fuerza del viento es increíble!\n¡No vayas a salir volando, Sonic!	Ta prędkość wiatru tutaj jest niemożliwa!\nOstrożnie, Sonic!	這裡吹著很強勁的風！\n小心啊，索尼克！	Rüzgar hızı burada inanılmaz!\nDikkatli ol, Sonic!	Vindhastigheten här är otrolig!\nVar försiktig, Sonic!		Какой сильный ветер! Будь осторожен,\nСоник! Иначе тебя сдует!
lev_hint_gargoyle_so	Hey! That stone statue just moved!	おい！　あの石像　動いたぞ！	¡Oye! ¡Esa estatua acaba de moverse!	Hey! Die Steinstatue hat sich gerade bewegt!	Hé ! Cette statue de pierre vient de bouger !	Ehi! Quella statua di pietra si è mossa!	Ei! Aquela estátua se mexeu!	¡Oye, esa estatua de piedra se movió!	Hej!\nTa kamienna statua właśnie się poruszyła!	喂！那個石像剛才動了！	Hey! Şu taş heykel hareket etti!	Hej! Den stenstatyn rörde precis på sig!		Ой, эта статуя двигается!
lev_hint_gargoyle_sh	I think that stone statue just moved!	あの石像　今動いてみたい！	¡Creo que esa estatua se acaba de mover!	Ich glaube die Statue hat sich gerade bewegt!	Je crois que cette statue vient de bouger !	Penso che quella statua di pietra si sia mossa!	Creio que aquela estátua de pedra\nacabou de se mexer!	¡Vi que esa estatua de piedra acaba de moverse!	Ta kamienna statua chyba właśnie się poruszyła!	那個石像好像動了！	Sanırım şu taş heykel hareket etti!	Jag tror den stenstatyn rörde på sig precis!		Похоже, эта статуя сдвинулась...
lev_hint_petrify_sh	If you get turned to stone,\npress [button_action] repeatedly to break free!	石にされたら[button_action]を押して！\n石化を解くことができるわ！！	Si te convierten en piedra, pulsa repetidamente el\nbotón de Acción Especial para liberarte!	Wirst du versteinert, drücke wiederholt den Action-Knopf, um dich zu befreien!	Si tu es pétrifié, appuie sur le Bouton d'Action pour te libérer !	Se vieni trasformato in pietra, premi il Tasto Azione per liberarti!	Se você virar pedra, use [button_action] para se libertar!	¡Si te petrifican, presiona [button_action] para romper la petrificación!	Jeśli zostaniesz zamieniony w kamien,\npowtarzalnie wciskaj [button_action] by się wydostać!	如果你被石化了，按下動作鍵掙脫！	Taşa dönüşürsen, kurtulmak için Aksiyon Düğmesine bas!	Om du förvandlas till sten,\ntryck upprepade gånger på [button_action] för att bryta dig loss!		Если окаменеете, нажмите кнопку\nдействия, чтобы освободиться!
lev_hint_chase_so	You're not getting away!	逃がすか！	¡No escaparás tan facilmente!	Mir entkommst du nicht!	Tu ne t'échapperas pas !	Tu non te ne vai!	Você não vai escapar!	¡No escaparás!	Nigdzie się nie wybierasz!	不會讓你逃走的！	Kaçmıyorsun!	Du kommer inte undan!		Не сбежишь!
lev_hint_chase_sh	After him, Sonic!	追ってソニック！	¡Ve tras él, Sonic!	Ihm nach, Sonic!	Poursuis-le, Sonic !	Inseguilo Sonic!	Atrás dele, Sonic!	¡Persíguelo, Sonic!	Za nim, Sonic!	追上它，索尼克！	Takip et onu, Sonic!	Efter honom, Sonic!		Догони его, Соник!
lev_hint_tag_so	Hey, if you want to play tag,\ngo do it someplace else!	鬼ごっこならヨソでやりな	¡Oye, no es momento de jugar al pillapilla!	Wenn du Fangen spielen willst, bist du an der falschen Adresse!	Hé, si tu veux jouer au chat,\nfais-le ailleurs !	Ehi, se vuoi giocare ad acchiaparella\nfallo da un'altra parte!	Ei, se você quer brincar de pega-pega,\nvá brincar em outro lugar!	Ve a otro lado si quieres jugar a las atrapadas.	Hej, jak chcesz się bawić w berka,\nidż to robić gdziekolwiek indziej!	欸，不要在這裡玩捉迷藏啦！	Hey, eğer ebelemece oynamak\nistiyorsanız başka yere gidin!	Hej, om du vill leka tafatt,\ngör det någon annanstans!		Если хочешь поиграть в догонялки,\nделай это в другом месте!
lev_hint_tag_sh	They just keep coming!	もー　きりがないわ	¡No dejan de aparecer más y más!	Sie nehmen kein Ende!	Ils n'arrêtent pas !	Continuano ad arrivare!	Eles não param de aparecer!	¡Ah...! ¡No parece tener fin!	Ciągle nadchodzi ich więcej!	有完沒完啊！	Gelmeye devam ediyorlar!	De bara fortsätter att komma!		Да им конца и края нет!
lev_hint_ivy_so	I can get across using the ivy.	ツタを使えば向こうに\n行けそうだな	Puedo cruzar usando la hiedra.	Ich kann da drüber, indem ich am Efeu schwinge.	Je peux traverser grâce au lierre.	Posso attraversare usando la liana.	Eu posso atravessar\nusando a hera!	Podemos llegar hasta allá usando las lianas.	Mogę tam dotrzeć używając tego bluszczu.	我可以用這個藤盪過去。	Sarmaşığı kullanarak karşıya geçebilirim.	Jag kan ta mig fram med hjälp av murgrönan.		Похоже, на другую сторону можно\nперебраться с помощью лиан.
lev_hint_ivy_sh	You can probably use\nthe ivy to get across.	ツタを使えば向こうに\n行けるんじゃないか？	Seguro que la hiedra te sirve para llegar al otro lado.	Nutze doch den Efeu, um auf die andere Seite zu kommen.	Tu peux sûrement traverser\ngrâce au lierre.	Puoi probabilmente usare\nla liana per attraversare.	Você provavelmente pode\nusar a hera para atravessar.	¿No se podría llegar hasta allá usando las lianas?	Pewnie możesz użyć bluszczu\nby się tam przedostać.	你應該可以用這個藤盪過去吧？	Sarmaşığı kullanarak\nmuhtemelen karşıya geçebilirsin.	Du kan förmodligen använda\nmurgrönan för att komma över.		Интересно, нельзя ли перебраться\nна другую сторону с помощью лиан?
lev_sandflow_so	If we can stop the sand flow,\nwe can probably walk across.	砂の流れを止められれば\n足場にできそうだな	Si logramos detener el curso de la arena,\nprobablemente podremos atravesarla.	Wenn wir den Sand-Fluss stoppen,\nkönnten wir da locker durch laufen.	Si on arrête l'écoulement du sable,\non pourra traverser.	Se riuscissimo a fermare il flusso di sabbia\npossiamo forse attraversare.	Se a gente parar a areia,\nacho que conseguiremos atravessar.	Si pudiéramos detener el flujo de arena,\npodríamos pasar por ahí.	Jeśli zatrzymamy przepływ piasku,\npewnie uda się tam przejść.	我們若能停止砂流，應該就可以跨過去了。	Kum akışını durdurabilirsek,\nmuhtemelen yürüyerek geçebiliriz.	Om vi ​​kan stoppa sandflödet,\nkan vi förmodligen gå över.		Если остановить поток песка,\nто будет точка опоры для ног.
lev_sandflow_sh	If we can stop the sand from flowing,\nwe could walk on it.	砂の流れを止められれば\n足場にできそうだけど	Si detenemos el flujo de la arena,\npodremos andar sobre ella.	Wenn wir den fließenden Sand aufhalten, könnten wir darauf laufen.	Si on empêche le sable de s'écouler,\non pourrait marcher dessus.	Se riuscissimo a fermare la sabbia che fluisce\npotremmo camminarci.	Se nós pararmos o fluxo de areia,\npoderemos andar sobre ela.	Si pudiéramos detener el flujo de arena,\npodríamos pasar por ahí.	Jeśli zatrzymamy przepływ piasku,\nbedzięmy mogli na nim chodzić.	我們若能停止沙子流動，應該就可以走上去。	Kumun akmasını durdurabilirsek,\nüstünde yürüyebiliriz.	Om vi ​​kan stoppa sanden från att rinna,\nkan vi gå på den.		Если остановить поток песка,\nто будет точка опоры для ног.
lev_hint_spikes_so	Huh! This is turning into some dogfight!	オレとドッグファイトでもしょってもか	¡Vaya! ¡Esto se está conviertiendo en un combate aéreo!	Ha! Ne richtige Luftschlacht hier!	Ha ! On dirait une combat aérien !	Uh! Questa si sta trasformando proprio in una rissa!	Hã! Isso tá virando um combate aéreo!	¿Quieren volverlo una pelea aérea?	Hm! To się zamienia w jakąś przepychankę!	哇！變成在纏鬥了！	Hah! Bu bir tür it dalaşına dönüşüyor!	Huh! Det här håller på att bli ett slagsmål!		Хм, устроим с тобой воздушный бой?
lev_hint_spikes_sh	Woah! What's with the spikes?	なんなの\nこのしつっこいトゲ	¡Hala! ¿Y estos pinchos?	Woah! Was sind denn das für Stacheln?	Ouah ! C'est quoi ces pointes ?	Woah! Cosa sono quegli spuntoni?	Uou! E esses espinhos?	¿Qué pasa con esas espinas tan molestas?	Łał! O co chodzi z tymi kolcami?	哇！那個尖刺是怎樣？	Woah! Bu dikenler neyin nesi?	Woah! Vad är det med spikarna?		Ай! Что это за шипы такие?
lev_hint_lever1_so	Should I pull this lever?	このレバーを傾ければ良いのか？	¿Debería accionar esta palanca?	Soll ich mal an diesem Hebel ziehen?	Devrais-je tirer ce levier ?	Dovrei tirare questa leva?	Será que eu devo puxar essa alavanca?	¿Basta con mover esta palanca?	Mam pociągnąć tę dżwignię?	我應該拉這個操控桿嗎？	Bu şalteri çekmeli miyim?	Borde jag dra i den här spaken?		Надо наклонить этот рычаг?
lev_hint_lever1_sh	Pull that lever!	そのレバーを傾けて	¡Acciona la palanca!	Ziehe den Hebel!	Tire ce levier !	Tira quella leva!	Puxe essa alavanca!	Mueve esta palanca.	Pociągnij tę dżwignię!	去拉那個操控桿！	Şu şalteri çek!	Dra in den spaken!		Наклони этот рычаг!
lev_hint_lever2_so	Two to go!	あと２つ	¡Quedan dos!	Noch zwei!	Encore deux !	Due giù!	Faltam duas!	Faltan 2.	Zostały dwie!	剩兩個了！	İki kaldı!	Två kvar!		Осталось ещё два!
lev_hint_lever2_sh	Two more!	あと２つ	¡Quedan dos más!	Zwei weitere!	Plus que deux !	Ancora due!	Mais duas!	Faltan 2.	Jeszcze dwie!	還有兩個！	İki daha!	Twå till!		Осталось ещё два!
lev_hint_lever3_so	Just one more to go!	あと１つ	¡Solo una más!	Nur noch einer!	Il n'en reste plus qu'un !	Ne manca solo uno!	Falta apenas uma!	Falta 1.	Została tylko jedna!	剩一個了！	Sadece bir kaldı!	Bara en kvar!		Остался один!
lev_hint_lever3_sh	One more!	あと１つ	¡Queda una!	Ein weiterer noch!	Plus qu'un !	Ancora uno!	Mais uma!	Falta 1.	Jeszcze jedna!	還有一個！	Bir daha!	En till!		Остался один!
lev_hint_lever4_so	Finished!	ＦＩＮＩＳＨ！	¡Hecho!	Geschafft!	Terminé !	Finito!	Pronto!	¡Terminamos!	Koniec!	結束！	Bitti!	Färdig!		Готово!
lev_hint_lever4_sh	That's the last one!	これで最後！	¡Esa es la última!	Das war der letzte!	C'était le dernier !	Quello è l'ultimo!	Essa foi a última!	¡Es la última!	To jest ostatnia!	這是最後一個了！	Bu sonuncusu!	Det är den sista!		Последний!
														
														
pirate_storm	Pirate Storm	パイレーツ　ストーム	Tormenta Pirata	Pirate Storm	Pirate Storm	Tempesta Pirata	Pirate Storm	Tormenta Pirata	Piracki Sztorm	海盜暴風	Korsan Fırtınası	Pirat Storm		Пиратский шторм
pirate_storm_description	Bandits roam through the tempest.	荒れ狂う海城と海賊団。	Forajidos navegan a través de la tempestad.	Ansturm der wilden Banditen.	Des bandits errent à travers la tempête.	Banditi che vagano nella tempesta.	Bandidos rondam pela tempestade.	Un castillo en el furioso mar y piratas.	Bandyci grasują wśrod nawałnic.	受海盜與暴風雨肆虐的海域。	Fırtınada haydutlar dolaşıyor.	Banditer strövar omkring i stormen.		Пираты и бушующий участок моря.
														
pir_opening_so	Well, so much for a vacation.	バカンスはおあずけってわけか	Hay mejores sitios para ir de vacaciones.	Tja, den Urlaub kann ich mir wohl abschminken.	Eh bien, quelles vacances.	Beh, tanto per una vacanza.	É... férias por água abaixo.	Supongo que las vacaciones esperarán.	Cóż, tyle by było z wakacji.	看來度假的美夢泡湯了。	Tatil için çok fazla.	Ja, så mycket för en semester.		Ну, в отпуск пока не поедем.
pir_opening_sh	The seas have turned stormy...	海が荒れてるわ…	El mar sí que está agitado...	Ein Sturm zieht auf...	La mer se déchaîne...	I mari sono diventati tempestosi...	O mar ficou bem agitado...	El mar está bastante agitado...	Oceany zrobiły się burzliwe...	開始下起暴雨了…	Denizler fırtınalı oldu...	Haven har blivit stormiga...		Море разбушевалось...
pir_cannon_event_so	Hey, check this thing out!	いいものがあるぜ！	¡Eh! ¡Fíjate en eso!	Hey, check das mal ab!	Eh, regarde ça !	Ehi, guard questa cosa!	Ei, saca só isso!	¡Esta cosa pinta bien!	Hej, obczaj to!	嘿，你看這玩意！	Hey, şu şeye bir bak!	Hej, kolla in den här grejen!		Ну хоть что-то хорошее!
pir_cannon_event_sh	Sonic, w-wait!	ちょっとソニック！	¡Sonic, e-espera!	Sonic, w-warte!	Sonic, a-attends !	Sonic as-aspetta!	Sonic, e-espera!	¡Espera, Sonic!	Sonic, c-czekaj!	索尼克，等一下啦！	Sonic b-bekle!	Sonic, v-vänta!		Стой, Соник!
pir_cannon_start_so	Hold on tight, Shahra!	振り落とされんなよ	¡Agarrate bien, Shara!	Gut festhalten, Shahra!	Accroche-toi, Shahra !	Tieniti forte Shahra!	Aguenta aí, Shahra!	No te vayas a caer.	Trzymaj się mocno, Shahra!	夏拉，抓緊囉！	Sıkı tutun, Shahra!	Håll i dig hårt, Shahra!		Главное, чтобы тебя не сбросило!
pir_cannonball_jump_so	Yahoo!	ひゃっほー！	¡Toma ya!	Yahoo!	Yahoo !	YAHOO!	Yahoo!	¡Yyyaajúuu!	Juhuu!	呀呼！	Yahoo!	Yahoo!		Йее-хуу!
pir_cannonball_end_so	See, now this is why\nI love coming to the ocean.	せっかくの海だ\n楽しんでいるこうぜ！	Ya ves, por esto me gusta\ntanto el océano.	Siehst du, deshalb bin ich immer gern am Meer.	Tu vois, c'est pour ça\nque j'adore la mer.	Vedi, è per questo\nche mi piace andare nell'oceano.	Viu só, é por isso que\neu gosto tanto do oceano.	¡Ya que estamos en el mar, disfrutémoslo!	Widzisz, dlatego właśnie\nkocham przychodzić do oceanu.	這就是我愛來大海玩的原因！	Bak, işte bu yüzden\nokyanusa gelmeyi seviyorum.	Se, det är därför\njag älskar att komma till havet.		Мы же на море!\nДавай насладимся моментом!
pir_cannonball_end_sh	Oh, you're so reckless!	もー　無茶なんだから！	¡Mira que eres temerario!	Ohh! Du bist so waghalsig!	Oh, tu es si téméraire !	Oh, sei cosí spericolato!	Ah, você é tão imprudente!	¡Ash, eres un imprudente!	Oh, jesteś taki lekkomyślny!	你也太亂來了！	Oh, çok pervasızsın!	Oh, du är så vårdslös!		Ох! Какой же ты безрассудный!
pir_grotto_so	Phew!	ひゅ～	¡Uf!	Puh!	Pfiou !	Fiuu!	Ufa!	¡Fiu!	Fiu!	呼！	Phew!	Phew!		Фух!
pir_grotto_sh	Ohh! It's so pretty!	うわ～，　キレイ…	¡Ohh! ¡Qué bonito!	Ohh! Ist das schön!	Ohh ! C'est si beau !	Ohh, è cosí bello!	Uau! É tão bonito!	¡Guau, es hermoso...!	Ooo! Jest tak pięknie!	喔！這好漂亮！	Ohh! Çok güzel!	Ohh! Den är så fin!		Ах, красота!
pir_surf_so	Okay, let's use this!	よし！　これを使うぜ！	¡Podemos aprovechar esto!	Super! Lass uns das mal ausprobieren!	Okay, utilisons ça !	Ok, usiamo questo!	Beleza, vamos usar isso!	¡Bien! ¡Usemos esto!	Okej, użyjmy tego!	好！就用這吧！	Tamam, hadi bunu kullanalım!	Okej, låt oss använda den här!		Отлично! Воспользуюсь этим!
pir_surf_sh	Are you kidding me?	そんな無茶な！	¿Lo dices en serio?	Machst du Witze?!	C'est une blague ?	Mi stai prendendo in giro?	Você tá falando sério?	¡Es muy arriesgado!	Ty chyba żartujesz?	你在跟我開玩笑嗎？	Dalgamı geçiyorsun benimle!	Skämtar du med mig?		Ты безрассудный!
pir_surf_jump1_so	Ha!	は！	¡Ja!	Ha!	Ha !	Ah!	Há!	¡Ja!	Ha!	哈！	Ha!	Ha!		Ха!
pir_surf_jump2_so	Whoa!	いやあ！	¡Vaya!	Woah!	Ouah !	Whoa!	Uou!	¡Jía!	Łał!	哇喔！	Whoa!	Whoa!		Ааа!
pir_surf_jump3_so	Yahoooo!	ひゃっほー！	¡Toma ya!	Yahoooo!	Yahoooo !	YAHOOOO!	Yahoooo!	¡Yajúu!	Juhuuuu!	呀呼！	Yahoooo!	Yahoooo!		Йее-хуу!
pir_plan_so	Hey, this is a piece of cake!	こんなの簡単さ	¡Es pan comido!	Hey, das ist ein Kinderspiel!	Hé, c'est du gâteau !	Questa è proprio una passeggiata!	Ei, isso foi molezinha!	¡Pan comido!	Hej, bułka z masłem!	嘿，簡單啦！	Hey, çantada keklik!	Hej, det här är en barnlek!		Это очень просто!
pir_plan_sh	Ah! Sonic, what are you doing?	うわわわ！　どうするのソニック？	¡Ah! Sonic, ¿qué hacemos ahora?	Ah! Sonic, was machst du?	Ah ! Sonic, que fais-tu ?	Ah! Sonic, che stai facendo?	Ah! Sonic, o que você tá fazendo?	¡Ah...! ¡¿Qué vas a hacer, Sonic?!	Ah!, Sonic, co ty robisz?	啊！索尼克，你在幹嘛？	Ah! Sonic, ne yapıyorsun?	Ah! Sonic, vad gör du?		А-а-а! Что будешь делать, Соник?
pir_doubt_so	Only one way to find out!	まっ！　やってみるかな	¡Ya se me ocurrirá algo!	Nur ein Weg es herauszufinden!	On va vite le savoir !	Solo un modo per scoprirlo!	Só há um jeito de descobrir!	¡Ah! ¡Intentaré algo!	Tylko jeden sposób by się dowiedzieć!	只能試試看了！	Bulmanın tek bir yolu var!	Bara ett sätt att få veta!		Ну, надо попробовать?
pir_doubt_sh	I don't know if this is a good idea, Sonic.	これはいくらなんでも	No creo que esta sea una buena idea, Sonic.	Ich weiß nicht, ob das so eine gute Idee ist, Sonic.	Je ne pense pas\nque ce soit une bonne idée, Sonic.	Non credo sia una buona idea Sonic.	Eu não sei se isso é uma boa ideia, Sonic.	Creo que eso es demasiado...	Nie wiem, czy to dobry pomysł, Sonic.	索尼克，我不確定這是個好主意。	Bu iyi bir fikir mi emin değilim, Sonic.	Jag vet inte om det här är en bra idé, Sonic.		Как бы там ни было...
pir_success_so	What did I tell ya?\nPiece of cake.	だから言ったろ？\n簡単だって	¿Qué te dije?\n^Pan comido.	Was hab ich dir gesagt?\nKinderspiel.	Qu'est-ce que je disais ?\nTrop facile.	Cosa to ho detto?\nUna passeggiata.	Viu só? Molezinha.	¿Qué te dije? Pan comido.	A nie mówiłem?\nBułka z masłem.	不是早跟你說過了？簡單啦。	Ne dedim sana?\nÇantada keklik.	Vad sa jag till dig?\nBarnlek.		Я же говорил, что это просто!
pir_success_sh	Sonic, that was incredible!	すごいなソニック！	¡Sonic, eso fue increíble!	Sonic, das war unglaublich!	Sonic, c'était incroyable !	Sonic, è stato incredibile!	Sonic, aquilo foi incrível!	¡Fue increíble, Sonic!	Sonic, to było niesamowite!	索尼克，你剛才好厲害！	Sonic, bu inanılmazdı!	Sonic, det var fantastiskt!		Молодец, Соник!
pir_treasure_so	Alright, let's find us some treasure!	さっ　お宝さがしてと行こうか	¡Venga, a la busca del tesoro!	OK, auf zur Schatzsuche!	Allez, partons à la chasse au trésor !	Bene, troviamo qualche tesoro!	Beleza, vamos à caça ao tesouro!	¡Bien, a buscar el tesoro!	W porządku, znajdżmy dla nas trochę skarbu!	好！我們去找寶藏吧！	Pekala, hadi biraz hazine bulalım!	Okej, låt oss hitta lite skatter!		А теперь пойдём искать сокровища!
														
pir_hint_slip_so	Uh-oh. I have almost no traction here.	おっと　ここはあんまり　はじに\nいかないほうがいいな	¡Vaya! Mis zapatillas no se agarran\nbien a este suelo.	Uh-oh. Ganz schön rutschig hier!	Oh-oh. Je n'ai presque plus\naucun effet de frottement ici.	Oh-oh. Non ho trazione qua.	Opa. Eu quase não tenho tração aqui.	¡Ups! Un paso en falso y nos caemos.	O-o. Strasznie tu jest ślisko!	糟了，在這裡行走幾乎沒有阻力。	Uh-oh. Burada neredeyse hiç tutunamıyorum.	Uh-oh. Jag har nästan inget fäste här.		Оп-па, здесь по краю лучше не ходить.
pir_hint_slip_sh	You should be careful walking through here.	ここは　なるべく　はじにいかない\nほうがいいわね！	Deberías tener cuidado atravesando este lugar.	Hier musst du ganz vorsichtig laufen.	Il faut faire attention lorsques tu marches ici.	Dovresti stare attento a camminare qua.	Você precisa tomar cuidado ao andar por aqui.	¡Es mejor si nos mantenemos lejos de las orillas!	Powinieneś uważać przechodząc tędy.	小心地跨越這裡吧。	Buradan geçerken dikkatli olmalısın.	Du borde vara försiktig när du går igenom här.		Здесь желательно не ходить по краю!
pir_hint_barrel_so	I can do a Homing Attack on that barrel!	あの樽　ホーミングアタック\nできそうだな	¡Puedo hacer un Ataque Teledirigido\nhacia ese barril!	Ich kann eine Homing Attack auf dieses Fass anwenden!	Je peux faire une Attaque Téléguidée sur ce tonneau !	Posso fare un Attacco a Ricerca su quel barile!	Eu posso usar um Ataque Direcionado naquele barril!	¡Creo que puedo usar el Ataque teledirigido en ese barril!	Mogę użyć Ataku Naprowadzającego na tej beczce!	我可以對那個桶子使出追蹤攻擊！	Şu varile Güdümlü Saldırı yapabilirim!	Jag kan göra en Målsökande Attack på den tunnan!		Похоже, к этой бочке можно применить\nСамонаводящуюся атаку.
pir_hint_barrel_sh	It looks like you can do a\nHoming Attack on that barrel!	あの樽　ホーミングアタック\nできそうよ！	¡Parece que puedes hacer un\nAtaque Teledirigido hacia ese barril!	An diesem Fass kannst du eine Homing Attack einsetzen!	Tu peux utiliser une\nAttaque Téléguidée sur ce tonneau !	Sembra che puoi fare\nun Attacco a Ricerca su quel barile!	Parece que você pode realizar\num Ataque Direcionado naquele barril!	¡Creo que puedes usar el Ataque teledirigido en ese barril!	Wygląda na to, że możesz użyć\nAtaku Naprowadzającego na tej beczce!	看樣子你可以對那個桶子使出追蹤攻擊！	Görünüşe göre şu varile\nGüdümlü Saldırı yapabilirsin!	Det ser ut som att du kan göra en\nmålsökande attack på den tunnan!		Ты можешь применить Самонаводящуюся\nатаку к этой бочке!
pir_hint_sword_so	I think I can do a Homing Attack\non the sword that's stuck there.	あの突き刺さった剣\nホーミングアタックできそうだな	Creo que puedo hacer un Ataque Teledirigido\nen la espada que está ahí clavada.	Den Säbel am Mast da kann ich Homing Attacken.	Je pense pouvoir utiliser une\nAttaque Téléguidée sur l'épée qui est coincée.	Penso che posso fare un Attacco a ricerca\nsulle spade che sono attaccate là.	Acho que posso fazer um Ataque Direcionado\nna espada cravada ali.	¡Creo que puedo usar el Ataque teledirigido\nen las espadas clavadas!	Myślę, że mogę użyć\nAtaku Naprowadzającego na tym mieczu który tu utknął.	我覺得我可以對卡在那裡的劍使出追蹤攻擊！	Sanırım şu sıkışmış kılıca\nGüdümlü Saldırı yapabilirim!	Jag tror att jag kan göra en Målsökande Attack\npå svärdet som sitter fast där.		Похоже, к этому торчащему мечу можно\nприменить Самонаводящуюся атаку.
pir_hint_sword_sh	I think you can do a Homing Attack\non the sword that's stuck there.	あの突き刺さった剣\nホーミングアタックできそうよ！	Creo que puedes hacer un Ataque Teledirigido\nen la espada que está ahí clavada.	Ich glaube du kannst eine Homing Attack am Schwert dort einsetzen.	Tu dois pouvoir utiliser une\nAttaque Téléguidée sur l'épée qui est coincée.	Penso che puoi fare un Attacco a ricerca\nsulle spade che sono attaccate là.	Acho que você pode fazer um Ataque Direcionado\nna espada cravada ali.	¡Creo que puedes usar el Ataque teledirigido\nen las espadas clavadas!	Myślę, że możesz użyć Atak Naprowadzający\nna tym mieczu który tu utknął.	你應該可以對卡在那裡的劍使出追蹤攻擊！	Sanırım şu sıkışmış kılıca\nGüdümlü Saldırı yapabilirsin!	Jag tror att du kan göra en Målsökande Attack\npå svärdet som sitter fast där.		Ты можешь применить Самонаводящуюся\nатаку к этому торчащему мечу!
pir_hint_horn_so	I think that thing's weak point is its horns.	あのマジン角が弱点みたいだな	Creo que el punto débil de esa\ncosa son sus cuernos.	Ich denke der Schwachpunkt von dem Ding sind seine Hörner.	Le point faible de cette chose doit être ses cornes.	Penso che il suo punto debole siano le sue corna.	Acho que os pontos fracos daquela coisa são os chifres.	Parece que el punto débil del majin son sus cuernos.	Myślę, że słaby punkt tego czegoś to jego rogi.	我覺得那玩意的弱點是它的角。	Sanırım onun zayıf noktası boynuzları.	Jag tror att den där sakens svaga punkt är dess horn.		Похоже, слабое место того\nзлого духа - его рога!
pir_hint_horn_sh	Its weak point seems to be its horns.	あのマジン角が弱点みたいね	Su punto débil parece ser sus cuernos.	Die Schwachstelle scheinen die Hörner zu sein.	Son point faible semble être ses cornes.	Sembra che il suo punto debole siano le corna.	O ponto fraco dele parece ser os chifres.	Parece que el punto débil del majin son sus cuernos.	Wygląda na to, że jego rogi to słaby punkt.	它的弱點好像是它的角。	Onun zayıf noktası boynuzları gözüküyor.	Dess svaga punkt verkar vara dess horn.		Наверно, слабое место того\nзлого духа - его рога!
pir_hint_shock_so	When he starts rattling like that,\nI probably shouldn't use my Homing Attack.	びりびりさせている時はホーミングアタック\nしないほうがよさそうだ	Creo que cuando está chispeante,\nno debería usar mi Ataque Teledirigido.	Ich sollte mit meiner Homing Attack warten,\nbis er aufhört sich zu rütteln.	Quand il commence à faire du bruit,\nje ne devrais pas utiliser mon Attaque Téléguidée.	Quando inzia ad agitarsi in quel modo,\nNon credo che dovrei usare il mio Attacco a Ricerca.	Quando ele começa a sacudir assim,\né melhor eu não usar o meu Ataque Direcionado.	Creo que es mejor no usar el Ataque teledirigido\nmientras se sacude.	Jak zaczyna się tak grzechotać,\nraczej nie powinienem używać Ataku Naprowadzającego.	他開始像那樣抖動時，或許就不該用我的追蹤攻擊。	Böyle takırtılar çıkarmaya başladığında,\nmuhtemelen Güdümlü Saldırımı kullanmamalıyım.	När han börjar skramla så där,\nborde jag nog inte använda min Målsökande Attack.		При воздействии электрического тока,\nлучше не использовать Самонаводящуюся атаку.
pir_hint_shock_sh	Watch out. When you see him shuddering\nlike that, don't use your Homing Attack.	びりびりさせている時は\nホーミングアタックしちゃだめよ	Ten cuidado. Si lo ves temblar de esa forma,\nno uses tu Ataque Teledirigido.	Aufgepasst! Wenn er zittert, darfst du deine Homing Attack nicht nutzen!	Attention. Quand tu le vois frissonner\n,n'utilise pas ton Attaque Téléguidée.	Attento. Quando vedi che si agita in quel modo,\nnon usare il tuo Attacco a Ricerca.	Cuidado. Quando ver ele sacudindo assim, \nnão use o seu Ataque Direcionado.	No uses el Ataque teledirigido mientras se sacuda.	Uważaj. Jeśli widzisz, że się tak trzęsie,\nnie używaj Ataku Naprowadzającego.	小心，你看他開始像那樣抖動時，就不要用你的追蹤攻擊。	Dikkat et. Onu böyle titrerken\ngördüğünde, Güdümlü Saldırını kullanma.	Se upp. När du ser honom darra\nsådär, använd inte din Målsökande Attack.		При воздействии электрического тока лучше\nне использовать Самонаводящуюся атаку!
pir_hint_blade_so	Think we can get through those?	こいつらの間を通れるかな	¿Crees que podremos esquivarlas?	Denkst du, dass wir da durch können?	Tu penses qu'on peut passer à travers ?	Pensi che riusciremo ad attraversare quelli?	Acha que a gente consegue passar?	¿Crees que podamos pasar entre esas?	Myślisz, że przejdziemy przez nie?	不知道可不可以通過這裡呢。	Bunların üstünden gelebileceğimizi düşünüyor musun?	Tror du vi kan komma igenom dem?		Получится ли пройти между ними?
pir_hint_blade_sh	We might be able to slip on through.	間をくぐっていけないかしら	Puede que lo consigamos.	Vielleicht könnten wir hier durchschlüpfen.	Nous pourrions peut-être nous faufiler.	Potremmo essere in grado di scivolarci attraverso.	Talvez a gente consiga passar.	Tal vez podamos pasar entre ellas.	Możemy być w stanie się tam prześlizgnąć.	我們或許溜得過去。	Belki biz de geçebiliriz.	Vi kanske kan slinka igenom.		Интересно, не получится ли\nпройти между ними?
pir_hint_cannonball_so	Gotta steer clear of those cannonballs.	飛んでくる弾に当たるとまずそうだ	Será mejor que esquive esas bolas de cañon.	Ich muss diese Kanonenkugeln vermeiden.	Il faut rester loin de ces boulets de canon.	Meglio stare alla larga da quelle palle di cannone.	Tenho que desviar dessas balas de canhão.	No sería bonito ser golpeado por una bala de cañón.	Trzeba uważać na te kule armatnie.	得避開那些砲彈。	O güllelerden uzak durmak lazım.	Måste hålla mig undan de där kanonkulorna.		Будет плохо, если в меня попадут снаряды!
pir_hint_cannonball_sh	Watch out for the cannonballs!	飛んでくる弾に気をつけて！	¡Cuidado con las bolas de cañon!	Pass auf die Kanonenkugeln auf!	Attention aux boulets de canon !	Sta attento alle palle di cannone!	Cuidado com as balas de canhão!	¡Cuidado con las balas del cañón!	Uważaj na kule armatnie!	小心砲彈！	Güllelere dikkat!	Se upp för kanonkulorna!		Летят снаряды! Будь осторожен!
pir_hint_surf_speed_sh	The wave is cresting! Speed up!	波が来るわ！　スピード上げって！	¡La ola está creciendo! ¡Acelera!	Die Welle steigt! Werde schneller!	La vague monte ! Accélère !	L'onda si sta innalzando! Vai più veloce!	A onda tá crescendo! Acelera!	¡Aquí viene la ola! ¡Acelera!	Fala szczytuję! Przyśpiesz!	浪要來了！快加速！	Dalga yükseliyor! Hızlan!	Vågen når sin topp! Öka farten!		Идёт волна!\nУвеличь скорость!
														
pir_boss_intro_so	Settle down! I need\nthat World Ring of yours!	おとなしくしな！　オマエの持ってる\n世界リングに　用があるんだ！	¡Tranquilízate! ¡Necesito\nese Anillo Secreto que tienes!	Hey du! Ich brauche\nden Weltenring, den du da hast!	Reste-là ! J'ai besoin\nde ton Ring Monde !	Calmati! Ho solo bisogno\nDi quel Anello Mondiale che hai!	Calma aí! Eu preciso desse seu Anel do Mundo!	¡Alto ahí! ¡Necesito ese Anillo mundial que\ntienes en tus feas garras!	Wyluzuj! Potrzebuje ten\nPierścień Świata który masz!	冷靜下來！我需要你的世界之戒！	Sakin ol! Senin Dünya\nYüzüğüne ihtiyacım var!	Lugna dig! Jag behöver\ndin Världsring!		Спокойно!\nМне нужно твоё Мировое кольцо!
pir_boss_intro_sh	Ohh! Now I don't know\nwhich one the pirate is!	んもう！　これじゃどっちが\n海賊だかわからないわ！	¡Vaya! ¡Pareces tú más pirata que él!	Ohh! Jetzt weiß ich nicht, wer von euch der Pirat ist!	Oh ! Difficile de dire\n qui est le vrai pirate !	Ohh! Adesso non so\npiù chi è il pirata!	Ahh! Agora eu não sei qual deles é o pirata!	¡Ash! ¡Ahora esto parece una pelea entre piratas!	Ahh! Teraz nie wiem\nkto tutaj jest piratem!	真是的！哪個才是海盜啊！	Aaa! Şimdi korsanın\nhangisi olduğunu bilmiyorum!	Ohh! Nu vet jag inte\nvilken piraten är!		Ох, я уже не понимаю, кто из них пират!
pir_boss_hit_so	Well, that did the trick!	おっと！　メチャクチャ効いてるな！	¡Parece que ha funcionado!	Tja! Das hat gefunzt!	Ah, ça a marché !	Beh, ha funzionato!	Bom, pelo visto deu certo!	¡Uf, sí funciona!	No, to załatwio sprawę!	嘿！這下有效了吧！	İşte bu işe yaradı!	Ja, det gjorde susen!		Оп-па! А это сработало!
pir_boss_hit_sh	Yes! Keep going!	やった！　どんどんいきましょ！	¡Sí! ¡Tú sigue!	Ja! Mach weiter so!	C'est bien ! Continue !	Sì! continua!	Isso! Continue assim!	¡Sí! ¡Sigamos así!	Tak! Tak trzymaj!	沒錯！繼續下去！	Evet! Devam et!	Ja! Fortsätt så!		Ура! Давай теперь остальные!
pir_boss_hit2_sh	One more horn gone!\nI almost feel bad for the poor guy.	また一本！　…でも　なんだか\n少しかわいそうな気もしてきたわね	¡Adiós a otro cuerno!\nHasta me da algo de pena.	Ein weiteres Horn ist weg!\nHey, der Arme tut mir fast Leid.	Une corne de moins !\nJ'ai presque pitié pour lui.	Un altro corno fuori!\nMi sento un pò in pena.	Lá se vai mais um chifre!\nQuase fiquei com pena do coitado.	¡Otro más! ...aunque empiezo a sentir pena por él.	Kolejny róg z głowy!\nPrawie mi szkoda biedaka.	一隻角又斷了！ 替它感到有些難過呢。	Bir boynuz daha gitti!\nZavallı adama neredeyse acıyacağım.	Ännu ett horn borta!\nJag tycker nästan synd om den stackars killen.		Ещё один! Но что-то мне\nдаже жалко его стало.
pir_boss_hit3_so	Just one horn left!\nTime to finish this thing off!	さあ残り一本！\n一本釣りも　これでオシマイか？	¡Solo queda un cuerno!\n¡Hora de acabar con esto!	Nur noch ein Horn übrig!\nZeit die Sache zu Ende zu bringen!	Plus qu'une corne !\nIl est temps d'en finir !	Ancora un ultimo corno!\nÈ il momento di finirla!	Só falta um chifre!\nHora de acabar logo com isso!	¡Sólo falta uno! Casi se acaba la hora de pescar.	Jeszcze jeden róg!\nCzas wykończyć to coś!	只剩一隻角了！ 該把這傢伙解決掉了！	Geriye sadece bir boynuz kaldı!\nBu işi bitirmenin zamanı geldi!	Bara ett horn kvar!\nDags att avsluta den här saken!		Остался один!\nЕщё один, и с ним будет покончено!
pir_boss_hit3_sh	It's not over yet, Sonic!\nStay sharp!	向こうも必死よ！\n油断しないでねソニック！	¡Esto aún no ha terminado, Sonic! ¡Mantente alerta!	Es ist noch nicht vorbei, Sonic!\nBleib bei der Sache!	Ce n'est pas encore terminé,\nSonic ! Reste sur tes gardes !	Non è ancora finita Sonic!\nSta attento!	Ainda não acabou, Sonic!\nContinue atento!	¡Se está desesperando! ¡No bajes la guardia, Sonic!	To jeszcze nie koniec, Sonic!\nBądż czujny!	索尼克，它還沒完喔！小心！	Henüz bitmedi, Sonic!\nKeskin kal!	Det är inte över än, Sonic!\nHåll dig skärpt!		Он в отчаянии! Будь начеку, Соник!
pir_boss_defeat_so	Hey, cheer up!\nThe horns will grow back...Eventually.	元気出せよ！　ツノくらい\nまた　生えてくるさ！	¡Eh, anima esa cara!\nSeguro que te vuelven a salir los cuernos.	Hey, Kopf hoch!\nDie Hörner wachsen doch nach... Bestimmt.	Ne fais pas la tête ! Tes cornes\nrepousseront... un jour !	Ehi, non è così male!\nAlmeno le corna ti ricresceranno...Prima o poi.	Ei, relaxa! Os chifres vão crescer de novo... uma hora ou outra.	¡Anímate! ¡Tus cuernos volverán a crecer!	Hej, głowa do góry!\nRogi ci odrosną... Kiedyś.	嘿，開心點嘛！角會再長回來的……總有一天啦。	Hey, neşelen!\nBoynuzlar tekrar çıkacak... Sonunda.	Hej, upp med hakan!\Hornen kommer att växa ut igen...Så småningom.		Да ладно тебе!\nРога когда-нибудь снова вырастут!
														
pir_hint_damage_sh	The source of power is its horns!\nThere must be something you can do!	あのツノが　ヤツの力の源みたいね！\nどうにかできないかしら．．．？	¡Los cuernos alimentan su poder!\n¡Debe haber algo que puedas hacer!	Seine Kraftquellen sind die Hörner!\nEs muss etwas geben, was wir tun können!	Son pouvoir vient de ses cornes !\nEssaie d'y faire quelque chose !	La fonte del suo potere sono le corna!\nDovrà esserci qualcosa che puoi fare!	A fonte de poder são os chifres!\nDeve haver algo que você possa fazer!	¡Sus cuernos parecen ser su fuente de poder!\n¿No podemos hacer algo al respecto...?	Żródło energii to jego rogi!\nMusi być coś, co możesz zrobić!	它的角是它的力量來源！肯定有什麼解決方法吧！	Gücünün kaynağı boynuzları!\nMutlaka yapabileceğin bir şey olmalı!	Kraftkällan är dess horn!\nDet måste finnas något du kan göra!		Похоже, что его источник силы - рога!\nМожно с ними что-нибудь сделать?
pir_hint_damage2_sh	Maybe there's a way to grab\nonto those horns and pull them out.	あのツノ　ひょっとしたら\nしがみ付けば引き抜けるんじゃない？	Quizás haya algún modo de agarrarse\na esos cuernos y arrancarlos.	Vielleicht kann ich irgendwie an seine Hörner gelangen, um sie herauszuziehen.	On peut peut-être attraper\nces cornes pour les arracher ?	Forse c'è un modo di aggrapparsi\nsu quelle corna e tirarle fuori.	Talvez haja um jeito de agarrar\nos chifres e arranca-lós.	Esos cuernos... ¿podrás arrancarlos si te aferras a ellos?	Może jest sposób by\nzłapać te rogi i je wyciągnąć.	說不定有辦法抓住那些角，然後把它們拔掉。	Belki o boynuzları tutup çekip\nçıkarmanın bir yolu vardır.	Kanske finns det ett sätt att ta tag\ni de där hornen och dra ut dem.		Если схватиться за рога,\nможет, получится их вырвать?
														
														
skeleton_dome	Skeleton Dome	スケルトン　ドーム	Domo Esquelético	Skeleton Dome	Skeleton Dome	Cupola Scheletrica	Skeleton Dome	Domo Esquelético	Kopuła Szkieletów	骷髏巨蛋	İskelet Kubbesi	Skelettkupol		Скелетный свод
skeleton_dome_description	A royal chamber hidden underground.	地下に隠された王家。	Una cámara real oculta en las profundidades.	Köngliche Gemächer unter Tage	Une chambre royale cachée sous terre.	Una camera reale nascosta nel sottosuolo.	Uma câmara real escondida nas profundezas.	La familia real está oculta bajo tierra.	Królewska komnata ukryta w podziemiach.	隱藏在地下的王室。	Yeraltında saklı bir kraliyet odası.	En kunglig kammare gömd under jorden.		Царский дом, спрятанный под землёй.
														
ske_snow_so	Something's...Coming down from the sky.	なにか　降ってあがる	Hay algo... cayendo del cielo.	Irgendetwas... regnet vom Himmel.	Quelque chose... tombe du ciel.	Qualcosa... Sta cadendo dal cielo.	Tem algo... caindo do céu.	Algo está cayendo del cielo.	Coś... Spada z nieba!	是什麼東西從天上降下來？	Gök yüzünden... Bir şeyler düşüyor.	Någonting... kommer ner från himlen.		Что-то падает...
ske_snow_sh	Snow? No...It's something else.	雪？　いや　違うわ…	¿Será nieve? No... Es algo diferente..	Schnee? Nein... Es ist was anderes.	De la neige ? Non... c'est autre chose.	Neve? No... è qualcos'altro.	Neve? Não... isso é outra coisa.	¿Nieve? No. No es eso...	Śnieg? Nie... To coś innego.	這是雪嗎？不對……這是別的東西。	Kar? Hayır... Başka bir şey.	Snö? Nej... Det är något annat.		Снег? Хотя нет...
ske_bones_so	These bones are giving me the creeps.	邪魔くさい骨だぜ！	Estos huesos me dan mala espina.	Das ist ja wie ein Friedhof hier.	Ces os me donnent la chair de poule.	Queste ossa mi stanno dando i brividi.	Esses ossos tão me dando arrepios.	¡Vaya huesos perturbadores!	Te kości przyprawiają mnie o dreszcze.	這些骨頭好令人毛骨悚然。	Bu kemikler beni ürpertiyor.	De här benen ger mig rysningar.		Как же мешают эти кости!
ske_bones_sh	We can probably use them to climb up.	この突き出ている骨を利用すれば\n上に登れるみたい!	Seguro que podemos usarlos para subir.	Wir können damit vielleicht nach oben klettern.	On peut sûrement les utiliser pour grimper.	Possiamo usare quelle per arrampicarci.	Acho que podemos usá-los para subir.	¡Parece que puedes trepar en ellos para subir!	Pewnie możemy ich użyć by się wspiąć.	我們或許能靠它們上去。	Bunları muhtemelen yukarı tırmanmak için kullanabiliriz.	Vi kan antagligen använda dem för att klättra upp.		По этим выступающим костям\nможно забраться наверх!
ske_femur_so	This doesn't seem very sturdy.	ボロボロじゃないか	No parece muy robusto.	Das scheint nicht sehr stabil zu sein.	Ça n'a pas l'air très solide.	Questo non sembra molto solido.	Isso não parece ser muito resistente.	Se está desmoronando.	To nie wygląda na zbyt stabilne.	這看起來一點也不堅固。	Bu pek sağlam görünmüyor.	Det här verkar inte särskilt robust.		Разбил кости вдребезги!
ske_femur_sh	Try breaking it with a Homing Attack!	ホーミングアタックで壊せそうよ！	¡Prueba a romperlo con un\nAtaque Teledirigido!	Versuch mal, es mit einer Homing Attack kaputtzumachen!	Essaie de le casser\navec une Attaque Téléguidée !	Prova a romperlo con un Attacco a Ricerca!	Tente quebrar isso com um Ataque Direcionado!	¡Creo que puedes romperlo con un Ataque teledirigido!	Spróbuj zniszczyć to\nAtakiem Naprowadzającym!	試試看用追蹤攻擊破壞它。	Bunu bir Homing Attack ile kırmayı dene!	Försök att bryta den med en Målsökande Attack!		Надо разбить кости с помощью\nСамонаводящейся атаки!
ske_top_so	Want to try checking it out?	行ってみるかぃ？	¿Qué tal si echamos un vistazo?	Checken wir das mal ab?	Et si on allait voir ?	Vuoi provare a dargli un'occhiata?	Quer dar uma olhada?	¿Echamos un ojo?	Chcesz to sprawdzić?	要去瞧瞧看嗎？	Denemek ister misin?	Vill du prova att kolla in det?		Сходим?
ske_top_sh	These are huge!\nThere must be something up there!	うわぁ…大きいわねぇ…\n上に何かあるっかなぁ？	¡Son enormes!\nTiene que haber algo ahí arriba.	Die sind ja riesig. Da oben muss irgendwas sein!	Ils sont énormes !\nIl doit y avoir quelque chose là-haut !	Queste sono gigantesche!\nDeve esserci qualcosa lassù!	Eles são enormes!\nDeve haver algo lá em cima!	¡Guau, son enormes! Me pregunto si habrá algo arriba.	Te są ogromne!\nMusi coś tam na górze być!	好大喔！上面一定有什麼東西！	Bunlar çok büyük!\nYukarıda bir şey olmalı!	De här är enorma!\nDet måste finnas något där uppe!		Ого... какие эти кости большие...\nИнтересно, есть ли что-то наверху?
ske_fall1_so	It's not gonna be fun if we fall off this.	落ちたらひと止まりもないな	No me haría ninguna gracia caerme.	Ein Fall von hier gibt mehr als nen blauen Fleck.	Ça ne vas pas être drôle si on tombe d'ici.	Non sarà divertente se cadremmo qua.	Não será nada divertido se cairmos daqui.	Si caemos, no hay de dónde agarrarnos.	Nie będzie fajnie jesli z tego spadniemy.	摔下去就慘了。	Eğer bundan düşersek hiç eğlenceli olmayacak.	Det kommer inte bli kul om vi ramlar av den här.		Если упаду, то не смогу больше бороться!
ske_fall1_sh	Watch out, then.	気をつけてよ	Pues entonces, ten cuidado.	Dann pass auf.	Sois prudent, alors.	Sta attento allora.	Então toma cuidado.	Ten cuidado.	W takim razie uważaj.	那就小心點吧。	Dikkat et o zaman.	Se upp då.		Будь осторожен!
ske_fall2_so	Hey, you can trust me, okay?	俺がそんなどじふむかよって	Eh, confía en mí, ¿vale?	Hey, du kannst mir vertrauen, OK?	Eh, tu peux me faire confiance, tu sais ?	Ehi, ti puoi fidare di me, ok?	Ei, você pode confiar em mim, ok?	¿Me crees tan torpe?	Hej, możesz mi zaufać, okej?	嘿，相信我啦，好嗎？	Hey, bana güvenebilirsin, tamam mı?	Hej, du kan lita på mig, okej?		Не думаешь же ты, что я сделаю\nтакую ошибку?
ske_fall2_sh	Please don't fall.\nBe careful.	落ちたら危ないわよ\n慎重にね	Por favor, no caigas.\nTen cuidado.	Bitte stürze hier nicht ab.\nSei vorsichtig.	S'il te plaît, ne tombe pas.\nAttention.	Attento a non cadere.	Por favor, não caia.\nTenha cuidado.	Ten cuidado, es peligroso si te caes.	Proszę, nie spadnij.\nBądż ostrożny.	摔下去很危險的，小心點。	Lütfen düşme.\nDikkatli ol.	Snälla fall inte. Var försiktig.		Здесь опасно! Можно упасть!\nБудет осторожен!
ske_sword_so	You think you can hit me\nwith a slow attack like that?	あんな遅い攻撃　あたるかよ！	¿Pretendes acertareme con un ataque así de lento?	Glaubst du, dass du mich mit so einem lahmen Angriff treffen kannst?	Tu penses pouvoir me toucher\navec une attaque si lente ?	Pensi di attacarmi\ncon un attacco così lento?	Você acha que vai me acertar\ncom um ataque lento desses?	¡No me golpearás con un ataque tan lento!	Myślisz, że trafisz mnie\ntak wolnym atakiem?	用這麼慢的攻擊，怎麼可能打得到我？	Bana böyle yavaş bir saldırıyla\nvurabileceğini mi sanıyorsun?	Tror du att du kan träffa mig\nmed en sån långsam attack?		Слишком поздно атакуешь!
ske_sword_sh	Watch out for the two-handed sword!	両手の剣に気をつけてね！	¡Cuidado con la espada a dos manos!	Pass auf das Breitschwert auf!	Attention à l'épée à deux mains !	Sta attento allo spadone!	Cuidado com a espada de duas mãos!	¡Cuidado con sus dos espadas!	Uważaj na dwuręczny miecz!	小心雙劍！	İki elle kullanılan kılıca dikkat!	Se upp för det tvåhandiga svärdet!		Будь осторожен!\nУ него мечи в обеих руках!
ske_eyes_so	Thanks for the help, mister!	ご親切にありがたいねぇ～	¡Gracias por la ayuda, caballero!	Danke für die Hilfe, Freundchen!	C'est gentil, monsieur !	Grazie per l'aiuto signore!	Valeu pela ajuda, moço!	¡Qué amable de su parte!	Dzięki za pomoc, proszę pana!	這位先生，謝謝你的幫忙啦！	Yardımınız için teşekkürler efendim!	Tack för hjälpen, herrn!		Благодарю за твою доброту!
ske_eyes_sh	There's something about the eyes\nin this skull...	あの骸骨の目が\nヒントになってるっぽいよ？	Algo pasa con los ojos de\nesta calavera...	Der Totenkopf hat so komische Augen...	Les yeux de ce crâne\nont quelque chose...	C'è qualcosa di strano\nnegli occhi di questo scheletro...	Tem algo estranho com os olhos desse crânio...	Los ojos de esa calavera parecen ser una pista, ¿no?	Jest coś z tymi oczyma\nw tej czaszcze...	這個骷髏頭的眼睛好像哪裡怪怪的…	Bu kafatasının gözlerinde\nbir şey var...	Det är något med ögonen\ni den här skallen...		Подсказка кроется в глазах этих скелетов!
														
ske_treasure1_so	Whew! Alright, jackpot!	ひゅ～　取り放題だぜ	¡Guau! ¡El premio gordo!	Puh! OK, Jackpot!	Fiou ! Ok, jackpot !	Phew! Bene Jackpot!	Ufa! Beleza, jackpot!	¡Uf, a servirnos con la cuchara grande!	Fiu! Nieżle, jackpot!	呼！中獎囉！	Whew! Tamam, ikramiye!	Whew! Okej, jackpott!		Ого! Их тут полно!
ske_treasure2_so	Well, let's help ourselves to some goodies.	ちょっくらいただくとしますか！	Venga, recojamos unos cuantos anillos.	Heh, da könnte man glatt zulangen!	Eh bien, servons-nous.	Beh, godiamoci il dolce.	Bom, vamos pegar as nossas recompensas.	¡Démonos vuelo!	Cóż, pozwólmy sobie na jakieś dobroci.	那我們就不客氣囉。	Hadi gelin, kendimize biraz ikramda bulunalım.	Nåväl, låt oss förse oss med lite godsaker.		Возьму-ка я немного себе! 
ske_treasure1_sh	We've hit the jackpot!	お宝取り放題!	¡Nos ha tocado el premio gordo!	Wir haben das große Los gezogen!	On a eu le jackpot !	Abbiamo fatto jackpot!	Fizemos um jackpot!	¡Tesoros a montones!	Trafiliśmy jackpot!	我們中獎了！	Büyük ikramiyeyi kazandık!	Vi har vunnit jackpotten!		Тут полно сокровищ!
ske_treasure2_sh	Look, look!\nIt's full of treasure!	見て見て！\nお宝いっぱいだよ！	¡Mira, mira! ¡Está lleno de riquezas!	Sieh nur! Alles voller Schätze!	Regarde !\nC'est rempli de trésors !	Guarda, guarda!\nÈ pieno di tesori!	Olha, olha!\nTá cheio de tesouros!	¡Mira, mira! ¡Está lleno de tesoros!	Patrz, patrz!\nJest pełne skarbów!	你看你看！滿滿的寶物啊！	Bak, bak!\nHazine dolu!	Titta, titta!\nDen är full av skatter!		Посмотри! Здесь много сокровищ!
ske_tomb_so	Is this a tomb?	墓かこりゃ？	¿Es esto una tumba?	Ist das eine Grabstätte?	C'est une tombe ?	Questa è una tomba?	Isso é uma tumba?	¿Es una tumba?	Czy to grobowiec?	這裡是墓穴？	Bu bir mezar mı?	Är det här en grav?		Это кладбище, что ли?
ske_tomb_sh	It looks like some kind of arena.	闘技場にも見えるねぇ…	Parece algún tipo de arena.	Es sieht eher nach einer Arena aus.	On dirait une sorte d'arène.	Sembra una specie di arena.	Parece ser algum tipo de arena.	Parece una arena...	Wygląda jak jakaś arena.	怎麼看起來有點像是某種競技場	Bir çeşit arenaya benziyor.	Det ser ut som någon sorts arena.		Да и на арену похоже...
ske_king1_so	All right! Finally found it!	ようやく見つけだぜ	¡Bien! ¡Al fin lo encontré!	OK! Endlich gefunden!	Parfait ! Enfin trouvé !	Bene! Finalmente trovata!	Beleza! Finalmente achei!	¡Por fin lo encontramos!	Tak jest! W końcu znalazłem!	很好！終於找到了！	Tamamdır! Sonunda buldum!	Okej! Äntligen hittade det!		Наконец-то нашёл!
ske_king2_so	I'd almost rather it were\ndeserted at this point.	なにもこんな奥にいなくてもなぁ～	Casi que preferiría que este sitio\nestuviese desierto.	Langsam wäre es mir fast lieber,\nwenn der Laden hier leer wäre ...	Je préférerais presque\nque ce soit désert.	Quasi quasi preferirei\nessere il dessert a questo punto.	Acho que seria melhor se não\ntivesse ninguém aqui.	No era necesario arrinconarse tanto...	Już bym wolał,\ngdyby było opuszczone.	走到這個地步，我差點寧願這裡被廢棄了。	Bu noktada neredeyse terk edilmiş\nolmasını tercih ederdim.	Jag skulle nästan hellre vilja att den\nvore öde vid det här laget.		Здесь ничего и никого нет...
ske_king1_sh	Quickly! We must find the king!	早く王様に会わなくちゃ！	¡Rápido! ¡Debemos encontrar al rey!	Schnell! Wir müssen den König finden!	Vite ! Nous devons trouver le roi !	Veloce! Dobbiamo trovare il re!	Rápido! Precisamos achar o rei!	¡Tenemos que encontrar el rey rápido!	Szybko! Musimy znależć króla!	快點！我們必須找到國王！	Çabuk! Kralı bulmalıyız!	Snabbt! Vi måste hitta kungen!		Надо поскорее встретиться с царём!
ske_king2_sh	King Solomon should be in here.	きっとここにソロモン王がいるのよ!	El rey Salomón debería estar aquí.	König Solomon muss hier drinnen sein.	Le Roi Salomon devrait être ici.	Re Salomone dovrebbe essere qui.	O Rei Salomão deve estar aqui dentro.	¡Sin duda, el rey Salomón está aquí!	Król Solomon powinien tu być.	所羅門王應該就在這裡了。	Kral Solomon'un burada olması gerekirdi.	Kungen Solomon borde vara här inne.		Царь Соломон наверняка тут!
														
ske_rampage_so	All right! Time to rumble!	マジン退治ねぇ～　おもしろい！	¡Venga! ¡Hora de pelear!	Also gut, Let's Fetz!	Bien !\nC'est l'heure de la bagarre !	Bene! È il momento di fare casino!	Beleza! Hora de mandar ver!	Exterminar majin... ¡Suena divertido!	Dobra! Czas na pojedynek!	好！是時候教訓這些傢伙了。	Tamamdır! Gürültü zamanı!	Okej! Dags att rumbla!		Надо побороть злых духов.\nА это интересно!
ske_rampage_sh	Don't get too careless!	あんまり　無理はしないてね！	¡No seas temerario!	Nicht so übermütig!	Reste prudent !	Non essere troppo incosciente!	Não seja afobado!	¡No te exijas demasiado!	Nie badż zbyt beztroski!	別太逞強了！	Çok fazla dikkatsiz olmayın!	Bli inte för slarvig!		Не слишком перетруждайся!
ske_switch_so	I hope we don't get\nthe next one wrong.	間違わないようにしないとな！	Espero que acertemos\ncon el siguiente.	Huh. diesmal nehme ich den richtigen.	J'espère que\nle prochain sera le bon.	Spero di non\nsbagliare la prossima.	Espero que a gente\nnão erre o proximo.	¡Tengamos cuidado de no equivocarnos!	Mam nadzieje,\nże następnego nie zgadniemy żle.	希望下個開關別選錯了。	Umarım bir sonrakinde\nyanılmayız.	Jag hoppas att vi inte\n gör fel nästa gång.		Главное - не ошибиться.
ske_switch_sh	That was it! Now for the next one!	正解みたいね！\n次いってみよー！	¡Bien hecho! ¡A por el siguiente!	Das war's! Weiter mit dem Nächsten!	C'est bon, passons au suivant !	È fatta! Adesso il prossimo!	Isso! Agora vamos ao próximo!	¡Era el correcto! ¡Vayamos al siguiente!	To było to! Teraz do następnego!	看來是正確的！再來找下一個吧！	İşte bu kadar! Şimdi sıradaki!	Det var allt! Nu till nästa!		Правильно сделал! Давай дальше!
ske_switch2_so	Okay, next switch!	ＯＫＡＹ！ＮＥＸＴ　ＳＷＩＴＣＨ！	¡Bien, siguiente interruptor!	OK! Nächster Schalter!	Parfait, au prochain !	Ok, prossima leva!	Ok, próximo interruptor!	¡Okey! ¡Siguiente interruptor!	Okej, kolejny przycisk!	好！下個開關！	Tamam, sıradaki değişim!	Okej, nästa strömbrytare!		Хорошо! Следующий переключатель!
ske_switch2_sh	Next!	次　次～	¡El siguiente!	Und zum nächsten!	Au suivant !	Prossimo!	Próximo!	Al siguiente...	Następny!	下個！	Sıradaki!	Nästa!		Дальше-дальше!
ske_switch_fail_so	Darn it! That was the wrong one!	くそ　ミスちまった	¡Porras! ¡Ese no era el correcto!	Mist! Das war der falsche Schalter!	Mince ! C'était le mauvais !	Cavolo! Era quello sbagliato!	Droga! Escolhi o errado!	Mierda, nos equivocamos.	Szlag! To nie był ten!	可惡！選錯了！	Kahretsin! Yanlış olanıydı!	Attans också! Det där var fel!		Чёрт! Я ошибся!
ske_switch_fail_sh	Seems like that was the wrong one.	まちがったみたいだね	Parece que ese no era.el correcto.	Scheint so, als wäre das der falsche gewesen.	On dirait que ce n'était pas le bon.	A quanto pare era quello sbagliato.	Pelo visto, aquele era o errado.	Creo que nos equivocamos.	Wygląda na to, że to nie był ten przycisk.	看樣子選錯了。	Sanırım yanlış olanı buydu.	Verkar som att det var fel.		Похоже, ты ошибся...
ske_revive_so	Are the dead coming back to life?	死者の復活ってすか	¿Los muertos están reviviendo?	Die steh'n ja wieder auf! Sterben will gelernt sein, huh?	Les morts reviennent à la vie ?	I morti stanno tornando in vita?	Os mortos estão voltando à vida?	¿Los muertos resucitan?	Czy martwi wracają do życia?	這些死者在復活嗎？	Ölüler yeniden mi diriliyor?	Kommer dem döda tillbaka till livet?		Воскрешение мёртвых?
ske_revive_sh	Oh, this is awful.	悪趣味ねぇ	Oh, que mal.	Oh, das ist grauenvoll.	Oh, c'est terrible.	Oh questo è orribile.	Ah, isso é terrível.	Qué desagradable.	Oh, to okropne.	真是低劣。	Oh, bu çok kötü.	Oh, det här är förfärligt.		Это ужасно...
ske_lots_so	Guess we have to get rid of them all!	全部けちらせんばいいんだろう	¡Supongo que toca desacerse\nde todos ellos!	Schätze mal, dass wir sie alle loswerden müssen!	On doit se débarasser d'eux !	Sembra che dobbiamo sbarazzarci di tutti loro!	Acho que vamos ter que acabar com todos eles!	Creo que tenemos que deshacernos de todos.	W takim razie trzeba się ich wszystkich pozbyć!	看樣子只能把它們都打倒了！	Sanırım hepsinden kurtulmamız gerekecek!	Antar att vi måste bli av med dem allihop!		Можно же их всех распинать?
ske_lots_sh	There's a ton of them!	いっぱい出てきたね…	¡Son muchos!	Eine ganze Schar!	Il en y a un tonne !	Ce ne sono un sacco!	Há um montão deles!	Pero son muchísimos...	Jest ich masa!	出現了好多人！	Bir sürü var!	Det finns massor av dem!		Как же их много!
ske_more_so	Whew! There's just more and more.	ひゅ～　次から次へとよくもまあ	¡Guau! Hay más y más.	Puh! Es werden immer mehr.	Fiou ! Ça n'en finit pas.	Whew! Ce ne sono ancora e ancora.	Ufa! Só aparecem mais e mais.	¡Ugh! ¿Uno tras otro? ¡Qué descaro!	Fiu! Jest ich coraz więcej i więcej.	呼！一個接著一個欸！	Whew! Daha da fazlası var.	Whew! Det blir bara mer och mer.		Один за другим, да как они смеют...
ske_more_sh	They don't seem to be\nsuch big fans of us though.	私のファンてわけじゃなさそうね	No parecen tenernos en\nmucha estima.	Sie scheinen etwas wichtiges zu bewachen.	Ils n'ont pas l'air\nde nous apprécier.	Non sembrano essere\ngrandi fan di noi però.	Parece que eles não gostam muito da gente.	No creo que sean nuestros admiradores...	Nie wyglądają mi na\nnaszych największych fanów.	他們看起來不太喜歡我們。	Ama bizim o kadar da büyük\nhayranlarımız gibi görünmüyorlar.	De verkar dock inte vara\nså stora fans av oss.		Они не похожи на моих фанатов.
ske_dome_so	So this is why they\ncall it the Skeleton Dome.	なるほど\nだからスケレトンドームか…	Así que por eso lo llaman\nel Domo Esquelético.	Der Skeleton Dome macht seinem Namen alle Ehre.	C'est pour ça qu'ils l'appelent le Dôme Squelette.	Ecco perchè la chiamano\nla Cupola Scheletrica.	Então é por isso que chamam\nde Skeleton Dome.	Ah, por eso se llama el Domo Esquelético...	To dlatego nazywają\nto Kopułą Szkieletów.	原來如此阿，這就是骷髏巨蛋命名的源由嗎？	İşte bu yüzden ona\nİskelet Kubbesi diyorlar.	Så det är därför de\nkallar det Skelettkupolen.		Теперь понятно, почему это место\nназывают Скелетным сводом!
ske_dome_sh	Wow, this place is huge!	大きいねぇ…	¡Hala, este sitio es gigantesco!	Wow, ist das riesig!	Wow, cet endroit est énorme !	Wow! Questo posto è gigantesco.	Uau, esse lugar é enorme!	Esto es enorme, ¿no?	Łał, to miejsce jest ogromne!	哇，這裡好大喔！	Wow, burası çok büyük!	Wow, det här stället är enormt!		Ого! Какое большое пространство...
														
ske_body_so	So, we've got to find his body, huh?	体を探せって言われてもな	Así que tenemos que encontrar\nsu cuerpo, ¿eh?	Wir müssen also den Rest seines Körpers finden, richtig?	Alors, on doit trouver son corps ?	Qundi, dobbiamo trovare il suo corpo eh?	Então, precisamos achar o corpo dele, né?	Nos dijo que encontremos sus restos.	Więc, mamy znależć jego ciało, co?	所以我們得去找他的身體嗎？	Yani cesedini bulmamız lazım, öyle mi?	Så, vi måste hitta hans kropp, huh?		Найти тело не так уж и легко...
ske_body_sh	I wonder where it is.	どこにあるにだろうねぇ…	Me pregunto dónde estará.	Ich frage mich, wo er sein könnte.	Je me demande où il est.	Mi domando dove sia.	Onde será que ele está?	Me pregunto dónde estarán...	Ciekawe gdzie ono jest.	到底會藏在哪裡呢？	Acaba nerededir?	Jag undrar var den är.		Где оно может быть?
ske_search_so	Well, the pieces have got to be somewhere.	そのうち見つかれさ	Bueno, en algún sitio tienen\nque estar sus huesos.	Naja, die Teile sollten hier irgendwo sein.	Eh bien, les morceaux doivent être quelque part.	Beh, i pezzi devono pur essere da qualche parte.	Bom, os pedaços precisam estar em algum lugar.	Ya los encontraremos.	Cóż, jego części muszą gdzieś tu być.	碎片肯定就在某處。	Eh, parçaların bir yerlerde olması lazım.	Nå, bitarna måste ju finnas någonstans.		Ну, думаю, что скоро найдётся...
ske_search_sh	Where should we search first?	どこ探せばいいんだろう	¿Dónde deberíamos buscar primero?	Wo sollten wir zuerst anfangen zu suchen?	Par où commencer ?	Dove dovremmo iniziare?	Onde vamos procurar primeiro?	¿En dónde buscamos?	Gdzie powinniśmy najpierw szukać?	那我們要先去哪裡找呢？	İlk önce nerede arama yapmalıyız?	Vart borde vi leta först?		Где лучше поискать?
ske_hand_sh	Sonic, follow that thing!	ソニック　あれ追いかけて！	¡Sonic, sigue a esa cosa!	Sonic, folge diesem Ding!	Sonic, suis cette chose !	Sonic insegui quella cosa!	Sonic, siga aquela coisa!	¡Sonic, persigue esa cosa!	Sonic, podążaj za tym czymś!	索尼克，快追上那個東西！	Sonic, o şeyi takip et!	Sonic, följ den där ringen!		Соник! Догони его!
														
														
night_palace	Night Palace	ナイト　パレス	Palacio Nocturno	Night Palace	Night Palace	Palazzo Notturno	Night Palace	Palacio Nocturno	Nocny Pałac	暗夜宮殿	Gece Sarayı	Natt Palatset		Ночной дворец
night_palace_description	Drifting across a dark, starry sky.	暗夜にうかぶ宮殿。	Déjate llevar por un cielo oscuro y estrellado.	Am dunklen Sternenhimmel.	Un palais voguant dans un ciel sombre et étoilé.	Alla deriva in un cielo oscuro, pieno di stelle.	Vagando por um céu escuro e estrelado.	Un palacio a la deriva de la oscuridad de la noche.	Dryfujący po ciemnym, rozgwieżdżonym niebie.	漂浮在黑夜中的宮殿。	Karanlık, yıldızlı bir gökyüzünde sürüklenmek.	Svävande över en mörk, stjärnbeströdd himmel.		Дворец, виднеющийся в тёмной ночи.
nig_opening_sh	So, this is where Erazor is...	ここにイレイザーが…	Así que aquí es donde reside Erazor...	Das ist also, wo Erazor...	C'est donc ici qu'Erazor se cache...	Quindi, è qua dove vive Erazor...	Então é aqui que o Erazor está...	Aquí se encuentra Erazor...	Więc to tutaj się ukrywa Erazor...	這就是伊萊薩的所在之處…	Demek Erazor'un yer burası...	Så, det är här Erazor är...		Эрейзор здесь...
nig_opening_so	Don't worry. We'll get him in no time!	あぁ…　すぐとっ捕まえてやるぜ！	¡Da por seguro que lo alcanzaremos en nada!	Keine Sorge. Dem mach ich Beine!	Ne t'inquiète pas.\nOn va le trouver rapidement !	Non preoccuparti. Lo prenderemo in tempo!	Relaxa, já já a gente alcança ele!	¡Ah, lo atraparemos rapidito!	Nie martw się. Znajdziemy go w mgnieniu oka!	別擔心。我們很快就會逮到他了！	Endişelenme. Onu hemen yakalayacağız!	Oroa dig inte. Vi får tag på honom på nolltid!		Ага... я его мигом схвачу!
nig_footing_so	This is about to come crumbling down!	崩れる寸前かよ！	¡El suelo se está desprendiendo!	Das wird gleich zusammenbrechen!	Ça s'effondre !	Il suolo sta iniziando a cadere!	Isso está prestes a desmoronar!	¡Esto está por desmoronarse!	To się zaraz zawali!	這裡要崩塌了！	Bu yıkılmak üzere!	Det här håller på att falla samman!		Вот-вот развалится!
nig_footing_sh	Hurry!	急いで！	¡Date prisa!	Beeile dich!	Vite !	Sbrigati!	Rápido!	¡Deprisa!	Szybko!	快啊！	Acele et!	Skynda!		Поторопись!
nig_footing2_sh	Hurry! Before it breaks!	急がないと崩れちゃうよ！	¡Rápido!; ¡antes de que se caiga!	Beeile dich! Bevor es zusammenbricht!	Vite ! Avant que ça ne casse !	Muoviti! Prima che si rompi!	Rápido! Antes que desabe!	¡Rápido, antes de que se quiebre!	Szybko! Zanim się zawali!	快啊！在它崩壞前！	Acele et! Yıkılmadan önce!	Skynda! Innan den går sönder!		Если не поторопишься, всё обвалится!
nig_footing2_so	I know, I know!	わーってるって！	¡Lo sé, lo sé!	Ich weiß, ich weiß!	Je sais, je sais !	Lo so, lo so!	Eu sei, eu sei!	¡Ya lo sé!	No wiem, wiem!	我知道啦！	Biliyorum, biliyorum!	Jag vet, jag vet!		Да знаю я!
nig_trap_sh	It's a trap! What do we do?	罠よ！　どうしよう…	¡Es una trampa! ¿Ahora qué hacemos?	Es ist eine Falle! Was nun?	C'est un piège ! Qu'allons-nous faire ?	È una trappola! Cosa facciamo?	É uma armadilha! O que faremos?	¡Es una trampa! ¿Qué hacemos?	To pułapka! Co robimy?	是陷阱！我們該怎麼辦？	Bu bir tuzak! Ne yapacağız?	Det är en fälla! Vad ska vi göra?		Это ловушка! Что же делать...
nig_trap_so	We just have to face it!	かまうもんか！	No pasa nada. ¡Lo tengo controlado!	Na reintappen! Was sonst?	Il faut juste y faire face !	Dobbiamo solo affrontarlo!	Vamos ter que encarar!	¡Salir de ella!	Trzeba jakoś Sobie z tym poradzić!	不面對它不行了！	Onunla yüzleşmeliyiz!	Vi måste bara möta det!		Нечего беспокоиться!
nig_enemy_so	Well, guess it's time to rumble!	敵さんもいよいよってわけだ！	Entonces, ¡hora de pelear!	Heh! Setzt gibt's Backenfutter, Jungs!	C'est l'heure d'une petite bagarre !	Beh, è il momento di scatenarsi!	Bom, acho que é hora de mandar ver!	¡El enemigo está listo para atacar!	Cóż, chyba pora rozkręcić imprezę!	看樣子該來混鬥囉！	Hadi, artık harekete geçme zamanı!	Nåja, då är det väl dags att rumbla!		Скоро доберусь до врага!
nig_enemy_sh	Now of all times is when\nwe should stay on guard.	向こうも必死みたいわ！	Ahora más que nunca hemos\nde mantenernos en guardia.	Gerade jetzt sollten wir auf der Hut bleiben.	C'est bien maintenant\nque tu dois être sur tes gardes.	Tra tutti i momenti è questo\nil quale dove dobbiamo stare in guardia.	Agora mais do que nunca, devemos ficar atentos.	¡Parecen desesperados!	Teraz, bardziej niż kiedykolwiek,\npowinniśmy być czujni.	現在是我們最應該保持警覺的時候。	Şu an, her şeyden önce tetikte\nolmamız gereken zamandır.	Det är nu av alla tider som\nvi borde vara på vår vakt.		Он уже на пределе!
nig_carpet_sh	I guess next up,\nwe go for a walk on the air.	次は空の散歩？	Y ahora, ¿un paseo por el cielo?	Als nächstes spazieren wir mal ein wenig im Himmel.		E ora,\n facciamo una passeggiata in aria.	E agora,\niremos dar um passeio pelo céu.	Y ahora, un paseo por el cielo.	Wygląda mi to na spacer po powietrzu.	我看接下來要去空中散步了。	Sanırım sırada havada,\nyürüyüşe çıkmak var.	Jag antar att härnäst,\ntar vi en prommenad i luften.		А теперь прогулка по небу!
nig_carpet_so	This just keeps getting\nbetter and better.	なかなか　いきな事をするじゃないか！	Lo hago con mucho estilo, ¿eh?	Das wird ja immer besser!		La situazione non fa\n che migliorare.	Isso tá ficando cada vez melhor.	¡A eso se le llama estilo!	Robi się to coraz lepsze!	越來越不得了了。	Bu durum gittikçe\ndaha da iyiye gidiyor.	Det här blir bara bättre\noch bättre.		А становится всё лучше и лучше!
nig_carpet2_so	Hey, check out the view!	絶景だねぇ！	¡Eh, mira qué vistas!	Hey, nette Aussicht!		Hey, guarda che panorama!	Ei, saca só essa vista!	¡Pero qué vista!	Hej, obczaj ten widok!	這真是絕景阿！	Hey, manzaraya bak!	Hej, kolla in utsikten!		Какой красивый вид!
nig_carpet2_sh	Sonic, we don't have time\nfor sightseeing!	ゆっくりしてる暇はないわよ！	¡No es momento para relajarse, Sonic!	Sonic, wir haben keine Zeit Sterne zu beobachten!		Sonic, non abbiamo tempo\n per fare i turisti!	Sonic, não temos tempo para \nadmirar a paisagem!	¡No podemos relajarnos ahora!	Sonic, nie mamy czasu na\npodziwianie widoczków!	索尼克，我們沒時間看風景了啦！	Sonic, gezip görmeye\nvaktimiz yok!	Sonic, vi har inte tid\nför en rundtur!		Нет времени смотреть по сторонам!
nig_entrance_so	He must be through here.	この先にいるんだな？	Debe de estar por aquí.	Er muss hier lang gekommen sein.		Dev'essere verso di qua.	Ele deve estar por aqui.	¿Está más adelante?	Musi być tutaj.	他一定在這前面。	Buradan çıkmış olmalı.	Han måste vara här förbi.		Он должен быть здесь, да?
nig_entrance_sh	Indeed...	きっと…	Efectivamente...	Genau...		 Certo...	Sim...	Sin duda...	Racja...	肯定是……	Kesinlikle...	Verkligen...		Наверное...
nig_stretch_event_so	Woah, what the...?	な　なんだ？	¿C-cómo?	Whoa, was zur...?		Woah, ma che..?	Uou, mas o quê...?	¡¿Q-Qué...?!	Łał, co do...?	哇喔，怎麼了……？	Woah, buda ne...?	Woah, vad i...?		Ого... что?
nig_stretch_event_sh	The room...stretched!	部屋がのびたー！	¡La habitación se ha alargado!	Der Raum... hat sich gestreckt!		La stanza...si è allungata!	A sala... se esticou!	¡La habitación se agrandó!	Pokój... rozciągnął się!	房間……伸長了！	Oda...gerildi!	Rummet...strechade!		Комната... стала длиннее!
nig_warp_sh	Something's come out.	なんか出てきたわよ…	Ha salido algo de ahí...	Etwas kam da raus.		Qualcosa è uscito.	Algo apareceu.	Algo salió...	Coś wyszło.	有東西跑出來了！	Bir şey çıktı.	Någonting kommer ut.		Там что-то появилось...
nig_warp_so	Which means maybe we can go in!	ここに飛び込めってことか…	¿Me estás pidiendo que entre, entonces?	Dann gehen wir rein!		Il che vuol dire che forse possiamo entrare!	Ou seja, talvez a gente possa entrar!	¿Piensas que podríamos entrar entonces...?	To pewnie znaczy,\nże możemy teraz wejść!	那代表我們或許可以進去！	Yani belki içeri girebiliriz!	Vilket betyder att vi kan gå in!		Видимо, надо запрыгнуть сюда!
nig_spirit_world_sh	Where could this be?	ここは？	¿Qué es este lugar?	Wo sind wir nur gelandet?		Dove è questo posto?	Onde será que estamos?	¿Dónde estamos?	Gdzie to może być?	這裡是什麼地方？	Bu nerede olabilir?	Vart kan det här vara?		Что это за место?
nig_spirit_world_so	Are we really inside the palace?	本当に城の中なのか？	¿De verdad seguimos dentro del palacio?	Sind wir wirklich noch im Palast?		Siamo veramente dentro al palazzo?	Estamos mesmo dentro do palácio?	¿En serio esto está dentro del palacio?	Serio jesteśmy w środku pałacu?	我們真的是在宮殿裡嗎？	Gerçekten sarayın içinde miyiz?	Är vi verkligen inuti palatset?		Мы точно внутри дворца?
nig_gate_sh	The gate! It's fixed!	門が直ってく！	¡La puerta se está reparando!	Dieses Tor! Es hat sich repariert!		Il cancello! È riparato!	O portão! Está consertado!	¡La puerta está reparada!	Brama! Jest naprawiona!	大門被修好了！	Kapı! Tamir edildi!	Grinden! Den är fixad!		Ворота восстановились!
nig_gate_so	Just what is this place?	なんでもありだな…	Supongo que todo puede pasar...	Was zum Geier geht hier eigentlich ab?		Che razza di posto è questo?	Que lugar é esse, afinal?	Todo es posible...	Czym jest to miejsce do licha?	這裡什麼都可能發生啊……	Peki burası tam olarak neresi?	Vad är det här för plats egentligen?		В этом мире возможно всё...
nig_end_so	So, we're finally here.	ようやくここまで来たぜ！	¡Por fin llegamos hasta aquí!	Okay, endlich durchgeschafft.		Quindi, siamo finalmente arrivati.	Então, finalmente chegamos.	¡Por fin llegamos!	Więc, w końcu dotarliśmy.	我們終於到這裡了！	İşte sonunda buradayız.	Så, vi är äntligen här.		Наконец-то добрались!
nig_end_sh	Stay confident. Let's go.	気を引き締めていきましょ！	¡Centrémonos!	Die Stunde der Wahrheit ist gekommen...		Abbi coraggio. Andiamo.	Continue confiante. Vamos.	¡Sigamos concentrados y hagámoslo!	Bądż pewny Siebie. Idżmy.	讓我們保持專注，繼續前進吧。	Kendine güven. Hadi gidelim.	Behåll självförtroendet. Låt oss gå.		Сосредоточься хорошенько!
nig_rampage_start_so	Okay, let's finish this!	さっさとやっちまおうか！	¡Acabemos con esto rápidamente!	Okay, bringen wir es zu Ende!		Okay, finiamola!	Beleza, vamos acabar com isso!	¿Terminamos con esto?	Spoko, skończmy to!	好，讓我們把這件事搞定吧！	Tamam, bitirelim şunu!	Okej, låt oss avsluta det här!		Давай поскорее покончим с этим!
nig_rampage_start_sh	Yes!	うん！	¡Sí!	Ja!		Si!	Sim!	¡Sí!	Tak!	嗯！	Evet!	Ja!		Да!
nig_lost_so	Where are we?	どこだここは？	¿Dónde estamos?	Wo sind wir?		Dove siamo?	Onde estamos?	¿Y ahora dónde estamos?	Gdzie my jesteśmy?	這裡是哪裡？	Neredeyiz?	Vart är vi?		Где же мы?..
nig_lost_sh	I'm feeling something strange.	不思議な感じがするわね	Qué sensación más extraña, ¿verdad?	Ich fühle etwas seltsames.		Mi sto sentendo abbastanza strano...	Estou sentindo algo estranho.	¿No sientes algo extraño?	Czuję coś dziwnego.	感覺很不可思議呢。	Garip bir şey hissediyorum.	Jag känner nått konstigt.		Тут как-то необычно.
nig_deja_vu_so	What's this feeling of déjà vu?	なんか　変な感じだな…	Algo se siente raro...	Ich krieg hier irgendwie ein Déjà-vu.		Cos'è questa sensazione di déjà vu?	Acho que já vi isso antes...	Algo se siente raro...	Czemu czuję déjà vu?	怎麼有種似曾相識的感覺？	Bu deja vu hissi nedir?	Vad är det här för känsla av déjà vu?		У меня странное чувство...
nig_deja_vu_sh	Sonic! This is the wall\nfrom the room we were just in!	ソニック！\nここさっきの部屋の壁だよ！	¡Sonic! ¡Es la pared de la habitación de antes!	Sonic! Das ist die Mauer von dem Raum\nin dem wir gerade waren!		Sonic! Questo è il muro\ndella stanza in cui eravamo poco fà!	Sonic! Essa é a parede \nda sala em que estávamos!	¡Sonic, esa es la pared de la habitación en la que estábamos!	Sonic! To jest ściana pokoju\nw którym przed chwilą byliśmy!	索尼克！這面牆是剛才那個房間裡的！	Sonic! Bu az önce içinde\nbulunduğumuz odanın duvarı!	Sonic! Det här är väggen\nfrån rummet vi just var i!		Соник!\nЭто стена комнаты, в которой мы были!
nig_spinning_room_sh	Is the room spinning?	部屋が回転した？	¿La habitación acaba de rotar?	Dreht sich der Raum etwa?		La stanza sta girando?	A sala está girando?	¿Gira la habitación?	Czyżby pokój się obracał?	房間在旋轉嗎？	Oda mı dönüyor?	Snurrar rummet?		Комната перевернулась?
nig_spinning_room_so	Looks like it!	みたいだな！	¡Eso parece!	Sieht ganz so aus!		Sembra proprio così!	Parece que sim!	¡Así parece!	Na to wygląda!	看樣子是呢！	Öyle görünüyor!	Ser ut som det.		Похоже на то!
														
nig_boss_intro_so	I've been waiting to finish things\nwith you for a long time!	いい加減　決着をつけようと思ってたところだぜ。	¡Llevo mucho tiempo queriendo ponerle fin a tus fechorías!	Ich hab mich schon drauf gefreut mit dir abzurechnen!	Ça fait longtemps que\nje veux en finir avec toi !	Ho aspettato tanto per finire le cose con te!	Já faz um bom tempo que eu tô querendo acabar com você!	¡Ya es momento de ponerle fin a todo esto!	Od dawna chciałem\nzakończyć z tobą sprawy!	我想跟你做個了結已經想很久了！	Uzun zamandır seninle işleri bitirmeyi bekliyordum!	Jag har väntat länge på att\nfå avsluta saker med dig!		О, а я как раз думал о том, что нам\nс тобой уже пора разобраться!
nig_boss_intro_er	You filthy rat!\nI'll shut that mouth of yours permanently!	来るがいい！ドブネズミ！\n貴様の減らず口は聞き焼きさ！	¡Rata asquerosa! Me aseguraré de cerrarte el pico para siempre.	Du dreckige Ratte! Ich stopf dir schon\nnoch dein vorlautes Mundwerk!	Sale vermine ! Je vais te faire taire\nà tout jamais.	Ratto schifoso! Ti chiuderò quella bocca per sempre.	Seu rato imundo! Vou calar essa sua boca para sempre.	¡Vamos, sucia rata!\n¡Hora de cerrarte el hocico para siempre!	Ty paskudny szczurze!\nNa stałe zamknę ci tą gębę.	你這隻骯髒的老鼠！讓我把你那張嘴永遠閉上。	Pis fare! O ağzını sonsuza dek kapatacağım.	Din smutsiga råtta!\nJag ska stänga din mun för alltid!		Эй, ты, крыса, я уже устал слушать\nтвою болтовню!
nig_boss_grunt_er	Hmmph!	フンッ！	¡Aaargh!	Hmmpf!	Hmmph !	Hmmph!	Hum!	¡Jum!	Hmmf!	哼嗯！	Hmmph!	Hmmph		Ха!
nig_boss_warn_er	Take this!	くらうがよい…！	¡Trágate esta!	Nimm das!	Prends ça !	Prendi questo!	Tome isso!	¡Trágate esto!	A masz!	接招！	Al bunu!	Ta det här!		Вот тебе!
nig_boss_warn_sh	Watch the way that Erazor\nswings his sword!	イレイザーの剣の動きをよく見るのよ！	¡Fíjate bien en cómo\nblande su espada!	Beobachte, wie Erazor sein Schwert schwingt!	Observe la façon dont\nErazor manie son épée !	Guarda la direzione in cui l'Erazor colpirà con la sua spada!	Observe como o Erazor balança a sua espada!	¡Presta atención a cómo mueve Erazor su espada!	Patrz w jaki sposób Erazor\nmacha mieczem!	注意伊萊薩的揮刀方式！	Erazor'un kılıcını nasıl salladığına dikkat et!	Se hur Erazor\n svingar sitt svärd!		Следи за движением меча Эрейзора!
nig_boss_duel_er	Come, Sonic! And face me!	来い！　ソニック！　勝負だ！	¡Acércate, Sonic! ¡Enfréntate a mí!	Los doch, Sonic! Komm nur her!	Viens, Sonic ! Et affronte moi !	Vieni, Sonic! E affrontami!	Venha, Sonic! E me enfrente!	¡Vamos, Sonic! ¡Peleemos!	Chodż, Sonic! Zmierz się ze mną!	來吧，索尼克！跟我一決勝負吧！	Gel, Sonic! Ve benimle yüzleş!	Kom, Sonic! Och möt mig!		Иди сюда, Соник! Сразимся!
nig_boss_duel2_er	Come, you filthy rat! And face me!	来い！　ドブネズミ！　勝負だ！	¡Ven aquí, rata inmunda! ¡Da la cara!	Komm, du dreckige Ratte! Und stell dich mir!	Viens donc, vermine !\nAffronte moi !	Vieni, ratto schifoso! E affrontami!	Venha, seu rato imundo! E me enfrente!	¡Vamos, sucia rata! ¡Peleemos!	Chodż, ty paskudny szczurze!	來啊，你這隻臭老鼠！跟我一決勝負！	Gel, seni pis fare! Ve benimle yüzleş!	Kom, din smutsiga råtta! Och möt mig!		Иди сюда, крыса! Сразимся же!
nig_boss_duel_sh	Sonic, look out! You can't just rush him head on!	気をつけて、ソニック！ 真っ直ぐ突っ込んでも、やられるだけよ！	¡Cuidado, Sonic!\n¡Atacarlo sin pensar no funcionará!	Vorsicht, Sonic!\nMit roher Gewalt kommst du hier nicht weiter!	Sonic, attention !\nTu ne peux pas l'affronter 	Sonic, attento! Non puoi semplicemente attaccarlo frontalmente!	Cuidado, Sonic! Não vá pra cima dele assim!	¡Cuidado, Sonic! ¡Si te lanzas directamente,\nsólo conseguirás que te mate!	Sonic, pilnuj się!\nNie możesz tak po prostu się na niego rzucać!	小心啊，索尼克！\n你不能唐突衝向他！	Sonic, dikkat et! Ona öylece saldıramazsın!	Sonic, se upp! Du kan inte bara rusa rakt fram på honom!	Be careful, Sonic! You can't just get away with that!	Будь осторожен, Соник! Если ты его\nатакуешь в лоб, он тебя атакует в ответ!
nig_boss_duel_so	You want it, you got it!	のぞむところだ！	¡Ha salido de perlas!	Große Klappe, nichts dahinter!	Tu l'auras voulu !	Se lo vuoi, lo avrai!	Quem procura, acha!	¡Justo como lo quería!	Mówisz, masz!	想要的話，給你就是啦！	İstedin, aldın!	Du vill ha det, du har det!		С удовольствием!
nig_boss_duel_final_so	Time to finish you off once and for all!	ＹＥＳ！ そろそろの届目を刺させてもらうぜ！	¡Hora de acabar contigo de una vez por todas!	Jetzt mach ich dich fertig, du Freak!	Il est temps d'en finir\nune fois pour toute !	È il momento di finirla una volta per tutte!	Hora de acabar com isso de uma vez por todas!	¡Sí! ¡Hora de dar el golpe final!	Czas Cię wykończyć raz na zawsze!	該是時候一勞永逸地解決你了！	Seni bir kez ve sonsuza dek bitirmenin zamanı geldi!	Dags att göra slut på dig en gång för alla!		Да! Нам пора с тобой\nнаконец-то разобраться!
nig_boss_duel_hint1_sh	(Better time your attack\nwhen he comes around.)	(向かってきたら　タイミングよく\nカウンターを狙ってみましょうよ)	(Espera al momento oportuno para atacar)	(Du musst dich wehren wenn er auf dich zustürmt.)	(Tu peux sûrement faire ton mouvement\nsi tu attends le bon moment.)	(Meglio attaccare al tempismo giusto la prossima volta.)	(Melhor sincronizar o seu ataque quando ele aparecer)	(Si te ataca, intenta contraatacar en el momento justo.)	(Lepiej wyczuj moment ataku,\ngdy się trochę zbliży).	（在他過來的時候，抓準攻擊的時機）	(Saldırını o geldiğinde yapman daha iyi olur.)	(Du måste tajma din attack\nnär han kommer runt.)		(Выберите момент для контратаки,\nкогда он приближается!)
nig_boss_duel_hint2_sh	(Slow down!)	(スピードを落として！)	(¡Ve más lento!)	(Brems ab!)	(Ralentis !)	(Rallenta!)	(Devagar!)	(¡Más despacio!)	(Zwolnij!)	（慢下來！）	(Yavaşla!)	(Sakta ner!)		(Снизьте скорость!)
nig_boss_duel_hint3_sh	(Time it carefully...\nHe's only open for a second!)	(よくタイミングをみて…一瞬よ)	(Calcula bien el momento...\n¡Solo tienes un instante para acertar!)	(Er ist so schnell, es ist fast unmöglich ihn zu treffen.)		(Vai al tempismo giusto...\nÈ scoperto solo per un secondo!)	(Aguarde o momento certo... \nEle fica vulnerável por um segundo!)	(Calcula su movimiento... Sólo tienes un momento.)	(Wyczuj to ostrożnie...\nJest bezbronny tylko na sekundę!)	（謹慎地抓準時機……\n他的空檔只有那一瞬間！）	(Zamanlamayı iyi ayarlayın...\nSadece bir saniyeliğine açık kalacak!)	(Tajma det noggrant...\nHan är bara öppen i en sekund!)		(Выберите подходящий момент и...\nатакуйте!)
nig_boss_duel_hint4_sh	(It's one-on-one! Be ready to jump!)	(一騎打ちね！ジャンプの用意よ)	(Un uno contra uno; ¡prepárate para saltar!)	(Es ist eins gegen eins! Mach dich bereit!)	(Un contre un ! Prépare-toi à sauter !)	(È un uno contro uno! Si pronto a saltare!)	(É agora! Prepare-se para pular!)	(¡Es uno a uno! ¡Prepárate para saltar!)	(Jeden na jednego!\nBądź gotów do skoku!)	（這是場一對一決鬥！準備跳起來！）	(Bire bir! Zıplamaya hazır ol!)	(Det är en-mot-en! Var redo att hoppa!)		(Это дуэль! Приготовьтесь прыгнуть!)
nig_boss_hint_sh	(You can probably make your move with the right timing...)	(タイミングを合わせて\nカウンターを狙えないかしら…)	(Si lo haces en el momento justo, seguro que lo logras...)	(Du brauchst das richtige Timing um ihn zu treffen...)		(Puoi probabilmente fare la tua mossa con il giusto tempismo...)	(Você provavelmente pode atacá-lo no momento certo...)	(Probablemente podrías buscar el momento\njusto para un contraataque.)	(Pewnie możesz wykonać swój ruch,\njeśli dobrze to wyczujesz.)	（掌握好時機或許就能反擊……）	(Doğru zamanlamayla muhtemelen hamlenizi yapabilirsiniz...)	(Du kan förmodligen göra ditt drag med rätt timing...)		(Выберите момент для контратаки,\nкогда он приближается!)
nig_boss_hit1_so	Aha! It's working!\nNow I just have to keep that up!	ハン！　効いてそうだな\nまだまだいくぜ！	¡Ajá! ¡Funciona!\n¡Solo tengo que seguir así!	Aha! Treffer Nummer eins! Wie hat dir das gefallen?!	Aha ! Ça marche ! Il ne faut pas\nque je me relâche !	Aha! Funziona! Devo solo continuare così!	Ahá! Tá funcionando! Agora é só manter o ritmo!	¡Ja! ¡Eso funcionó! ¡Sigamos así!	Aha! To działa!\nTeraz muszę tak trzymać dalej!	啊哈！奏效了！接下來我只要堅持下去就好！	Aha! İşe yarıyor! Şimdi devam etmeliyim!	Aha! Det fungerar!\nNu måste jag bara fortsätta så!		Ха! Похоже, это работает!\nПродолжу делать так же!
nig_boss_hit1_er	Ha! Insolent pest!\nYour feeble attacks cannot harm me!	ふん　くだらぬ\n一撃で　はしゃぎおって…！	¡Já! ¡Alimaña insolente!\n¡No me afectan tus patéticos ataques!	Ha! Lästiger Plagegeist! Ist das schon alles, was du drauf hast?!	Insolent ! Tes attaques d'amateur\nne peuvent rien contre moi !	Ah! Peste insolente! I tuoi attacchi non possono farmi del male!	Há! Praga insolente! Seus ataques fúteis não podem me ferir!	¡Jum, qué imbécil!\n¡Te emocionas por darme un golpecito!	Ha! Bezczelny szkodniku! \nTwoje marne ataki nie mogą mnie drasnąć!	哼！你這隻無禮的害蟲！如此軟弱的攻擊是傷不了我的！	Ha! Küstah haşere! Senin zayıf saldırıların bana zarar veremez!	Ha! Oförskämda skadedjur!\nDina svaga attacker kan inte skada mig!		Ха, дерзкая крыса!\nТы не сможешь мне ничего сделать!
nig_boss_hit2_so	What's wrong, Erazor?\nYou don't look so good!	どうしたイレイザー\nどこか調子でも悪いのか？ 	¿Qué pasa, Erazor?\n¡Se te ve mala cara!	Ha! Was los, Erazor? Du siehst gar nicht gut aus!	Alors, Erazor ? Ça n'a pas l'air d'aller fort !	Che c'è Erazor? Non sembri in forma!	O que foi, Erazor? Você não tá com uma cara boa!	¿Qué pasa, Erazor? ¿Te duele algo?	I jak tam, Erazor? Nie wyglądasz najlepiej!	怎麼啦，伊萊薩？臉色怎麼臭起來啦！	Sorun nedir Erazor? İyi görünmüyorsun!	Vad är det för fel, Erazor?\nDu ser inte så bra ut!		Что случилось, Эрейзор?\nПлохо себя чувствуешь?
nig_boss_hit2_er	Enjoy your moment of pride, rat.\nIt shall be your last!	図に乗るなよドブネズミ！\nお前の動きなど　すでに見切ったわ！	No te confíes, rata...\n¡Ya me conozco tus movimientos!	Genieß nur deinen Anflug von Hochmut, Ratte.\nEs wird dein letzter sein!	Savoure ton heure de gloire, vermine !\nCe sera la dernière !	Goditi questo momento di gloria ratto. Sarà il tuo ultimo!	Aproveite o seu momento de orgulho, rato. Pois será o seu último!	¡No te creas tanto, sucia rata!\n¡Ya conozco tus movimientos!	Ciesz się chwilą dumy, szczurze.\nBędzie ona twą ostatnią!	別太得意忘形了，臭老鼠。\n這是你最後一次能享受的時候了！	Gurur anının tadını çıkar, fare. Bu sonuncusu olacak!	Njut av din stolthet, råtta.\nDet ska bli din sista!		Не будь таким самоуверенным, крыса!\nЯ могу предугадать все твои действия!
nig_boss_defeat_er	N...No...This isn't...Possible...	う…ここまでやるとは…！	N... No... No puede ser...\nImposible...	N...Nein...Das ist nicht...Möglich...	N... Non... C'est... Impossible...	N...No...Questo non è...Possibile...	N...Não...Isso não é...possível...	Ugh... ¡No pensé que pasaría esto...!	N...Nie...To nie jest...Możliwe...	不……不可能……\n這不……可能……！	H...Hayır...Bu mümkün...Değil...	N...Nej...Detta är inte...Möjligt...		Не... не думал, что ты на такое способен!
nig_boss_defeat_so	All right, Erazor!\nGive up, you've lost!	そこまでだ　イレイザー！\nオマエの負けだ！	¡Hasta aquí has llegado, Erazor!\n¡Hasta tu derrota!	OK, Erazor! Gib auf, du hast verloren!	Allez, Erazor ! Admets ta défaite !	Bene, Erazor! Arrenditi, hai perso!	Beleza, Erazor! Desista, você perdeu!	¡Suficiente, Erazor! ¡Tú... perdiste!	Dobra, Erazor!\nPoddaj się, przegrałeś!	到此為止，伊萊薩！\n放棄吧，是你輸了！	Pekala Erazor! Pes et, kaybettin!	Okej, Erazor!\nGe upp, du har förlorat!		Всё, Эрейзор! Сдавайся!\nТы проиграл!
														
last_intro_er	I am... The creator...	我ハ…創造主…	Yo ſoy... el Criador...	Ich bin... der Schöpfer...		Io sono... Il creatore...	Eu sou... O criador...	Yo soy... el creador...	Jestem... Twórcą...	我是……造物主……	Ben... Yaratıcıyım...	Jag är... Skaparen...		Аха-ха-ха-ха-ха!\nЯ... создатель...
last_intro2_er	The stories of this world are... MINE!	世界ヲ　物語り…紡ぐモノ…	Aquel que texio las hiſtorias deſte mundo...	Die Geschichten dieser Welt gehören... MIR!		Le storie di questo mondo sono... MIE!	As historias desse mundo são... MINHAS!	De las historias del mundo... Y lo que las teje...	Historie tego świata należą... DO MNIE!	這世界的故事都將……屬於我！	Bu dünyanın hikayeleri... BENİM!	Berättelserna i den här världen är... MINA!		Все сказки в этом мире\nпринадлежат мне!
last_intro_so	If this is your world, then it's a world\nthat I don't want any part of!	なんだって？　何も無いじゃないか\nこんな世界は　願い下げだぜ！	¿¡Qué historias!? ¡Aquí ya no queda nada!\n¿¡Quién desearía tal mundo!?	Wenn das deine Welt ist, will ich kein Teil davon sein!		Se questo è il tuo mondo, allora è un mondo\n di cui non voglio fare parte! 	Se esse é o seu mundo,\nentão eu não quero fazer parte dele!	¿Pero qué? Aquí no hay nada.\n¡Yo no quiero un mundo así!	Jeśli to jest twój świat, nie jest to świat\nz którym chiałbym mieć coś współnego!	若這世界是屬於你的，\n那我才不要活在這裡！	Eğer bu senin dünyansa, o zaman ben bu\ndünyanın bir parçası olmak istemiyorum!	Om det här är din värld, då är det en värld\nsom jag inte vill vara en del av!		Чего? Их ведь нет!\nТакой мир никому не нужен!
last_charge_sh	You can always fill the Soul Gauge\nby pressing [button_attack].	 [button_attack] を押すといつでも\nソウルゲージをためることができるわ	Puedes llenar la Barra de Almas\n presionando [button_attack]	Benutze [button_attack], um deine Soul Gauge aufzufüllen.		Puoi sempre riempire l'indicatore dell'Anima\n premendo [button_attack].	Você pode carregar a Barra Espiritual\napertando [button_attack]	Presionando [button_attack] puedes llenar el\nMedidor de almas cuándo quieras.	Możesz zawsze naładować Pasek Dusz\nwciskając [button_attack].	按住 [button_attack] 增加魂力量表。	Ruh Göstergesini her zaman [button_attack]\ntuşuna basarak doldurabilirsiniz.	Du kan alltid fylla Själsmätaren\ngenom att trycka på [button_attack].		Нажмите кнопку атаки, чтобы в любой\nмомент заполнить шкалу души.
last_charge_so	Shahra!	シャーラ！	¡Shara!	Shahra!		Shahra!	Shahra!	¡Shahra!	Shahra!	夏拉！	Shahra!	Shahra!		Шахра!
last_slash_er	Mwahahah! You think you are a match\nfor me?	フハハハ\n我ニ　追イツク　コトモ　デキヌカ？	(Riſa) Ni aun ſois capaz\nde llegar a mì?	Mwahahah! Du glaubst doch nicht im Ernst MIR gewachsen zu sein?		Muahahah! Pensi veramente di essere al mio livello?	Muahahah! Você acha que é páreo para mim?	Ja, ja, ja, ja.\n¿Crees poder seguirme el paso?	Mwahahah! Naprawdę myślisz,\nże masz ze mną szansę?	哇哈哈！\n你以為你比得上我嗎？	Mwahahah! Benimle boy ölçüşebileceğini mi sanıyorsun?	Mwahahaha! Tror du att du är en match mot mig?		Му-ха-ха-ха!\nДумаешь, ты сможешь мне противостоять?
last_slash_so	If I watch for the beam of light when\nhe's attacking, I can probably dodge it.	ヤツのひっかき攻撃は　最初の光の筋を\nよく見れば避けられそうだな	Creo que si me fijo en el rayo de luz,\npuedo esquivar sus ataques cortantes.	Die Lichtstrahlen zeigen mir wo sein Angriff einschlagen wird.		Se faccio attenzione al raggio di luce mentre\nsta attaccando, probabilente riuscirei a schivarlo.	Se eu ficar atento ao feixe de luz quando ele atacar,\nacho que consigo desviar.	Parece que puedo evitar ese arañazo si presto\natención al primer rayo de luz.	Jeśli spojrzę na promień światła gdy atakuje,\npewnie uda mi się go uniknąć.	我若能注意當他在攻擊時\n發出的光線，或許就能躲開來。	Saldırırken ışık huzmesini takip edersem,\nmuhtemelen ondan kaçabilirim.	Jag håller utkik efter ljusstrålen när\nhan attackerar, jag kan förmodligen undvika den.		Если следить за лучами света,\nкогда он атакует, я смогу уклониться.
last_spirit_bomb_er	It would take a miracle for you\nto avoid my attacks!	我ガ攻撃　奇跡デモ起ラレヌ限リ\nカワスことハ　デキヌ！	Ha meneſter un milagro\npara huìr de mis tajos!	Versuch doch auszuweichen, das grenzt an ein Wunder!		Ti servirebbe un miracolo per permetterti\n di schivare i miei attacchi!	Somente um milagre lhe fará desviar dos meus ataques!	¡Sólo con un milagro podrás esquivar mi ataque!	Potrzebowałbyś cudu, żeby\nuniknąć moich ataków!	只有奇蹟才能讓你躲開我的攻擊！	Saldırılarımdan kaçınmanız için bir mucize gerekir!	Det skulle krävas ett mirakel för att du\nskulle undvika mina attacker!		Тебе не уклониться от удара!\nЕсли только не произойдёт чудо!
last_spirit_bomb_hint_so	Maybe Time Break and Speed Break\nmight work...	「タイムブレイク」と「スピード\nブレイク」で何とかいけそうだな…！	¡Parece que usar el Impulso y\nla Ralentización da resultado!	Vielleicht könnten Time Break und Speed Break hier helfen...		Forse la Rottura del Tempo e la Rottura della Velocità\n potrebbero funzionare...	Talvez o Atraso Temporal e o Impulso Veloz funcionem...	¡Creo que los Speed y Time\nBreaks pueden ayudarme!	Może Zryw Pędu i Czasu zadziałają...	或許時間突破和速度突破能派上用場……	Belki Zaman Dondurma ve Hız Kırma işe yarayabilir...	Kanske en Tidsbrytning och Fartbrytning\nkan fungera...		Может, получится с ним бороться\nс помощью замедления и ускорения...
last_spirit_bomb_hint2_so	I can probably deflect those\nbig orbs of light somehow.	あのでっかい光の玉…\nカウンターで弾き返せそうだな	Creo que puedo devolver esas\nenormes bolas de luz hacia él.	Ich muss diese Lichtkugeln reflektieren.		Potrei probabilmente deviare quelle\n grandi sfere di luce in qualche modo.	Acho que consigo defletir aquelas\n grandes esferas de luz de algum jeito.	Esas bolas de luz...\nTal vez pueda bloquearlas y desviarlas.	Pewnie mógłbym odbić jakoś te świetlne kule.	我應該可以把那些大光球反彈回去。	Sanırım o büyük ışık kürelerini\nbir şekilde saptırabilirim.	Jag kan nog avböja de där\nstora ljuskloten på något sätt.		Нельзя ли отбросить этот огромный шар\nсвета обратно с помощью контратаки?
last_spirit_bomb_hint_sh	I wonder if you can deflect\nthose orbs of light somehow...	(あの光の球をはじき返せないかしら…)	(Me pregunto si podrías bloquear y\ndevolverle esas bolas de luz...)	Könntest du diese Lichtkugeln nicht\nirgendwie ablenken...?		Mi chiedo se si possono deviare\n quelle sfere di luce in qualche modo...	Será que você consegue defletir aquelas\ngrandes esferas de luz de algum jeito?	(Me pregunto si podrás desviar esas bolas de luz...)	Jestem ciekawa czy możesz\nodbić jakoś te świetlne kule...	不知道可不可以把那些大光球反彈回去。	Acaba bu ışık kürelerini bir şekilde saptırabilir misin?	Jag undrar om man kan avböja\nde där ljuskloten på något sätt...		Нельзя ли как-то отбросить\nобратно этот шар света?
last_spirit_bomb_hint2_sh	Those orbs of light...\nIf only you had more speed...	(あの光の球、\nもっとスピードがあれば…)	(Esas bolas de luz...\nSi tan solo tuvieses más velocidad...)	Diese Lichtkugeln... Falls du nur schneller wärst...		Quelle sfere di luce...\nSe solo avessi più velocità...	Aquelas esferas de luz...\nSe ao menos você tivesse mais velocidade...	(Esas bolas de luz... Si pudieras ir más rápido...)	Te świetlne kule...\njeśli tylko miałbyś więcej prędkości...	那些光球……\n要是你的速度更快的話……	O ışık küreleri... Keşke daha hızlı olsaydın...	De där ljuskloten...\nOm du bara hade mer fart...		Если бы этот шар света\nдвигался побыстрее...
last_push_sh	Wow... You're really using up\nthe Soul Gauge!	すごい！　ソウルゲージを\nどんどん消費してるわ	¡Hala! ¡Qué rápido estás drenando\nla Barra de Almas!	Wow! Deine Soul Gauge\nsteht in Flammen!		Wow... Stai veramente consumando\n L'indicatore della Anima!	Uau... Você está usando bastante a Barra Espiritual!	¡Increíble! Estás usando todo tu Medidor de almas.	Łał... Naprawde wyczerpujesz\nswój Pasek Dusz!	哇……你的魂力量表消耗得真快！	Vay canına... Ruh göstergesini \ngerçekten çok tüketiyorsun!	Wow... Du använder verkligen upp\nsjälsmätaren!		Ого! Ты тратишь так много шкалы души!
last_push2_sh	You're gonna lose!	このままじゃ押し負けちゃう！	¡Si seguimos así, vamos\na perder!	Du wirst verlieren!		Stai per perdere!	Você vai perder!	¡Si seguimos así, perderemos!	Zaraz przegrasz!	你要輸了！	Kaybedeceksin!	Du kommer att förlora!		Если так продолжится,\nвсё будет кончено!
last_push3_sh	Increase the Soul Gauge\nby pressing [button_attack]!	 [button_attack] を押して\nソウルゲージを高めて！	¡Pulsa [button_attack] para llenar\ntu Barra de Almas!	Drücke [button_attack] so oft es geht, um deine\nSoul Gauge wieder aufzufüllen!		Aumenta la Barra dell'Anima\npremendo [button_attack]!	Carregue a Barra Espiritual apertando [button_attack]!	Presiona [button_attack] para llenar tu Medidor de almas.	Naładuj Pasek Dusz\nwciskając [button_attack]!	按住 [button_attack] 增加魂力量表。	[button_attack] tuşuna basarak Ruh Göstergesini artır!	Öka Själsmätaren\ngenom att trycka på [button_attack]!		Нажимайте кнопку атаки,\nчтобы шкала души заполнилась!
last_push4_sh	Now's your chance! Press [button_attack]!	今よ！ [button_attack] を押すのよ！	¡Ahora! ¡Presiona [button_attack]!	Das ist deine Chance!\nDrücke [button_attack] so schnell wie möglich!		Ora è la tua occasione! Premi [button_attack]	Agora é a sua chance! Aperte [button_attack]!	¡Ahora! Presiona [button_attack]!	Teraz masz szansę!\nWciśnij [button_attack]!	就是現在！按下 [button_attack] ！	Şimdi fırsatın! [button_attack] tuşuna bas!	Nu har du chansen! Tryck på [button_attack]!		(Сейчас! Нажмите кнопку атаки!)
last_kick_so	HA!\nHow's this for an introduction, then?	ＨＡ！　こいつはアイサツがわりだ！	¡Ja!\n¿Qué te parece mi presentación?	HA! Schluss mit den Spielchen!		HA!\nCom'è questa come introduzione, allora?	HA!\nQue tal começarmos assim?	¡Ja! ¡¿Qué tal esto para empezar?!	HA!\nCo ty na takie powitanie?	ＨＡ！這樣的開場白如何啊？	HA!\nBu nasıl bir giriş o zaman?	HA!\nHur är det här för en introduktion då?		Ха! Как тебе такое приветствие?!
last_multipunch_sh	Keep attacking!	(連続で攻撃するのよ！)	(¡Ataca repetidamente!)	Greif weiter an, nicht lockerlassen!		Continua ad attaccare!	Continue atacando!	(¡Ataca sin parar!)	Nie przestawaj atakować!	繼續攻擊他！	Saldırmaya devam et!	Fortsätt attackera!		(Продолжай атаковать!)
last_gravity_so	I have to stay clear of that whirlpool.	あのウズに吸い込まれると\nやっかいだな	Sería un problemón quedar\natrapado en ese vórtice.	Ich sollte mich von diesem Strudel\n fernhalten...!		Devo stare alla larga da quel vortice...!	Tenho que ficar longe daquele vórtice...!	Quedar atrapado en ese vórtice\nsería un verdadero fastidio.	Muszę unikać tego wiru...!	我得避開那些漩渦。	O girdaptan uzak durmalıyım...!	Jag måste hålla mig borta från den där virveln...!		Будет плохо, если меня затянет\nв эти вихри!
last_phase2_er	Gwaaah! How can you have this power?!	グウウ…！　お前モ\nコノ　チカラ　ヲ…！？	Ay, dolor!\nComo aueys vos tãto poder?	Gwaaah! Wie kommst du nur in den Besitz einer solchen Macht?!		Gwaaah! Come fai ad avere tutto questo potere?!	Gwaaah! Como você tem todo esse poder?!	¡Ugh...! ¡¿Tú también... tienes este poder...?!	Gwaaah!\nJak możesz mieć taką siłę?!	嘎啊啊！你怎麼會有這樣的力量！？	Gwaaah! Bu güce nasıl sahip olabiliyorsun?!	Gwaaah! Hur kan du ha den här makten?!		А-а-а-а!\nОткуда у тебя такая сила?!
last_defeat_er	Rrrraaaargh!	グ　ア　ア　ア　アーーーッ！	Aaaaaaargh!	Rrrraaaargh!		Rrrraaaargh!	Rrrraaargh!	¡Gaaaaaaaah...!	Rrrraaaargh!	嘎啊啊啊啊！	Rrrraaaargh!	Rrrraaaargh!		Га-а-а-а-а-а-а!
last_defeat_so	Your tale is finished, Erazor!\nNext time, try writing a better story.	ヨタ話は終わりだイレイザー\nオマエの物語は　クラすぎる	Ya basta de sinsentidos, Erazor.\n¡Haber escrito una mejor historia!	Ende der Märchen, Erazor!\nSchreib nächstes Mal 'ne bessere Story!		La tua storia finisce qui, Erazor!\nLa prossima volta, prova a scrivere una storia migliore.	A sua história acabou, Erazor!\nDa próxima vez, vê se escreve algo que presta!	Basta de este cuento, Erazor.\nIgual tu historia era muy aburrida.	Twoja opowieść się skończyła, Erazor!\nNastępnym razem spróbuj napisać coś lepszego.	你的故事在此落幕了，伊萊薩！\n下次試著寫好看點的故事吧。	Hikayen bitti, Erazor!\nBir dahaki sefere daha iyi bir hikaye yazmayı dene.	Din saga är slut, Erazor!\nNästa gång, försök att skriva en bättre berättelse.		Рассказ на этом окончен, Эрейзор!\nТвоя история слишком скучная!
														
														
														
														
nig_hint_spears_so	Incoming!	何か飛んできやがったぜ！	¡Algo se lanzó hacia nosotros!	In Deckung!		In arrivo!	Cuidado!	¡Nos acaban de lanzar algo!	Nadchodzą!	有東西飛過來了！	Geliyor!	Inkommande!		Что-то летит сюда!
nig_hint_spears_sh	Watch out! The path is splitting, too!	割れた道にも気をつけてね！	¡Cuidado con las brechas en el camino!	Pass auf! Wo die landen geht der Pfad kaputt!		Fai attenzione! Si sta dividendo anche il percorso!	Cuidado! O caminho está se partindo!	¡Cuidado, el camino se divide!	Uważaj! Ścieżka też się rozdziela!	小心！道路也分開來了！	Dikkat et! Yol da ayrılıyor!	Se upp! Stigen delar sig också!		Будь осторожен, там дыры в полу!
nig_hint_spears2_sh	Something's coming! Watch out!	何か来る！　気をつけて！	¡Algo se acerca! ¡Ten cuidado!	Irgendwas kommt auf uns zu! Pass auf!		Qualcosa si sta avvicinando! Fai attenzione!	Tem algo vindo aí! Cuidado!	¡Algo se acerca! ¡Cuidado!	Coś nadchodzi! Uważaj!	有東西過來了！小心！	Bir şey geliyor! Dikkat et!	Någonting kommer! Se upp!		Что-то приближается! Будь осторожен!
nig_hint_spears2_so	Is it aiming for us?	こんなもんで狙い打ちのつもりかい？	¿A eso le llaman puntería?	Zielt es auf uns?		Sta mirando a noi?	Estão vindo em nossa direção?	¿Intentan derribarnos con esa puntería?	Czy to w nas celuje?	它在瞄準我們嗎？	Bize mi hedef alıyor?	Siktar den på oss?		Он хочет попасть в меня этим?
nig_hint_hourglass_sh	There's something about this hourglass...	何？　この砂時計	¿Eh? ¿Y este reloj de arena?	Da ist irgendwas seltsames mit dieser Sanduhr...		C'è qualcosa di strano di questa clessidra...	Tem algo estranho com essa ampulheta...	¿Qué? Este reloj de arena...	Coś jest na rzeczy z tą klepsydrą...	這個沙漏好像哪裡不對勁……	Bu kum saatinde bir şey var...	Det är något med det här timglaset...		Если удариться со всей силы,\nто они перевернутся.
nig_hint_hourglass_so	A switch, maybe?	何かのスイッチかもな	Debe de ser algún tipo de interruptor.	Ein Schalter, vielleicht?		Un interruttore, forse?	Um interruptor, será?	¿No será un interruptor?	Przełącznik?	可能是某種開關吧？	Bir anahtar mı acaba?	En strömbrytare, kanske?		Может, это какой-то переключатель?
nig_hint_gas_so	This gas! Watch out!	このガス…やばいな…	Este gas me da mala espina...	Dieses Gas! Pass auf!		Questo gas! Attenzione!	Esse gás! Cuidado!	¡Cuidado... con el gas...!	Ten gaz! Uważaj!	這個瓦斯！小心！	Bu gaz! Dikkat et	Den här gasen! Se upp!		Этот газ опасен...
nig_hint_gas_sh	We're getting weaker...	どんどん体力が減ってっちゃうよぉ	Me debilito progresivamente...	Wir werden schwächer...		Ci stiamo indebolendo...	Estamos enfraquecendo...	Me siento cada vez más débil...	Kiepsko z nami...	我們的體力在慢慢減弱了……	Gittikçe güçsüzleşiyoruz...	Vi blir svagare...		Твои силы расходуются тут очень быстро!
nig_hint_catapult_so	I need to time things very carefully.	うまくタイミングを\n見計らわないとな！	¡Tengo que actuar en el momento justo!	Ich muss das sehr vorsichtig timen.		Devo fare molta attenzione al mio tempismo.	Tenho que agir no momento certo.	¡Tengo que calcular el momento justo!	Muszę lepiej to wyczuć.	我需要把時機小心地抓準。	Zamanlamayı çok dikkatli yapmam gerekiyor.	Jag måste tajma saker väldigt noggrant.		Надо выбрать подходящий момент!
nig_hint_catapult_sh	Okay!	うん！	¡Sí!	OK!		Okay!	Ok!	¡Sí!	Okej!	好！	Tamam!	Okej!		Ага!
														
mods_description	Community-made level mods.	コミュニティ制作のステージMOD。	Mods de nivel creados por la comunidad.	Von der Community erstellte Level-Mods.		Livelli e mod creati dalla comunità.	Mods de fases feitas pela comunidade.	Mods de niveles creados por la comunidad	Modyfikacje etapowe stworzone przez społeczność.	社群製作的關卡模組。	Topluluk yapımı seviye modları	Community-tillverkade nivå mods.		Модификации уровней, созданные сообществом.
														
result_score	Score	スコア	Puntuación	Punkte	Score	Punteggio	Pontuação	Puntos	Wynik	分數	Skor	Poäng		Очки
result_time	Time	タイム	Tiempo	Zeit	Temps	Tempo	Tempo	Tiempo	Czas	時間	Süre	Tid		Время
result_ring	Ring Bonus	リングボーナス	Bonificación por Anillos	Ringbonus	Ring Bonus	Bonus Anelli	Bônus de Anéis	Bonus por Anillos	Bonus Pierścieni	金環獎勵	Yüzük Bonusu	Ring Bonus		Бонус за кольца
result_technical	Technical Bonus	テクニカルボーナス	Bonificación Técnica	Technikbonus	Bonus Technique	Bonus Tecnica	Bônus de Desempenho	Bonus por técnica	Bonus Techniczny	技術獎勵	Teknik Bonusu	Teknisk Bonus		Бонус за технику
result_total	Total	トータル	Total	Gesamt	Total	Totale	Total	Total	Suma	總分	Toplam	Totalt		Всего
														
														
exp_total	exp	exp	exp	ep	exp	pe	exp	exp	pd	exp	exp	EXP		опыт
exp_score	Score Bonus	スコア　ボーナス	Puntos	Punkte-Bonus	Score Bonus	Punti Bonus	Pontuação Bônus	Bonus por puntos	Bonus Wyniku	分數獎勵	Skor Bonusu	Poäng Bonus		Всего очков
exp_skill	Skill Bonus	スキル　ボーナス	Destreza	Skill-Bonus		Maestria Bonus	Bônus de Habilidade	Bonus por habilidad	Bonus Talentów	技能獎勵	Beceri Bonusu	Färdighetsbonus		Бонус за навык
exp_mission	First Clear Bonus	クリア　ボーナス	Primera VIctoria	Erster Abschluss		Prima Conclusione	Primeira Vitória	Bonus por primer completado	Bonus Debiutanta	首次通關獎勵	İlk Bitirme Bonusu	Första Klarnings Bonus		Бонус первого раза
exp_accumulated	Replay Bonus	リプレイ　ボーナス	Acumulado	Replay-Bonus		Bonus Ripetizione	Bônus de Repetição	Bonus por rejugar	Bonus 1-szej Próby	再次通關獎勵	Tekrar Oynama Bonusu	Replay-bonus		Бонус повтора
exp_level	Level	レベル	Nivel	Level		Livello	Nível	Nivel	Poziom	等級	Seviye	Nivå		Уровень
exp_sp	Skill Points	スキル ポイント	Puntos de Habilidad	Skill Punkte		Punti Abilità	Pontos de Habilidade	Puntos de habilidad	Punkty Talentu	技能點數	Beceri Puanları	Färdighetspoäng		Очки навыка
exp_soul	Soul Gauge	ソール　ゲージ	Barra de Almas	Soul Gauge		Barra dell'Anima	Barra Espiritual	Medidor de almas	Pasek Dusz	魂力量表	Ruh Ölçer	Själsmätare		Шкала души
														
														
skill_select_level	Level:0	レベル:0	Nivel:0	Level:0		Livello:0	Nível:0	Nivel:0	Poziom:0	等級:0	Seviye:0	Nivå:0		Уровень:0
skill_sp_shortage	You do not have enough SP.	ＳＰがたりません。	No tienes suficientes puntos de habilidad.	Du hast nicht genug SP.		Non hai abbastanza Punti Abilità.	Você não tem Pontos de Habilidade o suficiente.	No tienes suficientes PH.	Nie masz wystarczająco PT.	SP不足。	Yeterli BP yok.	Du har inte tillräckligt med SP.		У вас недостаточно опыта.
skill_element_requirement_wind	You need to equip [AMOUNT] more Wind skill.	もう[AMOUNT]個風スキル必要。	Necesitas equipar una habilidad de Viento más.	Du musst noch [AMOUNT] weiteren Windskill ausstatten.		Hai bisogno di equipaggiare [AMOUNT] Abilità del Vento.	Você precisa equipar mais [AMOUNT] Habilidade de Vento	Tienes que equipar [AMOUNT] habilidad de viento más.	Musisz założyć jeszcze [AMOUNT]\nTalent Wiatru.	你還需要裝備 [AMOUNT] 個風屬性技能。	[AMOUNT] daha fazla Rüzgar becerisine sahip olman gerekiyor.	Du behöver utrusta dig med [AMOUNT] till Vindfärdighet		Вам нужно освоить ещё [AMOUNT] навыка Ветра.
skill_element_requirement_wind_multiple	You need to equip [AMOUNT] more Wind skills.	もう[AMOUNT]個風スキル必要。	Necesitas equipar [AMOUNT] habilidades de Viento más.	Du musst noch [AMOUNT] weitere Windskills ausstatten.		Hai bisogno di equipaggiare [AMOUNT] Abilità del Vento.	Você precisa equipar mais [AMOUNT] Habilidades de Vento	Tienes que equipar otras [AMOUNT] habilidades de viento.	Musisz założyć jeszcze [AMOUNT]\nTalentów Wiatru.	你還需要裝備 [AMOUNT] 個風屬性技能。	[AMOUNT] daha fazla Rüzgar becerisine sahip olman gerekiyor.	Du behöver utrusta dig med [AMOUNT] till Vindfärdigheter.		Вам нужно освоить ещё [AMOUNT] навыков Ветра.
skill_element_requirement_fire	You need to equip [AMOUNT] more Fire skill.	もう[AMOUNT]個炎スキル必要。	Necesitas equipar una habilidad de Fuego más.	Du musst noch [AMOUNT] weiteren Feuerskill ausstatten.		Hai bisogno di equipaggiare [AMOUNT] Abilità del Fuoco.	Você precisa equipar mais [AMOUNT] Habilidade de Fogo	Tienes que equipar [AMOUNT] habilidad de fuego más.	Musisz założyć jeszcze [AMOUNT]\nTalent Ognia.	你還需要裝備 [AMOUNT] 個炎屬性技能。	[AMOUNT] daha fazla Ateş becerisine sahip olman gerekiyor.	Du behöver utrusta dig med [AMOUNT] till Eldfärdighet		Вам нужно освоить ещё [AMOUNT] навыка Огня.
skill_element_requirement_fire_multiple	You need to equip [AMOUNT] more Fire skills.	もう[AMOUNT]個炎スキル必要。	Necesitas equipar [AMOUNT] habilidades de Fuego más.	Du musst noch [AMOUNT] weitere Feuerskills ausstatten.		Hai bisogno di equipaggiare [AMOUNT] Abilità del Fuoco.	Você precisa equipar mais [AMOUNT] Habilidades de Fogo	Tienes que equipar otras [AMOUNT] habilidades de fuego.	Musisz założyć jeszcze [AMOUNT]\nTalentów Ognia.	你還需要裝備 [AMOUNT] 個炎屬性技能。	[AMOUNT] daha fazla Ateş becerisine sahip olman gerekiyor.	Du behöver utrusta dig med [AMOUNT] till Eldfärdigheter.		Вам нужно освоить ещё [AMOUNT] навыков Огня.
skill_element_requirement_dark	You need to equip [AMOUNT] more Dark skill.	もう[AMOUNT]個闇スキル必要。	Necesitas equipar una habilidad Oscura más.	Du musst noch [AMOUNT] weiteren Finsternisskill ausstatten.		Hai bisogno di equipaggiare [AMOUNT] Abilità dell'Oscurità	Você precisa equipar mais [AMOUNT] Habilidade de Escuridão	Tienes que equipar [AMOUNT] habilidad sombría más.	Musisz założyć jeszcze [AMOUNT]\nTalent Mroku.	你還需要裝備 [AMOUNT] 個闇屬性技能。	[AMOUNT] daha fazla Karanlık becerisine sahip olman gerekiyor.	Du behöver utrusta dig med [AMOUNT] till Mörkfärdighet.		Вам нужно освоить ещё [AMOUNT] навыка Темноты.
skill_element_requirement_dark_multiple	You need to equip [AMOUNT] more Dark skills.	もう[AMOUNT]個闇スキル必要。	Necesitas equipar [AMOUNT] habilidades Oscuras más.	Du musst noch [AMOUNT] weitere Finsternisskills ausstatten.		Hai bisogno di equipaggiare [AMOUNT] Abilità dell'Oscurità	Você precisa equipar mais [AMOUNT] Habilidades de Escuridão	Tienes que equipar otras [AMOUNT] habilidades sombrías.	Musisz założyć jeszcze [AMOUNT]\nTalentów Mroku.	你還需要裝備 [AMOUNT] 個闇屬性技能。	[AMOUNT] daha fazla Karanlık becerisine sahip olman gerekiyor.	Du behöver utrusta dig med [AMOUNT] till Mörkfärdigheter.		Вам нужно освоить ещё [AMOUNT] навыков Темноты.
skill_equip_conflict	Equipping SKILL will unequip CONFLICT.\n\nProceed?	SKILLが装備されると、CONFLICTは装備されなくなります。\n\nよろしいですか？	Si equipas SKILL,\ndesactivarás CONFLICT.\n\n¿Deseas proceder?	Wenn du SKILL ausrüstest, wird CONFLICT nicht mehr ausgerüstet.\n\nWeiter?		Equipaggiare SKILL disequipaggierà CONFLICT.\n\nProcedi?	Equipar SKILL removerá CONFLICT.\n\nDeseja continuar?	Equipar SKILL quitará CONFLICT.\n\n¿Proceder?	Założenie SKILL spowoduje usunięcie CONFLICT.\n\nKontynuować?	裝備 SKILL 會解除裝備 CONFLICT。\n\n是否要繼續？	BU BECERİYİ kuşanmak, ÇATIŞMAYI devre dışı bırakacak.\n\nDevam edilsin mi?	Att utrusta SKILL kommer att avrusta CONFLICT.\n\nFortsätt?		Освоение наыка отменит конфликт. Продолжить?
skill_unequip_conflict	Unequipping SKILL will unequip CONFLICT.\n\nProceed?	SKILLが装備されなくと、CONFLICTは装備されなくなります。\n\nよろしいですか？	Si equipas SKILL,\ndesactivarás CONFLICT.\n\n¿Deseas proceder?	Wenn SKILL nicht ausgerüstet ist, wird CONFLICT auch nicht ausgerüstet.\n\nWeiter?		Disequipaggiare SKILL disequipaggierà CONFLICT.\n\nProcedi?	Desequipar SKILL removerá CONFLICT.\n\nDeseja continuar?	Quitar SKILL también quitará CONFLICT.\n\n¿Proceder?	Założenie SKILL spowoduje usunięcie CONFLICT.\n\nKontynuować?	裝備 SKILL 會解除裝備 CONFLICT。\n\n是否要繼續？	BU BECERİYİ kuşanmak, ÇATIŞMAYI devre dışı bırakacak.\n\nDevam edilsin mi?	Att avrusta SKILL kommer att avrusta CONFLICT.\n\nFortsätt?		Освоение наыка отменит конфликт. Продолжить?
														
skill_autorun	Autorun	オートラン	Avance Automático	Selbstläufer		Corsa Automatica	Corrida Automática	Correr automáticamente	Autobieg	自動奔跑	Otokoşu	Autospring		Автобег
skill_autorun_description	Allows Sonic to run forward automatically.	ソニックが自動的に前進する。	Sonic se desplaza hacia delante\nde forma automática.	Erlaubt Sonic sich automatisch nach vorne zu bewegen.		Permette a Sonic di correre automaticamente.	Permite que Sonic corra\npara frente automaticamente.	Sonic avanzará automáticamente.	Pozwala Sonicowi automatycznie\nbiec do przodu.	讓索尼克自動向前奔跑。	Sonic'in otomatik olarak ileri koşmasını sağlar.	Tillåter Sonic att springa framåt automatiskt.		Соник автоматически движется вперёд.
skill_charge_jump	Charge Jump	チャージジャンプ	Salto con Carga	Aufladesprung		Salto Caricato	Pulo Carregado	Salto cargado	Ładowany Skok	集氣跳躍	Şarjlı Zıplama	Laddningshopp		Заряженный прыжок
skill_charge_jump_description	Restores the Charge Jump from the original retail release.	チャージジャンプをリテール版から復元。	Sonic carga su salto como\nen el juego original.	Stellt den Aufladesprung des Originalspieles her.		Ripristina il Salto Caricato del gioco originale.	Sonic realiza um Pulo Carregado\nassim como no jogo original.	Restaura el Salto cargado del juego original	Przywraca Ładowany Skok z\noryginalnej wersji pudełkowej.	恢復原版遊戲的集氣跳躍。	Şarjlı Zıplamayı orijinal sürümünden geri yükler.	Återställer Laddningshopp från den ursprungliga detaljhandelsutgåvan.		Восстанавливает способность """Заряженный прыжок""" из оригинальной игры.
skill_variable_jump_height	Variable Jump Height	アナログジャンプ高さ	Altura de Salto Variable	Variierbare Sprung-Höhen		Altezza del Salto Variabile	Pulo Ajustável	Altura de salto ajustable	Zmienna Wysokość Skoku	多變跳躍高度	Değişken Atlama Yüksekliği	Variabel Hopphöjd		Регулируемая высота прыжка
skill_variable_jump_height_description	Allows Jump Height to vary based on how long the Jump Button is held.	ジャンプボタンを押している時間に応じてジャンプの高さが変化する。	Permite que la altura de salto dependa del\ntiempo que aprietes el Botón de Salto.	Erlaubt unterschiedliche Sprung-Höhen, basierend auf dem Gedrückhalten der Sprung-Taste.		Permette l'altezza del salto di variare in base a quanto tempo viene tenuto il tasto per Saltare.	Permite variar a altura do pulo de acordo com o tempo que o botão é pressionado.	Permite que la altura del salto varie con base en\nel tiempo que se mantenga el botón de salto.	Pozwala na na zmienną Wysokość Skoku na podstawie tego, jak długo trzyma się Przycisk Skoku.	讓跳躍高度依據按壓跳躍鍵之長短而有變化。	Zıplama yüksekliğinin, zıplama düğmesine ne kadar süreyle basılı tutulduğuna bağlı olarak değişmesine olanak tanır.	Tillåter att Hopphöjden varierar beroende på hur länge Hoppknappen hålls nedtryckt.		Позволяет изменять высоту прыжка в зависимости\nот того, как долго удерживается кнопка прыжка.
skill_free_roam	Free Roam	フリーローム	Movimiento Omnidireccional	Freies Wandern		Spostamento Libero	Corrida Livre	Libre andanza	Swobodny Ruch	自由移動	Serbest Dolaşım	Fri Roaming		Свободное перемещение
skill_free_roam_description	Allows Sonic to run backwards.	ソニックが後ろ向きに\n走れるようにする。	Permite que Sonic se mueva de\nfrente en cualquier dirección.	Erlaubt Sonic sich rückwärts zu bewegen.		Permette a Sonic di correre all'indietro.	Permite que Sonic corra para trás.	Permite que Sonic corra hacia atrás.	Pozwala Sonicowi biec do tyłu.	讓索尼克可以往後跑。	Sonic'in geriye doğru koşmasına olanak tanır.	Tillåter Sonic springa baklänges.		Позволяет Сонику бегать назад.
skill_quick_start	Quick Start	クイックスタート	Introducción Reducida	Quick Start		Inizio Rapido	Início Rápido	Inicio rápido	Szybki Start	快速開始	Hızlı Başlangıç	Snabbstart		Быстрый старт
skill_quick_start_description	Shortens the countdown at the beginning of a mission.	ミッションのカウントダウンを短縮する。	Acorta la cuenta atrás al\nprincipio de las misiones.	Verkürzt den Countdown am Start einer Mission.		Aumenta la velocità del conteggio all'inizio di una missione.	Reduz a contagem regressiva no início da missão.	Acorta el conteo al iniciar la misión.	Skraca odliczanie na początku misji.	縮短任務開始的倒數計時。	Görev başlangıcındaki geri sayımı kısaltır.	Förkortar nedräkningen i början av ett uppdrag.		Сокращает обратный отсчёт в начале миссии.
skill_locked_soul_gauge	Gauge Lock	ゲージロック	Barra Recortada	Pegelstopper		Blocco Barra	Limite Espiritual	Bloqueo de medidor	Blokada Duszy	鎖定魂力量表	Gösterge Kilidi	Mätarlås		Блок шкалы души
skill_locked_soul_gauge_description	Limits the Soul Gauge to 100 Pearls	ソウルゲージは１００パールしか保持できない。	Limita la capacidad de la Barra\nde Almas a 100 Perlas.	Limitiert die Soul Gauge auf 100 Peerlen.		Limita la Barra dell'Anima a 100 perle.	Limita a Barra Espiritual a 100 Pérolas	Limita el Medidor de almas a 100 Perlas.	Limituje Pasek Dusz do 100 Pereł.	限制魂力量表於100魂珠	Ruh Ölçeri 100 İnci ile sınırlandırır.	Begränsar själsmätaren till 100 Pärlor		Ограничение шкалы души до 100 жемчужин.
skill_speed_up	Speed-Up	スピードアップ	Brío	Speed Up		Aumento della Velocità	Pico de Velocidade	Aceleración	Przyśpieszenie	加速	Hızlanma	Fart-Upp		Предел скорости 1
skill_speed_up1	Super Speed-Up	スーパースピードアップ	Brío Veloz 	Super-Speed Up		Super Aumento della Velocità	Super Pico de Velocidade	Súper aceleración	Super Przyśpieszenie	超級加速	Süper Hızlanma	Superfart-Upp		Предел скорости 2
skill_speed_up2	Hyper Speed-Up	ハイパースピードアップ	Brío Máximo	Hyper-Speed Up		Iper Aumento della Velocità	Hiper Pico de Velocidade	Híper aceleración	Hiper Przyśpieszenie	究極加速	Hiper Hızlanma	Hyperfart-Upp		Предел скорости 3
skill_speed_up3	Sub Hyper Speed-Up	サブハイパースピードアップ	Sub Brío	Sub-Hyper-Speed Up		Sub Iper Aumento della Velocità	Sub Hiper Pico de Velocidade	Sub-híper aceleración	Sub Hiper Przyśpieszenie	次究極加速	Alt Hiper Hızlanma	Sub Hyperfart-Upp		Предел скорости 3 (альт.)
skill_speed_up_description	Slightly increases Sonic's top speed.	最高速度の上限がちょっと上昇する。	Aumenta ligeramente la velocidad máxima de Sonic.	Leichte Erhöhung für Sonics Höchstgeschwindigkeit.		Aumenta un pochino la velocità massima di Sonic.	Aumenta levemente a\nvelocidade máxima de Sonic.	Aumenta ligeramente la velocidad tope.	Lekko zwiększa maksymalną\nprędkość Sonica.	稍微提升索尼克的最高速度。	Sonic'in azami hızını biraz artırır.	Ökar Sonics topphastighet något.		Увеличивает предел максимальной скорости.
skill_speed_up_description1	Moderately increases Sonic's top speed.	最高速度の上限がほどほど上昇する。	Aumenta moderadamente\nla velocidad máxima de Sonic.	Moderate Erhöhung für Sonics Höchstgeschwindigkeit.		Aumenta moderatamente la velocità massima di Sonic.	Aumenta moderadamente a\nvelocidade máxima de Sonic.	Aumenta moderadamente la velocidad tope.	Umiarkowanie zwiększa maksymalną\nprędkość Sonica.	適度提升索尼克的最高速度。	Sonic'in azami hızını orta düzeyde artırır.	Ökar Sonics topphastighet måttligt.		Улучшенная версия навыка\n"""Предел скорости 1""".
skill_speed_up_description2	Greatly Increases Sonic's top speed.	最高速度の上限がかなり上昇する。	Aumenta significativamente\nla velocidad máxima de Sonic.	Stärkste Erhöhung für Sonics Höchstgeschwindigkeit.		Aumenta notevolmente la velocità massima di Sonic.	Aumenta significativamente a\nvelocidade máxima de Sonic.	Aumenta bastante la velocidad tope.	Znacznie zwiększa maksymalną\nprędkość Sonica.	提升索尼克的最高速度。	Sonic'in azami hızını oldukça artırır.	Ökar Sonics topphastighet avsevärt.		Улучшенная версия навыка\n"""Предел скорости 2""".
skill_speed_up_description3	Greatly Increases Sonic's top speed, but also reduces defense.	最高速度の上限がかなり上昇するが\n防御力が低下する。	Aumenta en gran medida tu velocidad\nmáxima, pero reduce tu defensa.	Stärkste Erhöhung für Sonics Höchstgeschwindigkeit, aber Abwehr nimmt ab.		Aumenta notevolmente la velocità massima di Sonic,\nma a scapito della difesa.	Aumenta significativamente a velocidade\nmáxima de Sonic, mas também reduz a defesa.	Aumenta bastante la velocidad tope,\npero también baja la defensa.	Znacznie zwiększa maksymalną prędkość Sonica,\nale ogranicza jego defensywę.	大幅提升索尼克的最高速度，但防禦力降低。	Sonic'in azami hızını oldukça artırır, ama savunmayı düşürür.	Ökar Sonics topphastighet avsevärt, men minskar även försvaret.		Увеличивает предел скорости,\nно значительно снижает защиту.
skill_slow_turn	Slow Turn	スローターン	Giro Lento	Träge Steuerung		Svolta Lenta	Virada Lenta	Giro lento	Wolny Skręt	慢速轉向	Yavaş Dönüş	Långsam Sväng		Медленный поворот 1
skill_slow_turn1	Super Slow Turn	スーパースローターン	Giro Súper Lento	Super-Träge Steuerung		Super Svolta Lenta	Super Virada Lenta	Giro súper lento	Super Wolny Skręt	超級慢速轉向	Süper Yavaş Dönüş	Superlångsam Sväng		Медленный поворот 2
skill_slow_turn2	Hyper Slow Turn	ハイパースローターン	Giro Lento Máximo	Hyper-Träge Steuerung		Iper Svolta Lenta	Hiper Virada Lenta	Giro híper lento	Hiper Wolny Skręt	究極慢速轉向	Hiper Yavaş Dönüş	Hyperlångsam Sväng		Медленный поворот 3
skill_slow_turn_description	Slightly decreases horizontal turning sensitivity.	左右移動がちょっと遅くになる。	Reduce ligeramente la sensibilidad de giro\ny de movimiento lateral.	Leichte Reduzierung der Empfindlichkeit beim Lenken.		Riduce un pochino la sensibilità orizzontale della svolta.	Reduz levemente a velocidade horizontal.	El movimiento de lado a lado es ligeramente más lento.	Lekko zmniejsza horyzontalną\nczułość skręcania.	稍微降低左右移動速度。	Yatay dönüş hassasiyetini biraz azaltır.	Minskar känsligheten för horisontell svängning något.		Слегка снижает чувствительность поворота.
skill_slow_turn_description1	Moderately decreases horizontal turning sensitivity.	左右移動がほどほど遅くになる。	Reduce moderadamente la sensibilidad\nde giro y de movimiento lateral.	Moderate Reduzierung der Empfindlichkeit beim Lenken.		Riduce moderatamente la sensibilità orizzontale della svolta.	Reduz moderadamente a velocidade horizontal.	El movimiento de lado a lado es moderadamente más lento.	Umiarkowanie zmniejsza horyzontalną\nczułość skręcania.	適度降低左右移動速度。	Yatay dönüş hassasiyetini orta derecede azaltır.	Minskar känsligheten för horisontell svängning måttligt.		Улучшенная версия навыка\n"""Медленный поворот 1""".
skill_slow_turn_description2	Greatly decreases horizontal turning sensitivity.	左右移動がかなり遅くになる。	Reduce significativamente la sensibilidad de giro y de movimiento lateral.	Stärkste Reduzierung der Empfindlichkeit beim Lenken.		Riduce notevolmente la sensibilità orizzontale della svolta.	Reduz significativamente a velocidade horizontal.	El movimiento de lado a lado es mucho más lento.	Znacznie zmniejsza horyzontalną\nczułość skręcania.	大幅降低左右移動速度。	Yatay dönüş hassasiyetini oldukça azaltır.	Minskar känsligheten för horisontell svängning avsevärt.		Улучшенная версия навыка\n"""Медленный поворот 2""".
skill_quick_turn	Quick Turn	クイックターン	Giro Rápido	Schnelle Steuerung		Svolta Veloce	Virada Rápida	Giro rápido	Szybki Skręt	快速轉向	Hızlı Dönüş	Snabb Sväng		Быстрый поворот 1
skill_quick_turn1	Super Quick Turn	スーパークイックターン	Giro Súper Rápido	Super-Schnelle Steuerung		Super Svolta Veloce	Super Virada Rápida	Giro súper rápido	Super Szybki Skręt	超級快速轉向	Süper Hızlı Dönüş	Supersnabb Sväng		Быстрый поворот 2
skill_quick_turn2	Hyper Quick Turn	ハイパークイックターン	Giro Rápido Máximo	Hyper-Schnelle Steuerung		Iper Svolta Veloce	Hiper Virada Rápida	Giro híper rápido	Hiper Szybki Skręt	究極快速轉向	Hiper Hızlı Dönüş	Hypersnabb Sväng		Быстрый поворот 3
skill_quick_turn_description	Slightly increases horizontal turning sensitivity.	左右移動がちょっと速くになる。	Aumenta ligeramente la sensibilidad de giro\ny de movimiento lateral.	Leichte Erhöhung der Empfindlichkeit beim Lenken.		Aumenta un pochino la sensibilità orizzontale della svolta.	Aumenta levemente a velocidade horizontal.	El movimiento de lado a lado es ligeramente más rápido.	Lekko zwiększa horyzontalną\nczułość skręcania.	稍微提升左右移動速度。	Yatay dönüş hassasiyetini biraz arttırır.	Ökar känsligheten vid horisontell svängning något.		Слегка увеличивает чувствительность поворота.
skill_quick_turn_description1	Moderately increases horizontal turning sensitivity.	左右移動がほどほど速くになる。	Aumenta moderadamente la sensibilidad\nde giro y de movimiento lateral.	Moderate Erhöhung der Empfindlichkeit beim Lenken.		Aumenta moderatamente la sensibilità orizzontale della svolta.	Aumenta moderadamente a velocidade horizontal.	El movimiento de lado a lado es moderadamente más rápido.	Umiarkowanie zwiększa horyzontalną\nczułość skręcania.	適度提升左右移動速度。	Yatay dönüş hassasiyetini orta derecede arttırır.	Ökar känsligheten vid horisontell svängning måttligt.		Улучшенная версия навыка\n"""Быстрый поворот 1""".
skill_quick_turn_description2	Greatly increases horizontal turning sensitivity.	左右移動がかなり速くになる。	Aumenta significativamente la sensibilidad\nde giro y de movimiento lateral.	Stärkste Erhöhung der Empfindlichkeit beim Lenken.		Aumenta notevolmente la sensibilità orizzontale della svolta.	Aumenta significativamente a velocidade horizontal.	El movimiento de lado a lado es mucho más lento.	Znacznie zwiększa horyzontalną\nczułość skręcania.	大幅提升左右移動速度。	Yatay dönüş hassasiyetini oldukça arttırır.	Ökar känsligheten för horisontell svängning avsevärt.		Улучшенная версия навыка\n"""Быстрый поворот 2""".
skill_traction_up	Charger	チャージャー	Embestida	Raser		Acceleratore	Aceleração	Compresor	Taran	衝刺	Şarj	Laddare		Зарядка 1
skill_traction_up1	Turbo Charger	ターボチャージャー	Embestida Turbo	Turbo-Raser		Turbo Acceleratore	Aceleração Turbo	Turbocompresor	Turbo Taran	加速衝刺	Turbo Şarj	Turboladdare		Зарядка 2
skill_traction_up2	Rocket Charger	ロケットチャージャー	Embestida Cohete	Raketen-Raser		Acceleratore a Razzo	Aceleração Foguete	Compresor de cohete	Rakietowy Taran	火箭衝刺	Roket Şarj	Raketladdare		Зарядка 3
skill_traction_up3	Sub Rocket Charger	サブ　ロケットチャージャー	Sub Embestida Cohete	Sub-Raketen-Raser		Sub Acceleratore a Razzo	Sub Aceleração Foguete	Subcompresor de cohete	Sub-Rakietowy Taran	次火箭衝刺	Alt Roket Şarj	Sub Raketladdare		Зарядка 3 (альт.)
skill_traction_up_description	Slightly increases Sonic's acceleration.	加速率がちょっと上昇する。	Aumenta ligeramente la\naceleración de Sonic.	Leichte Erhöhung der Beschleunigung.		Aumenta un pochino l'accelerazione di Sonic.	Aumenta levemente a aceleração de Sonic.	La tasa de aceleración aumenta ligeramente.	Lekko zwiększa akceleracje Sonica.	稍微提升索尼克的加速度。	Sonic'in hızını biraz artırır.	Ökar Sonics acceleration något.		Увеличивает ускорение Соника.
skill_traction_up_description1	Moderately increases Sonic's acceleration.	加速率がほどほど上昇する。	Aumenta moderadamente la\naceleración de Sonic.	Moderate Erhöhung der Beschleunigung.		Aumenta moderatamente l'accelerazione di Sonic.	Aumenta moderadamente a aceleração de Sonic.	La tasa de aceleración aumenta moderadamente.	Umiarkowanie zwiększa akceleracje Sonica.	適度提升索尼克的加速度。	Sonic'in hızını orta düzeyde artırır.	Ökar Sonics acceleration måttligt.		Улучшенная версия навыка\n"""Зарядка 1""".
skill_traction_up_description2	Greatly increases Sonic's acceleration.	加速率がかなり上昇する。	Aumenta significativamente la\naceleración de Sonic.	Stärkste Erhöhung der Beschleunigung.		Aumenta notevolmente l'accelerazione di Sonic.	Aumenta significativamente a aceleração de Sonic.	La tasa de aceleración aumenta significativamente.	Znacznie zwiększa akceleracje Sonica.	大幅提升索尼克的加速度。	Sonic'in hızını oldukça artırır.	Ökar Sonics acceleration avsevärt.		Улучшенная версия навыка\n"""Зарядка 2""".
skill_traction_up_description3	Greatly increases Sonic's acceleration,\nbut also reduces defense.	加速率がかなり上昇するが\n防御力が低下する。	Aumenta en gran medida la aceleración\nde Sonic, pero reduce tu defensa.	Stärkste Erhöhung der Beschleunigung,\naber Abwehr nimmt ab.		Aumenta notevolmente l'accelerazione di Sonic,\na scapito della difesa.	Aumenta significativamente a aceleração\nde Sonic, mas também reduz a defesa.	La tasa de aceleración aumenta considerablemente,\npero la defensa disminuye.	Znacznie zwiększa akceleracje Sonica,\nale ogranicza jego obronę.	大幅提升索尼克的加速度，但防禦力降低。	Sonic'in hızını oldukça artırır,\nama savunmayı düşürür.	Ökar Sonics acceleration avsevärt,\nmen minskar även försvaret.		Увеличивает ускорение Соника,\nно значительно снижает защиту.
skill_turnaround_up	Hard Brake	ハードブレーキ	Freno de Mano	Harte Bremse		Freno a Mano	Frenagem Abrupta	Freno en seco	Mocny Hamulec	急煞	Sert Fren	Hård Broms		Резкое торможение
skill_turnaround_up_description	Allows for more effective braking.	ブレーキ入力で急停止できる。	Frena de forma más efectiva.	Erlaubt effektiveres Bremsen.		Permette di frenare più efficaciemente.	Freia de forma mais eficaz.	Permite detenerse rápidamente al frenar.	Umożliwia bardziej efektywne hamowanie.	煞停會立即停止移動。	Daha etkili frenleme sağlar.	Möjliggör effektivare bromsning.		Вы можете моментально остановиться.
skill_grind_up	Quick Grind	クイックグラインド	Montaje Acelerado	Zügiges Grinden		Ringhiere Accelerate	Montagem Rápida	Deslizamiento ágil	Zwinne Szynowanie	快速滑軌	Çabuk Kasma	Kvickglidning		Ускорение на рельсах 1
skill_grind_up1	Fast Grind	ファストグラインド	Montaje Veloz	Schnelles Grinden		Ringhiera Veloce	Montagem Veloz	Deslizamiento veloz	Szybkie Szynowanie	高速滑軌	Hızlı Kasma	Snabbglidning		Ускорение на рельсах 2
skill_grind_up2	Mach Grind	マッハグラインド	Montaje Mach	Mach Grinden		Ringhiera Mach	Montagem Sônica	Deslizamiento fugaz	Szyn. pręd. Dżwięku	急速滑軌	Hemen Kasma	Mach Glidning		Ускорение на рельсах 3
skill_grind_up3	Sub Mach Grind	サブ　マッハグラインド	Sub Montaje Mach	Sub-Mach Grinden		Sub Ringhiera Mach	Sub Montagem Sônica	Deslizamiento sub-fugaz	Sub-Szyn. pręd. Dżwięku	次急速滑軌	Alt Hemen Kasma	Sub Mach Glidning		Ускорение на рельсах 3 (альт.)
skill_grind_up_description	Slightly increases Grinding speed.	グラインドの速度がちょっと上昇する。	Aumenta ligeramente la velocidad\nde deslizamiento en raíles.	Leichte Erhöhung der Geschwindigkeit am Anfang des Rail-Grindens.		Aumenta leggermente la velocità quando sali su un ringhiera.	Aumenta levemente a velocidade inicial ao deslizar em trilhos.	La velocidad al deslizarse en rieles aumenta ligeramente.	Lekko zwiększa prędkość\npoczątkową Szynowania.	稍微提升滑軌的起始速度。	Başlangıçta kasma hızını biraz artırır.	Ökar Glidningshastigheten något.		Увеличивает дистанцию ускорения\nпри скольжении по рельсам.
skill_grind_up_description1	Moderately increases Grinding speed.	グラインドの速度がほどほど上昇する。	Aumenta moderadamente la velocidad\nde deslizamiento en raíles.	Moderate Erhöhung der Geschwindigkeit am Anfang des Rail-Grindens.		Aumenta moderatamente la velocità quando sali su un ringhiera.	Aumenta moderadamente a velocidade inicial ao deslizar em trilhos.	La velocidad al deslizarse en rieles aumenta moderadamente.	Umiarkowanie zwiększa prędkość\npoczątkową Szynowania.	適度提升滑軌的起始速度。	Başlangıçta kasma hızını orta derecede artırır.	Ökar Glidningshastigheten måttligt.		Улучшенная версия навыка\n"""Ускорение на рельсах 1""".
skill_grind_up_description2	Greatly increases Grinding speed.	グラインドの速度がかなり上昇する。	Aumenta en gran medida la velocidad\nde deslizamiento en raíles.	Stärkste Erhöhung der Geschwindigkeit am Anfang des Rail-Grindens.		Aumenta notevolmente la velocità quando sali su un ringhiera.	Aumenta significativamente a velocidade inicial ao deslizar em trilhos.	La velocidad al deslizarse en rieles aumenta significativamente.	Znacznie zwiększa prędkość\npoczątkową Szynowania.	大幅提升滑軌的起始速度。	Başlangıçta kasma hızını oldukça artırır.	Ökar Glidningshastigheten avsevärt.		Улучшенная версия навыка\n"""Ускорение на рельсах 2""".
skill_grind_up_description3	Automatically performs Grind Shuffles,\nbut consumes rings in the process.	自動的にグラインドシャッフルを実行するが\n発動中　リングをに消費する。	Realizas Trucos en Raíl automáticamente\npero consume Anillos al hacerlo.	Automatisiert Grind-Shufflen, aber Ringe reduzieren sich dabei.		Fà automaticamente l'Azione sulla Ringhiera,\nma consuma degi anelli nel mentre.	Faz Truques em Trilhos automaticamente,\nporém consome aneis no processo.	Realizarás trucos en los rieles automáticamente,\npero gastarás Anillos en el proceso	Automatycznie wykonuje Przeplatanie Szynowe,\nale konsumuje pierścienie.	自動進行踏軌加速\n，但會在過程中消耗金環。	Kasma işlemini otomatik olarak gerçekleştirir, ancak bu süreçte yüzükleri tüketir.	Utför automatiskt Glidblandning,\nmen förbrukar ringar i processen.		Увеличивает дистанцию ускорения\nна рельсах, но за счёт расхода колец.
skill_all_rounder	All Rounder	オールラウンダー	Todoterreno	Allrounder		Tuttofare	Adaptabilidade	Todoterreno	Wszechstronny	全能跑手	Çok Yönlü	Allroundare		Вездеход
skill_all_rounder_description	Reduces speed loss caused\nby rugged terrain.	移動速度が遅くなる地形で\n減速率が低下する。	Reduce la pérdida de velocidad\nen terrenos escabrosos.	Reduziert Geschwindigkeitsverlust\nauf schroffem Terrain.		Riduce la velocità persa dal\nterreno ripido.	Reduz a perda de velocidade\nem terrenos ásperos.	La tasa de desaceleración en terrenos\nque reducen la velocidad es menor.	Zmniejsza utratę prędkości\nna nierównym terenie.	降低因遲緩地形造成之減速率。	Engebeli araziden kaynaklanan\nhız kaybını azaltır.	Minskar hastighetsförlust orsakad\nav oländig terräng.		Уменьшает темп снижения скорости\nв местах, которые вас замедляют.
skill_pearl_range	Pearl Collector	パールコレクター	Colecctionista de Perlas	Peerlensammler		Collezionista di perle	Colecionador de Pérolas	Coleccionista de Perlas	Kolekcjoner Pereł	魂珠收集者	İnci Toplayıcı	Pärlsamlare		Коллекционер жемчужин
skill_pearl_range_description	Attracts nearby Pearls.	近くにあるパールを吸い寄せて回収する。	Atrae las Perlas cercanas.	Zieht Peerlen in der Nähe an.		Attrae Perle vicine.	Atrai Pérolas próximas.	Atrae y recoge las Perlas cercanas.	Przyciąga pobliskie Perły.	吸引周圍之魂珠。	Yakındaki İncileri çeker.	Lockar till sig närliggande Pärlor.		Притягивает находящиеся поблизости жемчужины.
skill_pearl_respawn	Soul Resurrection	ソウルリザレクション	Resurrección del Alma	Seelenauferstehung		Risurrezione dell'Anima	Ressureição da Alma	Alma resurrectiva	Wskrzeszenie Duszy	靈魂再生	Ruh Dirilişi	Själuppståndelse		Возрождение
skill_pearl_respawn_description	Uses the Soul Gauge\nto revive when defeated.	ソウルゲージを消費することで\n死亡時に復活することができる。	Gasta tu Barra de Almas para revivir\ncuando te derroten.	Benutzt die Soul Gauge, um dich\nnach einer Niederlage wiederzubeleben.		Usa la Barra dell'Anima\nper risuscitarti quando sei sconfitto.	Usa a Barra Espiritual para\nreviver após ser derrotado.	El medidor de almas puede consumirse para revivir.	Używa Pasek Dusz do\nodrodzenia się po śmierci.	被打倒時，消耗魂力量表復活。	Yenildiğinde canlanmak için\nRuh Ölçeri'ni kullanır.	Använder Själmätaren\nför att återupplivas när du är besegrad.		Вы сможете возродиться после смерти\nза счёт расхода шкалы души.
skill_pearl_damage	Soul Armor	ソウルアーマー	Armadura Ánima	Seelenrüstung		Armatura dell'Anima	Armadura Espiritual	Armadura del alma	Pancerz Duszy	靈魂護甲	Ruh Zırhı	Själsrustning		Духовная броня
skill_pearl_damage1	Sub Soul Armor	サブ　ソウルアーマー	Sub Armadura Ánima	Sub-Seelenrüstung		Sub Armatura dell'Anima	Sub-Armadura Espiritual	Sub-armadura del alma	Sub-Pancerz Duszy	次靈魂護甲	Alt Ruh Zırhı	Sub Själsrustning		Духовная броня (альт.)
skill_pearl_damage_description	Reduces Soul Power loss when damaged.	ダメージ時にマイナスされるソウルが減少する。	Reduce la pérdida de Poder de Almas\nal recibir daños.	Reduziert den Verlust der Soul Gauge,\nsobald man Schaden erleidet.		Riduce il Potere dell'Anima perso quando vieni colpito.	Reduz a perda de Poder Espiritual\nao receber dano.	Reduce el número de almas que se pierden al recibir daño.	Zmniejsza utratę Mocy Dusz po odniesieniu obrażeń.	降低因受傷失去的魂力。	Hasar gördüğünde Ruh Gücü kaybını azaltır.	Minskar förlust av Själskraft vid skada.		Уменьшает количество душ,\nтеряемых при получении урона.
skill_pearl_damage_description1	Greatly reduces Soul Power loss when damaged, but also reduces defense.	ダメージ時にマイナスされるソウルが\nかなり減少するが防御力が低下する。	Reduce la pérdida de Poder de Almas\n por daños, pero también tu defensa.	Reduziert den Verlust der Soul Gauge,\nsobald man Schaden erleidet, aber Abwehr nimmt ab.		Riduce notevolmente il Potere dell'Anima perso\nquando vieni colpito, a scapito della difesa.	Reduz bastante a perda de Poder Espiritual\nao receber dano, mas também reduz a defesa.	Reduce el número de almas que se pierden al\nrecibir daño, pero disminuye la defensa.	Znacznie zmniejsza utratę Mocy Dusz po\nodniesieniu obrażeń, ale ogranicza obronę.	大幅降低因受傷失去的魂力，但防禦力降低。	Hasar gördüğünde Ruh Gücü kaybını azaltır, ama savunmayı düşürür.	Minskar kraftigt förlusten av Själskraft vid skada, men minskar även försvaret.		Уменьшает количество душ, теряемых\nпри уроне, но снижает защиту.
skill_ring_loss_convert	Soul Barrier	ソウルバリア	Barrera Ánima	Soul Barriere		Barriera dell'Anima	Barreira Espiritual	Escudo del alma	Bariera Duszy	魂力屏障	Ruh Bariyeri	Själsbarriär		Духовный барьер
skill_ring_loss_convert1	Sub Soul Barrier	サブ　ソウルバリア	Sub Barrera Ánima	Sub-Soul Barriere		Sub Barriera dell'Anima	Sub Barreira Espiritual	Sub-escudo del alma	Sub-Bariera Duszy	次魂力屏障	Alt Ruh Bariyeri	Sub Själsbarriär		Духовный барьер (альт.)
skill_ring_loss_convert_description	Increases Soul Power\nwhen losing rings.	リングが減った時に\nソウルゲージが上昇する。	Obtén Poder de Almas\nal perder anillos.	Erhöht die Soul Gauge, wenn man Ringe verliert.		Aumenta il Potere dell'Anima\nquando perdi anelli.	Obtém Poder Espiritual\nao perder anéis.	Aumenta el medidor de almas cuando pierdes Anillos.	Zwiększa Moc Dusz\nprzy utracie pierścieni.	損失金環時，增加魂力。	Yüzük kaybedildiğinde\nRuh Gücünü artırır.	Ökar Själskraften\nvid förlust av ringar.		Пополняет шкалу души при потере колец.
skill_ring_loss_convert_description1	Greatly increases Soul Power when losing rings, but also reduces defense.	リングが減った時にソウルゲージが\nかなり上昇するが防御力が低下する。	Obtén mucho Poder de Almas al\nperder anillos, pero reduce tu defensa.	Erhöht die Soul Gauge, wenn man Ringe verliert,\naber Abwehr nimmt ab.		Aumenta notevolmente il Potere dell'Anima\nquando perdi anelli, a scapito della difesa.	Obtém bastante Poder Espiritual ao\nperder anéis, porém perde defesa.	Aumenta el medidor de almas cuando pierdes Anillos,\npero disminuye la defensa.	Znacznie zwiększa Moc Dusz przy utracie pierścieni, ale ogranicza obronę.	損失金環時，大幅增加魂力，但防禦力降低。	Yüzük kaybedildiğinde Ruh Gücünü artırır ama savunmayı düşürür.	Ökar Själskraften avsevärt när man förlorar ringar, men minskar även försvaret.		Пополняет шкалу души при потере\nколец, но значительно снижает защиту.
skill_ring_pearl_convert	Ring Exchange	リングエクスチェンジ	Intercambio de Anillos	Ringaustausch		Scambio di Anelli.	Troca de Anéis	Intercambio de Anillos	Wymiana Pierścieni	金環交換	Yüzük Değişimi	Ringbyte		Обмен колец
skill_ring_pearl_convert_description	Counts each Ring collected as 2 pearls.	リング獲得の時\nパール2個分として換算される。	Obtén dos perlas por\ncada Anillo que recojas.	Zählt jeden aufgesammelten Ring als 2 Peerlen.		Ogni Anello collezionato verrà trasformato in 2 perle.	Para cada anel coletado, você recebe 2 pérolas.	Al conseguir un Anillo, se convierte en 2 Perlas.	Liczy każdy zebrany Pierścień jako 2 perły.	將每個獲得的金環換算成兩顆魂珠。	Toplanan her Yüzüğü 2 inci olarak sayar.	Räknas varje insamlad Ring som 2 pärlor.		Каждое получаемое кольцо\nпереводится в две жемчужины.
skill_ring_range	Ring Collector	リングコレクター	Coleccionista de Anillos	Ringsammler		Collezionatore di Anelli	Colecionador de Anéis	Coleccionista de Anillos	Kolekcjoner Pierścieni	金環蒐集者	Yüzük Toplayıcı	Ringsamlare		Коллекционер колец
skill_ring_range_description	Attracts nearby Rings.	近くにあるリングを吸い寄せて回収する。	Atrae los Anillos cercanos.	Zieht Ringe in der Nähe an.		Attrae Anelli vicini.	Atrai anéis próximos.	Atrae y recoge los Anillos cercanos.	Przyciąga pobliskie Pierścienie.	吸引附近的金環。	Yakındaki Yüzükleri çeker.	Lockar till sig närliggande Ringar.		Притягивает находящиеся поблизости кольца.
skill_ring_spawn	Ring Bonus	リングボーナス	Bonificación de Anillos	Ring-Bonus		Bonus di Anelli	Bônus de Anéis	Bonus por Anillos	Bonus Pierścieni	額外金環	Yüzük Bonusu	Ringbonus		Стартовые кольца
skill_ring_spawn_description	Grants additional rings\nwhen starting a stage.	ミッション開始時の所持\nリング個数が増加する。	Comienza el nivel con algunos anillos.	Startet ein Level mit zusätzlichen Ringe.		Concede Anelli in più quando\nriprovi un livello.	Concede anéis adicionais ao iniciar uma fase.	Comenzarás con Anillos las misiones.	Przyznaje dodatkowe pierścienie\nwraz z rozpoczęciem etapu.	任務開始時，增加持有的金環數量。	Bir bölüme başlandığında\nek yüzükler sağlar.	Ger ytterligare ringar\nnär en etapp påbörjas.		Даёт дополнительные кольца при старте уровня.
skill_ring_respawn	Power Restart	パワーリスタート	Retorno Poderoso	Power-Neustart		Ripresa Potente	Ressurreição Poderosa	Reinicio empoderado	Restart Mocy	再來金環	Gücü Yeniden Başlatma	Kraftomstart		Кольца при возрождении
skill_ring_respawn_description	Grants additional Rings when\nrestarting after being defeated.	死亡から復活の時\n所持リング個数が増加する。	Obtén algunos anillos\ncuando reaparezcas.	Starte mit zusätzlichen Ringe\nnach Niederlage.		Concede Anelli in più quando\nriprovi dopo essere stato sconfitto.	Concede anéis adicionais ao renascer.	Comenzarás con Anillos al revivir.	Przyznaje dodatkowe pierścienie\npo odrodzeniu się.	被打倒並復活後，增加持有的金環數量。	Yenildikten sonra yeniden\nbaşlatıldığında ek Yüzükler verir.	Ger ytterligare ringar vid\nomstart efter att ha blivit besegrad.		Даёт дополнительные кольца\nпри возрождении после смерти.
skill_ring_damage	Ring Saver	リングセーバー	Protector de Anillos	Ring-Retter		Risparmiatore di Anelli	Salva-Anéis	Salva-Anillos	Pierścienio-oszczędny	小氣金環	Yüzük Kurtarıcı	Ringsparare		Сохранение колец
skill_ring_damage_description	Reduces the number of rings lost\nwhen damage is taken.	ダメージをうけた時にマイナスされる\nリングの個数が減少する。	Reduce el número de anillos\nsubstraído al sufrir daños.	Reduziert die Anzahl an\nverloreren Ringen wenn man Schaden erleidet.		Riduce il numero di anelli perduti\nquando prendi danno.	Reduz o número de anéis perdidos ao receber dano.	Reduce el número de Anillos\nque se pierden al recibir daño.	Zmniejsza liczbę utraconych\npierścieni po otrzymaniu obrażeń.	降低受傷時失去的金環數量。	Hasar alındığında kaybedilen\nyüzük sayısını azaltır.	Minskar antalet förlorade ringar\nnär skada uppstår.		Уменьшает количество колец,\nтеряемых при получении урона.
skill_slide_attack	Volcano Slider	ボルカノンスライダー	Deslizamiento Volcán	Vulkan-Gleiter		Slittamento Vulcanico	Deslizamento Vulcânico	Derrape vulcano	Wulkaniczny Ślizgacz	火山滑行	Volkan Kaydııcı	Vulkanreglage		Атакующее скольжение
skill_slide_attack_description	Grants attack power while sliding.	スライディング中に攻撃力が追加される。	Daña a los enemigos al deslizarte.	Verleiht Angriffskräfte beim Rutschen.		Aumenta il potere d'attacco quando slitti.	Concede poder de ataque ao deslizar.	Mayor potencia de ataque mientras te deslizas.	Zwiększa siłę ataku podczas ślizgania.	滑行追加攻擊力。	Kayarken saldırı gücünü arttırır.	Ger attackkraft medan man glider.		При скольжении вы сможете наносить урон.
skill_slide_defense	Aegis Slider	イージススライダー	Deslizamiento Égida	Aegis-Gleiter		Slittamento Egida	Deslizamento Égide	Derrape de égida	Egidzki Ślizgacz	護盾滑行	Kalkan Kaydırıcı	Egidreglage		Защитное скольжение
skill_slide_defense_description	Grants damage immunity\nwhile sliding.	スライディング中に防衛力が追加される。	Recibe inmunidad al daño\nal deslizarte.	Verleiht Unverwundbarkeit\nbeim Rutschen.		Aumenta la difesa di slittamento.	Concede imunidade a danos ao deslizar.	Defensa adicional mientras te deslizas.	Zwiększa obronę podczas ślizgania.	滑行追加防禦力。	Kayarken savunma gücünü arttırır.	Ger immunitet mot skador\nmedan du glider.		При скольжении повышается ваша защита.
skill_slide_exp	Soul Slider	ソウルスライダー	Deslizamiento Ánima	Seelen-Gleiter		Slittamento dell'Anima	Deslizamento Etéreo	Derrape del alma	Duchowy Ślizgacz	靈魂滑行	Ruh Kaydırıcı	Själsreglage		Скольжение с получением опыта
skill_slide_exp_description	Increases EXP when sliding.	スライディング中に徐々に経験値を\n獲得できる。	Aumenta la EXP obtenida\nal deslizarte.	Erhöht EP beim Rutschen.		Aumenta i PE quando slitti.	Aumenta a EXP ao deslizar.	Ganas gradualmente experiencia mientras te deslizas.	Zwiększa PD podczas ślizgania.	滑行會逐漸獲得EXP	Kayarken EXP'yi arttırır.	Ökar EXP vid glidning.		При скольжении вы сможете постепенно\nзарабатывать очки опыта.
skill_slide_distance	Skimmer	スキマー	Sobrevuelo	Schlittern		Scivolatore	Deslizante	Jabonoso	Przebieżnik	打水漂石	Kayıcı	Skimmer		Ускоренное скольжение 1
skill_slide_distance1	Super Skimmer	スーパースキマー	Sobrevuelo Veloz	Super-Schlittern		Super Scivolatore	Super Deslizante	Súper jabonoso	Super Przebieżnik	超級打水漂石	Süper Kayıcı	Superskimmer		Ускоренное скольжение 2
skill_slide_distance2	Hyper Skimmer	ハイパースキマー	Sobrevuelo Máximo	Hyper-Schlittern		Iper Scivolatore	Hiper Deslizante	Híper jabonoso	Hiper Przebieżnik	究極打水漂石	Hiper Kayıcı	Hyperskimmer		Ускоренное скольжение 3
skill_slide_distance_description	Slightly reduces the amount of\nspeed lost when sliding.	スライディング中の減速率が\nちょっと低下する。	Reduce ligeramente la pérdida\nde velocidad al deslizarte.	Leichte Verringerung der\nVerlangsamung beim Rutschen.		Riduce leggermente la perdità\ndi velocità quando slitti.	Reduz levemente a perda de\nvelocidade ao deslizar.	La velocidad que pierdes al derraparte\nse reduce ligeramente.	Lekko zmniejsza utratę\nprędkości podczas ślizgania.	稍微降低因為滑行造成的減速率。	Kayarken kaybedilen hızı\nbiraz azaltır.	Minskar hastighetsförlusten\nnågot vid glidning.		Во время скольжения скорость\nбудет снижаться медленнее.
skill_slide_distance_description1	Moderately reduces the amount of\nspeed lost when sliding.	スライディング中の減速率が\nほどほど低下する。	Reduce moderadamente la pérdida\nde velocidad al deslizarte.	Moderate Verringerung der\nVerlangsamung beim Rutschen.		Riduce moderatamente la perdità\ndi velocità quando slitti.	Reduz moderadamente a perda de\nvelocidade ao deslizar.	La velocidad que pierdes al derraparte\nse reduce moderadamente.	Umiarkowanie zmniejsza utratę\nprędkości podczas ślizgania.	適度降低因為滑行造成的減速率。	Kayarken kaybedilen hızı\norta derece azaltır.	Minskar hastighetsförlusten\nmåttligt vid glidning.		Улучшенная версия навыка\n"""Ускоренное скольжение 1""".
skill_slide_distance_description2	Greatly reduces the amount of\nspeed lost when sliding.	スライディング中の減速率が\nかなり低下する。	Reduce significativamente la\npérdida de velocidad al deslizarte.	Stärkste Verringerung der\nVerlangsamung beim Rutschen.		Riduce notevolmente la perdità\ndi velocità quando slitti.	Reduz significativamente a perda de\nvelocidade ao deslizar.	La velocidad que pierdes al derraparte\nse reduce considerablemente.	Znacznie zmniejsza utratę\nprędkości podczas ślizgania.	大幅降低因為滑行造成的減速率。	Kayarken kaybedilen hızı\noldukça azaltır.	Minskar hastighetsförlusten\navsevärt vid glidning.		Улучшенная версия навыка\n"""Ускоренное скольжение 2""".
skill_stomp_dash	Cancel Dash	キャンセルダッシュ	Pisotón Propulsor	Abbruch-Schub		Caduta a Propulsore	Cancelamento Impulsivo	Arranque tras cancelar	Anulowany Pęd	衝刺取消	Atılma İptali	Avbryt Rusning		Ускорение после отмены
skill_stomp_dash_description	Provides a speed boost when\nlanding after a Jump Cancel.	ジャンプキャンセルで着地時に\n初速があがる。	Obtén un acelerón en el suelo\ntras usar la Caída Rápida.	Erhalte einen Geschwindigkeitsschub,\nnach dem Landen mittels Sprung-Abbruch.		Fornisce un aumento di velocità quando\natterì da un Annulla Salto.	Fornece um impulso ao\naterrissar após cancelar um pulo.	Al aterrizar tras cancelar un salto,\nla velocidad inicial aumenta.	Zapewnia przyśpieszenie po\nAnulowanym Skoku.	在跳躍取消著地時加速。	Atlama İptali sonrasında iniş\nyapıldığında hız artışı sağlar.	Ger en hastighetsökning vid\nlandning efter ett hoppavbrott.		Увеличивает начальную скорость\nпри приземлении после отмены прыжка.
skill_stomp_exp	Cancel Absorber	キャンセルアブソーバー	Pisotón Absorbente	Abbruch-Absorber		Caduta Assorbente	Cancelamento Experiente	Absorber tras cancelar	Anulowany Pochłaniacz	取消吸收	Emici İptali	Avbryt Absorberare		Опыт после отмены
skill_stomp_exp_description	Increases EXP gained when\nlanding after a Jump Cancel.	ジャンプキャンセルで着地時に\n経験値を獲得できる。	Aumenta la EXP obtenida\ntras usar la Caída Rápida.	Erhöht EP, nach Landen mittels Sprung-Abbruch.		Aumenta i PE ottenuti quando\natterì da un Annulla Salto.	Aumenta a EXP obtido\nao cancelar um pulo.	Al aterrizar tras cancelar un salto, ganas experiencia.	Zwiększa PD zdobyte po Anulowanym Skoku.	在跳躍取消著地時獲得EXP。	Atlama İptali sonrasında iniş\nyapıldığında kazanılan EXP'yi arttırır.	Ökar EXP som uppnås vid\nlandning efter ett hoppavbrott.		Вы сможете зарабатывать очки опыта\nпри приземлении после отмены прыжка.
skill_stomp_attack	Fire Gaze	ファイヤーゲイズ	Mirada Ardiente	Feuerblick		Caduta Infuocata	Olhar Ardente	Mirada de fuego	Ogniste Spojrzenie	火焰凝視	Ateş Bakışı	Eldblick		Огненный взор
skill_stomp_attack_description	Grants attack power when\nperforming a Jump Cancel.	ジャンプキャンセル中に\n攻撃力が追加される。	Daña a los enemigos al usar\nla Caída Rápida.	Verleiht Angriffskräfte mittels Sprung-Abbruch.		Aumento il potere d'attacco quando\nusi un Annulla Salto.	Concede poder de ataque\napós cancelar um pulo.	Al aterrizar tras cancelar un salto,\ntu poder de ataque aumenta.	Zwiększa siłę ataku podczas wykonywania\nAnulowanego Skoku.	跳躍取消追加攻擊力。	Zıplama İptali gerçekleştirildiğinde\nsaldırı gücünü artırır.	Ger attackkraft vid\nutförande av ett hoppavbrytande.		Отмена прыжка станет наносить урон.
skill_stomp_bounce	Bound Jump	バウンドジャンプ	Rebote	Abprall-Sprung		Salto Rimbalzante	Pulo Rebote	Salto rebotador	Odbijalny Skok	彈跳跳躍	Bağlı Atlama	Bundet Hopp		Отскок
skill_stomp_bounce_description	Hold the Action Button to rebound\nwhen landing on the ground.		Mantén presionado Acción Especial en\nel aire para rebotar cuando aterrices.	Halte den Action-Knopf gedrückt, um vom Boden abzuprallen.		Tieni premuto il Tasto Azione per rimbalzare\nmentre stai atterrando sul pavimento.	Segure o Botão de Ação para quicar ao aterrissar.	Presiona el botón de acción para rebotar tras aterrizar.	Przytrzymaj Przycisk Akcji aby\nodbić się po wylądowaniu na ziemię.	落地時，按住動作鍵即可反彈。	Yere indiğinde geri sekme yapmak\niçin Eylem Düğmesini basılı tut.	Håll in Handlingsknappen för att studsa tillbaka\nnär du landar på marken.		Удерживайте кнопку действия, чтобы отскочить\nпри приземлении на землю.
skill_accel_jump_attack	Fire Tackle	ファイヤータックル	Acometida Ardiente	Feuertackle		Affronto di Fuoco	Investida Ardente	Tacleada de fuego	Ogniste Powalenie	火焰撞擊	Alev Hücumu	Eldtackling		Охват огнём
skill_accel_jump_attack1	Sub Fire Tackle	サブ　ファイヤータックル	Sub Acometida Ardiente	Sub-Feuertackle		Sub Affronto di Fuoco	Sub Investida Ardente	Sub-tacleada de fuego	Sub-Ogniste Powalenie	次火焰撞擊	Alt Alev Hücumu	Sub Eldtackling		Охват огнём (альт.)
skill_accel_jump_attack_description	Grants attack power when\nperforming a Short Jump.	小ジャンプ中に攻撃力が追加される。	Daña a los enemigos al\nrealizar un Brinco.	Verleiht Angriffskräfte mittels Beschleunigungssprung.		Aumenta il potere d'attacco quando\nusi un Salto Acceleratorio.	Concede poder de ataque ao\nrealizar um Pulo Curto.	El poder de ataque aumenta al dar brinquitos.	Zwiększa siłę ataku podczas\nwykonywania Krótkiego Skoku.	短跳追加攻擊力。	Hızlanma Zıplaması yapıldığında\nsaldırı gücünü artırır.	Ger attackkraft vid\nutförande av ett Kort Hopp.		Короткие прыжки станут наносить урон.
skill_accel_jump_attack_description1	Grants attack power when performing a Short Jump, but also reduces defense.	小ジャンプ中に攻撃力が追加されるが\n防御力が低下する。	Daña a los enemigos al realizar\nun Brinco, pero reduce tu defensa.	Verleiht Angriffskräfte mittels Beschleunigungssprung, reduziert jedoch Verteidigung.		Aumenta il potere d'attacco quando\nusi un Salto Acceleratorio, a scapito della difesa.	Concede poder de ataque ao realizar\num Pulo Curto, mas também reduz a defesa.	El poder de ataque aumenta al dar brinquitos, pero disminuye la defensa.	Zwiększa siłę ataku podczas wykonywania\nSkoku Akceleracyjnego, ale ogranicza obronę.	短跳追加攻擊力，但防禦力降低。	Hızlanma Zıplaması yapıldığında saldırı gücünü artırır, ama savunmayı düşürür.	Ger attackkraft vid utförande av ett Kort Hopp, men minskar även försvar.		Короткие прыжки станут наносить урон,\nно ценой снижения защиты.
skill_spin_jump	Spin Jump	スピンジャンプ	Salto Rotatorio	Spin-Attack		Salto Roteante	Pulo Giratório	Salto giratorio	Obrotowy Skok	旋轉跳躍	Dönme Zıplama	Snurr Hopp		Кручёный прыжок
skill_spin_jump_description	Grants attack power when jumping into enemies.	ジャンプ中に\n攻撃力が追加される。	Daña a los enemigos al\nsaltar sobre ellos.	Erlaubt es Gegner durch Springen zu attackieren.		Aumenta il potere d'attacco quando salti sui nemici.	Concede poder de ataque ao saltar em inimigos.	El poder de ataque aumenta cuando saltas.	Zwiększa siłę ataku podczas skakania na przeciwników.	跳躍增加攻擊力。	Düşmanlara atlarken saldırı gücünü arttırır.	Ger attackkraft när du hoppar in i fiender.		Увеличивает силу атаки при прыжке на врагов.
skill_armor_jump	Armored Jump	アーマージャンプ	Salto Blindado	Gerüsteter Sprung		Salto Blindato	Pulo Blindado	Salto con armadura	Uzbrojony Skok	鎧甲跳躍	Zırhlı Zıplama	Pansarhopp		Защитный прыжок
skill_armor_jump_description	Increases defense when jumping into enemies.	ジャンプ中に\n防御力が追加される。	Aumenta tu defensa al saltar\nsobre enemigos.	Steigert Abwehr während man in Gegner hineinspringt.		Aumenta la difesa quando salti sui nemici.	Aumenta a defesa ao pular em inimigos.	La defensa aumenta cuando saltas.	Zwiększa obronę podczas skakania na przeciwników.	跳躍增加防禦力。	Düşmanlara atlarken savunmayı arttırır.	Ökar försvaret när du hoppar in i fiender.		Повышает защиту при прыжке на врагов.
skill_double_jump	Double Jump	ダブルジャンプ	Doble Salto	Doppelsprung		Doppio Salto	Pulo Duplo	Salto doble	Podwójny Skok	二段跳	Çift Zıplama	Dubbelhopp		Двойной прыжок
skill_double_jump_description	Provides an extra jump when in the air.	空にいる時に\n追加ジャンプを可能にする。	Obtén un salto extra en el aire.	Stellt einen Extra-Sprung in der Luft zur Verfügung.		Ti garantisce un salto in più in aria.	Permite que Sonic pule duas vezes.	Permite un salto adicional en el aire.	Pozwala na dodatkowy skok w powietrzu.	置空時能再次跳躍。	Havadayken bir kere daha zıplayabilirsin.	Ger ett extra hopp i luften.		Даёт дополнительный прыжок в воздухе.
skill_backstep_attack	Fire Step	ファイヤーステップ	Paso Ígneo	Feuerschritt		Passo Infuocato	Esquiva Ardente	Paso de fuego	Ognisty Krok	火焰跨步	Ateşli Adım	Eldsteg		Огненный прыжок назад
skill_backstep_attack_description	Grants attack power when\nperforming a Backflip.	バックステップに攻撃力が追加される。	Daña a los enemigos al realizar\nla Voltereta hacia Atrás.	Erlaubt Angriff-Stärke, während ein Rückwärtssalto eingesetzt wird.		Aumenta il potere d'attacco quando\nesegui una capriola.	Concede poder de ataque ao realizar a Esquiva	Otorga poder de ataque al dar pasos hacía atrás.	Zwiększa siłę ataku podczas\nwykonywania Przewrotu w Tył.	後空翻追加攻擊力。	Geri takla atıldığında\nsaldırı gücü artar.	Ger attackkraft vid\nutförande av en Bakåtvolt.		Прыжок назад сможет наносить урон.
skill_land_dash	Landing Dash	ランディングダッシュ	Aterrizaje Acelerante	Landungsschub		Slancio d'Atterraggiò	Impulso de Aterrissagem	Aterrizaje con arranque	Przyśpieszające Lądowanie	著地衝刺	İniş Atılması	Landningsrusning		Ускорение при приземлении
skill_land_dash_description	Provides a speed boost when landing.	着地した時に初速があがる。	Recibe un acelerón al entrar\nen contacto con el suelo.	Gibt Sonic einen Geschwindigkeitsschub beim Landen.		Fornisce un aumento di velocità quando atterrì.	Recebe um impulso após aterrissar.	La velocidad inicial aumenta al aterrizar.	Zapewnia przyśpieszenie podczas lądowania.	著地時加速。	İniş sırasında hız artışı sağlar.	Ger en hastighetsökning vid landning.		Увеличивает начальную скорость при приземлении.
skill_land_soul	Soul Absorber	ソウルアブソーバー	Absorción de Almas	Seelen-Absorber		Assorbitore dell'Anima	Absorção Espiritual	Absorbe almas	Pochłaniacz Dusz	魂力吸收者	Ruh Emici	Själsabsorberare		Поглотитель души 1
skill_land_soul1	Soul Assimilator	ソウルセモレイター	Asimilación de Almas	Seelen-Assimilator		Assimilatore dell'Anima	Assimilador Espiritual	Asimila almas	Asymilator Dusz	魂力同化者	Ruh Özümseyici	Själsassimilator		Поглотитель души 2
skill_land_soul2	Soul Devourer	ソウルディヴァウワー	Devorador de Almas	Seelen-Verschlinger		Divoratore dell'Anima	Devorador Espiritual	Devora almas	Pożeracz Dusz	魂力吞噬者	Ruh Yiyici	Själsförtärare		Поглотитель души 3
skill_land_soul3	Sub Soul Devourer	サブ　ソウルディヴァウワー	Sub Devorador de Almas	Sub-Seelen-Verschlinger		Sub Divoratore dell'Anima	Sub Devorador Espiritual	Demi-devora almas	Sub-Pożeracz Dusz	次魂力吞噬者	Alt Ruh Yiyici	Sub Själsförtärare		Поглотитель души 3 (альт.)
skill_land_soul_description	Slightly increases the Soul Gauge\nwhen landing.	着地した時にソウルゲージがちょっと上昇する。	Llena un poco la Barra de Almas\nal aterrizar de un salto.	Leichte Erhöhung der Soul Gauge,\nbeim Landen.		Aumenta leggermente l'Indicatore dell'Anima\nquando atterrì.	Enche levemente a Barra Espiritual ao aterrissar.	El medidor de almas aumenta ligeramente al aterrizar.	Lekko zwiększa Pasek Dusz\npodczas lądowania.	著地時稍微增加魂力量表。	İniş sırasında biraz\nhız artışı sağlar.	Ökar Själsmätaren något\nvid landning.		Пополняет шкалу души при приземлении.
skill_land_soul_description1	Moderately increases the Soul Gauge\nwhen landing.	着地した時にソウルゲージがほどほど上昇する。	Llena moderadamente la Barra de\nAlmas al aterrizar de un salto.	Moderate Erhöhung der Soul Gauge,\nbeim Landen.		Aumenta moderatamente l'Indicatore dell'Anima\nquando atterrì.	Enche moderadamente a Barra Espiritual ao aterrissar.	El medidor de almas aumenta moderadamente al aterrizar.	Umiarkowanie zwiększa Pasek Dusz\npodczas lądowania.	著地時適度增加魂力量表。	İniş sırasında orta\nderece hız artışı sağlar.	Ökar Själsmätaren måttligt\nvid landning.		Улучшенная версия навыка\n"""Поглотитель души 1""".
skill_land_soul_description2	Greatly increases the Soul Gauge\nwhen landing.	着地した時にソウルゲージがかなり上昇する。	Llena bastante la Barra de Almas\nal aterrizar de un salto.	Große Erhöhung der Soul Gauge,\nbeim Landen.		Aumenta notevolmente l'Indicatore dell'Anima\nquando atterrì.	Enche significativamente a Barra Espiritual ao aterrissar.	El medidor de almas aumenta considerablemente al aterrizar.	Dużo zwiększa Pasek Dusz\npodczas lądowania.	著地時大幅增加魂力量表。	İniş sırasında oldukça\nhız artışı sağlar.	Ökar Själsmätaren avsevärt\nvid landning.		Улучшенная версия навыка\n"""Поглотитель души 2""".
skill_land_soul_description3	Significantly increases the Soul Gauge when landing, but consumes rings.	着地した時にソウルゲージがかなり上昇するが\nリングを消費する。	Llena significativamente la Barra de\nAlmas al aterrizar de un salto.	Deutliche Erhöhung der Soul Gauge,\nbeim Landen, aber Ringe reduzieren sich dabei.		Aumenta in modo signoficativo l'Indicatore dell'Anima\nquando atterrì, ma consuma anelli.	Enche significativamente a Barra Espiritual ao aterrissar, mas consome anéis.	El medidor de almas aumenta considerablemente\nal aterrizar, pero gasta Anillos.	Znacznie zwiększa Pasek Dusz podczas\nlądowania, ale zużywa przy tym pierścienie.	著地時大幅增加魂力量表，但會消耗金環。	İniş sırasında oldukça hız artışı sağlar, ama yüzükleri tüketir.	Ökar Själsmätaren avsevärt vid landning, men förbrukar ringar.		Пополняет шкалу души при приземлении,\nно ценой расхода колец.
skill_rocket_start	Rocket Start	ロケットスタート	Salida Cohete	Raketen-Start		Inizio a Razzo	Largada Foguete	Inicio cohete	Rakietowy Start	火箭起步	Roket Başlama	Raketstart		Стартовый разгон 1
skill_rocket_start1	Warp Dash	ワープダッシュ	Salida Ánima	Warp Dash		Scatto Trasportante	Largada Relâmpago	Arranque relámpago	Wypaczony Pęd		Çözgü Atılımı	Warprusning		Стартовый разгон 2
skill_rocket_start_description	Press the Action Button when\nthe countdown ends for a speed boost.	カウントダウンが終了時に\nアクションボタンを押すことで加速する。	Pulsa Acción Especial cuando la\ncuenta atrás termine para un impulso.	Drücke den Action-Knopf, sobald der Countdown endet, um einen Geschwindigkeitsschub zu bekommen.		Premi il Pulsante d'Azione quando\nil cronometro finisce per un aumento di velocità.	Aperte o Botão de Ação quando a contagem\nregressiva acabar para receber um impulso.	Presiona el botón de acción al finalizar la cuenta\nregresiva para un impulso de velocidad.	Podczas odliczania, gdy wyświetli się 1,\nnaciśnij Przycisk Akcji, aby uzyskać przyśpieszenie.	當倒數至1時按下動作鍵會加速。	Geri sayım bittiğinde hız artışı\niçin Aksiyon Düğmesine basın.	Tryck på Åtgärdsknappen när\nnedräkningen är slut för en hastighetsökning.		Когда обратный отсчёт дойдёт до 1,\nнажмите кнопку действия, чтобы ускориться.
skill_rocket_start_description1	Fills the Soul Gauge when\nperforming a successful Rocket Start.	ロケットスタートが成功時に\nソウルゲージが上昇する	Llena la Barra de Almas si realizas\nuna Salida Cohete exitosa.	Füllt die Soul Gauge beim\nerfolgreichem Raketen-Start auf.		Riempie la Barra dell'Anima quando\nfai un Inizio a Razzo con successo 	Enche a Barra Espiritual\nao realizar uma Largada Foguete.	Llena el Medidor de almas\nal realizar exitosamente un Inicio cohete.	Ładuje Pasek Dusz przy poprawnym wykonaniu Rakietowego Startu.	火箭	Başarılı bir Roket Başlangıcı gerçekleştirildiğinde\nRuh Göstergesini doldurur.	Fyller Själsmätaren när\ndu utför en lyckad Raketstart.		Заполняет шкалу души при успешном выполнении навыка """Стартовый разгон 1""".
skill_down_cancel	Down Cancel	ダウンキャンセル	Antiderribos	Stehaufmännchen		Infermabile	Retomada	Cancelable	Anulowanie Powalenia	受身	Aşağı İptal	Ned Avbryt		Восстановление при уроне
skill_down_cancel_description	Press the Jump Button when\ntaking damage to cancel knockdown.	ダメージ中にジャンプボタンを押すことで\nダメージ体勢をキャンセルする。	Pulsa el Botón de Salto para\nevitar salir despedido al recibir daños.	Drücke die Sprungtaste, wenn man Schaden nimmt, um den Rückstoß zu umgehen.		Premi il Tasto di Salto quando\nprendi danno per cancellare l'atterramento.	Aperte o Botão de Pulo ao sofrer\ndano para não ser derrubado.	Al presionar el botón de salto mientras\nrecibes daño, se cancela la postura de daño.	Gdy odniesiesz obrażenia, naciśnij\nPrzycisk Skoku, aby Anulować Powalenie.	受傷時按下跳躍鍵可以取消受傷硬直時間。	Hasar aldığında devrilmeyi iptal\netmek için Zıplama Düğmesine bas.	Tryck på Hoppknappen när du\ntar skada för att avbryta nedslagningen.		Нажмите кнопку прыжка при получении урона,\nи вы восстановите своё положение.
skill_fire_soul_lockon	Fire Lock-On	ファイヤーロックオン	Fijado Ígneo	Feuer-Zielschuss		Aggancio di Fuoco	Trava Ardente	Fijado al fuego	Ogniste Namierzanie	火焰追蹤	Ateş Kilitlenme	Eldlåsning		Наведение на огонь
skill_fire_soul_lockon_description	Allows Homing Attacks\nto target Fire Souls.	ファイヤーソウルをロックオンしホーミング\nアタックできるようになる。	Permite al Ataque Teledirigido fijar\nAlmas Ígneas como objetivo.	Erlaubt das Anvisieren von Feuerseelen für Homing Attacks.		Permette Attacchi a Ricerca\nalle Anime Infuocate.	Permite realizar Ataques\nDirecionados em Almas de Fogo.	Permite fijar como objetivo de un\nAtaque teledirigido las Almas de fuego.	Pozwala Atakom Naprowadzającym\nnamierzać Ogniste Dusze.	對焰魂使用追蹤攻擊。	Ateş Ruhları hedeflerine\nGüdümlü Saldırı yapılabilir.	Tillåter Målsökande Attacker\natt rikta in sig på Eldsjälar.		Вы сможете наводиться на Души огня\nи брать их Самонаводящейся атакой.
skill_splash_jump	Splash Jump	スプラッシュジャンプ	Salto de Respaldo	Splash Jump		Salto Sguazzante	Pulo Suplementar	Salto parkour	Skok Rozpryskowy	噴濺跳躍	Çırpınma Zıplama	Stänkhopp		Прыжок при столкновении
skill_splash_jump_description	Provides an extra jump when\nJump Dashing into an obstacle.	空中で障害物に接触すると\nジャンプする	Obtén un salto extra al realizar un\nAcelerón Aéreo contra un obstáculo.	Verleiht einen Extrasprung, wenn man einen Jump Dash auf einer Wand anwendet.		Fornisce un salto aggiuntivo quando\nesegui un Salto Impetuoso ad un ostacolo.	Obtenha um pulo extra ao realizar\numa Investida contra um obstáculo.	Si chocas con un obstáculo al usar el Arranque en salto, saltarás.	Zapewnia dodatkowy skok podczas wykonywania\nSkoku Pędowego w przeszkodę.	跳躍衝刺接觸障礙物時能再跳躍。	Engele doğru Zıplama Atılmada\nekstra sıçrama sağlar.	Ger ett extra hopp när\ndu gör en Hopprusning in i ett hinder.		Позволяет подпрыгнуть при столкновении\nс препятствием в воздухе.
skill_drift_exp	Expert Drift	エキスパートドリフト	Derrape Experto	Expertendrift		Derapata Esperta	Derrapagem de Especialista	Derrape experto	Drift Eksperta	專家甩尾	Uzman Yanlama	Expertdrift		Экспертный дрифт
skill_drift_exp_description	Increases EXP during a Drift, but requires pressing the Action Button with good timing.	ドリフト中にEXPが増加するがタイミングよく\nアクションボタンを押す必要がある。	Derrapa pulsando Acción Especial en el momento justo y obtén más EXP.	Erhöht EP beim Driften, aber verlangt Timing mittels Action-Knopf.		Aumenta i PE durante una derapata, ma richiede di premere il Tasto d'Azione al tempismo giusto.	Aumenta a Experiência ganha por Derrapagem,\nmas requer pressionar o Botão de Ação no momento certo.	La EXP aumenta al derrapar, pero debes presionar\nel botón de acción en el momento adecuado.	Zwiększa PD podczas driftu, ale wymaga\nnaciśnięcia Przycisku Akcji tuż przy końcu skrętu.	在甩尾時獲得EXP，但需要在正確時間點按下動作鍵。	Yanlama sırasında EXP'yi artırır, ancak Aksiyon Düğmesine iyi bir zamanda basılmasını gerektirir.	Ökar EXP under en Drift, men kräver att man trycker på Åtgärdsknappen med god timing.		При вхождении в резкий поворот\nвы заработаете очки опыта.
skill_rank_preview	Rank Preview	ランク プレビュー	Rango Visible	Rang-Vorschau		Anteprima del Rango	Prévia de Rank	Vista previa del rango	Podgląd Rangi	評價預覽	Rütbe Önizlemesi	Förhandsgranskning av Rangordning		Отображение ранга
skill_rank_preview_description	Displays the current rank during gameplay.	ゲーム時に順位が表示されます。	Se muestra tu rango actual mientras juegas.	Zeigt jetzigen Rang während Gameplay an.		Visualizza il rango corrente durante il livello.	Mostra o rank atual durante o jogo.	Tu rango se mostrará durante el juego.	Wyświetla bieżącą rangę podczas rozgrywki.	在遊玩時顯示目前的評價順位。	Oyun sırasında mevcut rütbeyi gösterir.	Visar aktuell rang under spelets gång.		Отображает текущий ранг во время игры.
skill_perfect_homing_attack	Perfect Homing Attack	パーフェクトストライク	Ataque Teledirigido Preciso	Perfekte Homing Attack		Attacco a ricerca Perfetto	Ataque Direcionado Perfeito	Ataque teledirigido perfecto	Perfekcyjny Atak Naprowadzający	完美追蹤攻擊	Kusursuz Güdümlü Saldırı	Perfekt Målsökande Attack		Идеальная Самонаводящаяся атака
skill_perfect_homing_attack_description	Increases attack power when\nperforming a well-timed Homing Attack.	タイミングよくホーミングアタックを\n行った時の攻撃力が増加する。	Inflinge mayor daño al realizar un\nAtaque Teledirigido en el momento justo.	Erhöht Angriffskraft mittels Homing Attack mit guten Timing.		Aumenta il Potere d'Attacco quando\nesegui un Attacco a Ricerca al tempismo giusto.	Causa mais dano ao realizar um\nAtaque Direcionado no tempo certo.	Aumenta el poder de ataque al realizar un\nAtaque teledirigido en el momento adecuado.	Zwiększa siłę ataku podczas dobrze\nwyczutego Ataku Naprowadzającego.	在正確時間點進行的追蹤攻擊追加攻擊力。	İyi zamanlanmış bir Güdümlü Saldırı\ngerçekleştirildiğinde saldırı gücünü artırır.	Ökar attackkraften vid utförande\nav en vältajmad Målsökande Attack.		Сила атаки увеличится, если сделать\nСамонаводящуюся атаку в нужный момент.
skill_grounded_homing_attack	Grounded Homing Attack	グラウンデッドホーミングアタック	Ataque Teledirigido Terrestre	Sprunglose Homing Attack		Attacco a Ricerca Terreno	Ataque Direcionado Terreno	Ataque teledirigido terrestre	Uziemiony Atak Naprowadzający	地面追蹤攻擊	Yere Bağlı Güdümlü Saldırı	Grundad Målsökande Attack		Самонаводящаяся атака с земли
skill_grounded_homing_attack_description	Allows starting a Homing Attack when on the ground.	地上にいる時に\nホーミングアタックをできる。	Permite realizar un Ataque Teledirigido desde el suelo.	Erlaubt vom Boden aus eine Homing Attack zu starten.		Permette di iniziare un Attacco a Ricerca mentre sei a terra.	Permite iniciar um Ataque Direcionado do chão.	Puedes realizar el Ataque teledirigido estando en tierra.	Pozwala na wykonanie\nAtaku Naprowadzającego na ziemi.	允許在地面上使用追蹤攻擊。	Yerdeyken Güdümlü Saldırı yapmana izin verir.	Tillåter att starta en Målsökande Attack när du är på marken.		Позволяет делать Самонаводящуюся атаку,\nнаходясь на земле.
skill_air_boost	Air Boost	エアブースト	Impulso Aéreo	Air Boost		Boost Aereo	Impulso Aéreo	Impulso aéreo	Powietrzny Pęd	空中衝刺	Hava Desteği	Luftboost		Ускорение в воздухе
skill_air_boost_description	Allows performing a Speed Break in the air.	空にいる時に\nスピードブレイクをできる。	Permite realizar un Impulso en el aire.	Erlaubt es Speed Break in der Luft zu aktivieren.		Permette di usare la Rottura della Velocità in aria.	Permite realizar um Impulso Veloz no ar.	Puedes realizar un Speed Break en el aire.	Pozwala na wykonanie Zrywu Pędu w powietrzu.		Havada hız kesme manevrası yapılmasına olanak tanır.	Möjliggör att utföra en Hastighetsbrytning i luften.		Позволяет выполнить """Ускорение""" в воздухе.
skill_instant_speed_break	Insta-Break	インスタブレイク	Impulso Instantáneo	Insta-Break		Insta-Rottura	Impulso Instantâneo	Quiebre inmediato	Natychmiastowy Zryw		Anında Ara	Insta-Brytning		Мгновенный порыв
skill_instant_speed_break_description	Reduces startup on Speed Break.	スピードブレイク\n起動時を削減する。	Disminuye el tiempo de pausa\nal realizar un impulso.	Reduziert die Start-Animation für Speed Break.		Reduce il tempo d'inizio della Rottura della Velocità.	Reduz o tempo de ativação do Impulso Veloz.	Disminuye el tiempo de activación\ndel Speed Break.	Zmniejsza czas wystartowania Zrywu Pędu.		Hız kesme anında kalkış süresini azaltır.	Minskar uppstart vid Hastighetsbrytning.		Сокращает время запуска """Ускорения""".
skill_quick_step	Quick Step	クイックステップ	Paso Rápido	Quick Step		Passo Rapido	Deslocamento Rápido	Paso rápido	Szybki Krok	快速跨步	Çabuk Adım	Kvicksteg		Шаг в сторону
skill_quick_step_description	Press the Step Buttons when running to step sideways.	走り中にステップボタンを押すと\n横にステップします。	Pulsa los botones traseros en carrera para realizar un movimiento lateral.	Drücke die Step-Knöpfe während man rennt, um einen Schnellschritt auszuführen.		Premi il Pulsante del Passo quando corri per eseguire un Passo Rapido.	Pressione os botões de Esquiva enquanto\ncorre para realizar um Deslocamento Rápido.	Presiona los botones de paso mientras corres\npara dar un paso rápido.	Wciśnij Przyciski Kroku podczas biegu\nby wykonać Szybki Krok.	跑步時按下跨步鍵可以使用快速跨步。	Çabuk Adım gerçekleştirmek için koşarken Adım Düğmelerine bas.	Tryck på Stegknapparna när du springer för att ta ett steg i sidled.		Нажимайте кнопки """Шаг в сторону""", чтобы быстро\nперемещаться влево и вправо во время бега.
skill_quick_step1	Quick Slide	クイックスライド	Deslizamiento Lateral	Quick Slide		Scivolamento Veloce	Deslizamento Rápido	Deslizamiento rápido	Szybki Wślizg		Hızlı Kayma	Snabbglidning		Скольжение вбок
skill_quick_step_description1	Press and hold the Step Buttons when running to slide sideways.	走っている時にステップボタンを押すと\n横にスライドします。	Presiona y mantén un botón de Paso Rápido para deslizarte lateralmente.	Drücke und halte die Step-Knöpfe während man rennt, um seitwärts zu rutschen.		Tieni premuto il Pulsante del Passo mentre corri per scivolare lateralmente. 	Segure os botões de Esquiva enquanto \ncorre para deslizar lateralmente	Presiona y mantén los botones de Paso\npara deslizarte lateralmente.	Wciśnij i przytrzymaj Przyciski Kroku\npodczas biegania aby ślizgać się na boki.		Koşarken yana doğru kaymak için Adım Düğmelerine basılı tut.	Tryck och håll ner Stegknapparna när du springer för att glida i sidled.		Нажмите и удерживайте кнопки """Скольжение вбок"""\nво время бега, чтобы скользить вбок.
skill_light_speed_dash	Light Speed Dash	ライトスピードダッシュ	Acelerón de Anillos	Light Speed Dash		Slancio alla Velocità della Luce	Arrancada Suave	Arranque a velocidad luz	Pęd Prędkości Światła	光速衝刺	Işık Hızı Atılma	Ljushastighetsrusning		Световой рывок
skill_light_speed_dash_description	Press the Light Dash Button when\nnear Rings to travel along them.	リングの近くにライトダッシュボタンを\n押すことでリングに沿って移動する。	Pulsa el botón del Acelerón de Anillos para viajar sobre una hilera de Anillos.	Drücke den Light Dash-Knopf in der Nähe von Ringen, um an ihnen entlang zu fliegen.		Premi il Pulsante Slancio della Luce quando\nsei vicino a degli anelli per viaggiare tra di essi.	Pressione o botão de Arrancada Suave próximo\na anéis para viajar sobre eles.	Presiona el botón del Arranque luz cerca de\nuna hilera de Anillos para viajar por ellos.	Wciśnij przycisk Pędu Pręd. Światła gdy jesteś\nblisko pierścieni, by przemierzyć się wzdłuż nich.	在接近金環時按下光速衝刺鍵可以隨著金還穿梭。	Halkaların yakınındayken Işık Hızı Düğmesine\nbasarak halkalar boyunca ilerleyin.	Tryck på Ljusrusningsknappen när du är\nnära ringar för att färdas längs dem.		Нажимайте кнопку """Световой рывок""" и вы сможете\nдвигаться со скоростью света по дорожкам\nиз колец.
skill_light_speed_attack	Light Speed Attack	ライトスピードアタック	Ataque Fugaz	Light Speed Attack		Attacco alla Velocità della Luce	Ataque Fugaz	Ataque a velocidad luz	Atak Prędkości Światła	光速攻擊	Işık Hızı Saldırı	Ljushastighetsattack		Световая атака
skill_light_speed_attack_description	Hold the Attack button during a Homing Attack to attack multiple enemies quickly.	ホーミングアタック時にアタックボタンを押し\n続けると敵を早く攻撃する。	Mantén el botón de Salto para atacar a varios enemigos rápidamente.	Halte die Sprung-Taste während einer Homing Attack gedrückt, um mehrere Gegner auf einmal anzugreifen.		Tieni premuto il Tasto di Salto durante un'attacco a ricerca per attaccare multipli nemici velocemente.	Segure o Botão de Ataque durante um Ataque Direcionado\npara atacar vários inimigos rapidamente.	Mantener presionado el botón de salto durante un ataque teledirigido\npermite golpear a los enemigos más rápidamente.	Trzymaj przycisk Skoku podczas Ataku Naprowadzającego\nby szybko zaatakować kilku przeciwników.	在進行追蹤攻擊時按下跳躍鍵可以快速攻擊多數敵人。	Bir sürü düşmana hızlıca saldırmak için Hedefe Yönelik Saldırı sırasında Zıplama düğmesini basılı tut.	Håll Attackknappen intryckt under en Målsökande Attack för att attackera flera fiender snabbt.		Удерживайте кнопку атаки во время Cамонаводящейся атаки,\nчтобы быстро уничтожить множество врагов со скоростью света.
skill_crest_wind	Crest of Wind	クレストオブウィンド	Cresta del Viento	Wappen des Windes		Cresta del Vento	Crista do Vento	Cresta de viento	Szczyt Wiatru	風之徽章	Rüzgarın Zirvesi	Vapen av Vind		Герб ветра
skill_crest_wind_description	Consumes rings to provide a speed boost when running at full speed.	全速力で走る時にリングを消費して\n最高速度の上限が上昇する。	Desbloquea el poder del Viento al\nequipar 10 o más abilidades de Viento.	Reduziert Ringe im Austausch für einen Geschwindigkeitsschub bei maximaler Geschwindkeit.		Consuma anelli per dare un aumento di velocità quando sei a velocità massima.	Consome anéis para receber um impulso\nao correr na velocidade máxima.	Gasta anillos para aumentar el límite de\nvelocidad al correr a toda velocidad.	Konsumuje pierścienie, aby dostarczyć przyśpieszenie\npodczas biegania z maks. prędkością.	全速奔跑時消耗金環以獲得加速效果。	10 Rüzgar tabanlı beceriyi kuşanırsan\nRüzgar gücünü açarsın.	Förbrukar ringar för att ge en hastighetsökning när du springer i full fart.		Расходует кольца, обеспечивая ускорение\nпри беге на полной скорости.
skill_crest_fire	Crest of Fire	クレストオブフャイヤー	Cresta Ígnea	Wappen des Feuers		Cresta del Fuoco	Crista do Fogo	Cresta de fuego	Szczyt Ognia	焰之徽章	Ateşin Zirvesi	Vapen av Eld		Герб огня
skill_crest_fire_description	Creates a large explosion when performing a homing attack on enemies.	敵にホーミングアタック時に\n大きい爆発を引き起こす。	Desbloquea el poder del Fuego al\nequipar 6 o más abilidades de Fuego.	Erzeugt große Explosionen während man eine Homing Attack auf Gegnern ausführt.		Crea una grande esplosione quando usi il tuo Attacco a Ricerca sui nemici.	Cria uma grande explosão ao acertar um inimigo\ncom o Ataque Direcionado.	El ataque teledirigido provoca una\ngran explosión sobre el enemigo.	Tworzy wielką eksplozję podczas wykonywania\nAtaku Naprowadzającego na przeciwnikach.	對敵人使用追蹤攻擊時追加大爆炸效果。	6 Ateş tabanlı beceriyi kuşanırsan\nAteş gücünü açarsın.	Skapar en stor explosion vid utförande av en Målsökande Attack mot fiender.		Создаёт большой взрыв при\nСамонаводящейся атаке по врагам.
skill_crest_dark	Crest of Darkness	クレストオブダーク	Cresta Sombría	Wappen der Finsternis		Cresta delle Tenebre	Crista da Escuridão	Cresta sombría	Szczyt Mroku	闇之徽章	Karanlığın Zirvesi	Vapen av Mörker		Герб тьмы
skill_crest_dark_description	Increases the Soul Gauge when running at full speed and increases defense when it is charged.	全速力で走る時にソウルゲージが上昇する。\nチャージされている時に防衛力が追加される。	Desbloquea el poder de la Oscuridad al\nequipar 8 o más habilidades Oscuras.	Erhöht die Soul Gauge bei maximaler Geschwindkeit und erhöht Verteidigung sobald diese aufgeladen ist.		Aumenta l'Indicatore dell'Anima quando sei a velocità massima\ne aumenta la difesa quando è carico.	Enche a Barra Espiritual ao alcançar a velocidade\nmáxima e aumenta a defesa quando ela estiver carregada.	El medidor de almas aumenta cuando corres a toda\nvelocidad. La defensa aumenta cuando está cargado.	Zwiększa Pasek Dusz podczas biegania z maks. prędkościa,\noraz zwiększa obronę gdy jest naładowany.	全速奔跑時恢復魂力量表，並在充滿時增加防禦力。	8 Karanlık tabanlı beceriyi kuşanırsan\nKaranlık gücünü açarsın.	Ökar Själsmätaren när du springer i full fart och ökar försvaret när den är laddad.		Увеличивает шкалу души при беге на полной\nскорости и повышает защиту при зарядке.
skill_darkspine	Darkspine	ダークスパインソニック	Sombraespín	Darkspine		Darkspine	Darkspine	Espinoscuro	Darkspine		Karadiken	Darkspine		Даркспайн
skill_darkspine_description	Increase the Soul Gauge at will.	ソウルゲージを自由に増やす。	Puedes llenar la Barra de Almas\na voluntad.	Erhöht die Soul Gauge nach Belieben.		Aumenta la Barra dell'Anima a volontà.	Enche a Barra Espiritual à vontade.	Aumenta el Medidor de almas a voluntad.	Naładuj Pasek Dusz kiedy chcesz.	自由增加魂力量表。	Ruh Göstergesini istediğin gibi artır.	Öka Själsmätaren efter behag.		Увеличивает шкалу души по мере необходимости.
skill_character	Character Mods	MOD　キャラ	Mods de Personaje	Mod-Charaktere			Mods de Personagens	Mods de personajes	Zmodyfikowane Postacie		Modlanmış Karakterler.	Modifierade Karaktärer		Моды на персонажей
skill_character_description	Community made character mods.	プレイヤー作ったキャラクターMOD。	Personajes creados por la comunidad.	Von der Community erstellte Charakter-Mods			Mods de personagens feitos pela comunidade.	Mods de personajes creados por la comunidad.	Modyfikacje postaci stworzone przez społeczność.		Topluluğun yaptığı karakter modları.	Communityskapade karaktärsmoddar.		Персонажи, созданные сообществом.
skill_custom_character_description	Play as [CHARACTER].	[CHARACTER]としてプレイします。	Juega con [CHARACTER].	Spiele als [CHARACTER].			Jogar como [CHARACTER]	Jugar con [CHARACTER].	Graj jako [CHARACTER].		[CHARACTER] olarak oyna.	Spela som [CHARACTER].		Играть за [CHARACTER].
														
														
bonus_ring	Ring Bonus	リング　ボーナス	Bonificación por Anillos	Ring-Bonus		Bonus Anelli	Bônus de Anel	Bonus por Anillos	Bonus Pierścieni	金環獎勵	Yüzük Bonusu	Ringbonus		Бонус за кольца
bonus_enemy	Enemy Bonus	マジン　ボーナス	Bonificación por Enemigos	Gegner-Bonus		Bonus Nemici	Bônus de Inimigo	Bonus por Enemigos	Bonus Przeciwników	敵人獎勵	Düşman Bonusu	Fiendebonus		Бонус за врагов
bonus_drift	Drift Bonus	ドリフト　ボーナス	Bonificación por Derrape	Drift-Bonus		Bonus Derapata	Bônus de Derrapagem	Bonus por derrapes	Bonus Driftu	甩尾獎勵	Kayma Bonusu	Driftbonus		Бонус за дрифт
bonus_grindstep	Grind Step Bonus	ステップ　ボーナス	Bonificación por Aterrizaje en Raíl	Grind Step-Bonus		Bonus Corsa sulla Ringhiera	Bônus de Troca de Trilho	Bonus por cambio de riel	Bonus Kroku Szynowego	換軌獎勵	Ray Adımı Bonusu	Glidstegsbonus		Бонус за скольжение
bonus_grind_shuffle	Grind Shuffle Bonus	シャッフル　ボーナス	Bonificación por Truco en Raíl	Grind Shuffle-Bonus		Bonus Azione su Ringhiera	Bônus de Truque no Trilho	Bonus por trucos en riel	Bonus Przeplatanki Szynowej	踏軌加速獎勵	Ray Karışık Hareket Bonusu	Glidblandningsbonus		Бонус за комбо скольжение
bonus_exp	EXP Bonus	EXP　ボーナス	Bonificación de EXP	EP-Bonus		Bonus PE	Bônus de EXP	Bonus de EXP	Bonus PD	EXP獎勵	EXP Bonusu	EXP Bonus		Бонус за опыт
														
spb_brackets	[DATA]	【DATA】	[DATA]	[DATA]		[DATA]	[DATA]	[DATA]	[DANE]	[DATA]	[VERİ]	[DATA]		[ДАННЫЕ]
spb_chapter	Chapter	第章	Capítulo	Kapitel		Capitolo	Capítulo	Capítulo	Rozdział	章節	Bölüm	Kapitel		Глава
spb_chapter_history	HISTORY	ヒストリー	HISTORIA	GESCHICHTE		STORIA	HISTÓRIA	HISTORIA	HISTORIA	歷史	TARİH	HISTORIA		ИСТОРИЯ
spb_chapter_illust	ILLUSTRATIONS	イラスト	ILUSTRACIONES	ILLUSTRATIONEN		ILLUSTRAZIONI	ILUSTRAÇÕES	ILUSTRACIONES	ILLUSTRACJE	插圖	RESİMLER	ILLUSTRATIONER		ИЛЛЮСТРАЦИИ
spb_chapter_movie	MOVIE	ムービー	ESCENAS	FILMCLIP		FILMATI	CENAS	CINEMÁTICAS	SCENY	電影	FİLM	FILM		КАТСЦЕНЫ
spb_chapter_dev	DEVELOPER MATERIAL	開発資料	DESARROLLO DEL JUEGO	ENTWICKLERMATERIAL		MATERIALE DEGLI SVILUPPATORI	MATERIAL DE DESENVOLVIMENTO	MATERIALES DEL DESARROLLO	MATERIAŁ DEWELOPERSKI	開發素材	GELİŞTİRİCİ MATERYAL	UTVECKLARENS MATERIAL		ДОКУМЕНТЫ ПО РАЗРАБОТКЕ
spb_chapter_music	BGM	BGM	MÚSICA	BGM		MUSICA	MÚSICA	MÚSICA DE FONDO	MUZYKA W TLE	BGM	APM	BAKGRUNDSMUSIK		МУЗЫКА
spb_chapter_rank	ACHIEVEMENTS	ランクネーム	LOGROS	ERRUNGENSCHAFTEN		RISULTATI	CONQUISTAS	LOGROS	OSIĄGNIĘCIA	成就	BAŞARIMLAR	PRESTATIONER		ДОСТИЖЕНИЯ
spb_chapter_diary	BIG'S TRAVEL DIARY	ビッグの旅日記	DIARIO DE VIAJE DE BIG	BIGS REISETAGEBUCH		DIARIO DI VIAGGIO DI BIG	DIÁRIO DE VIAGEM DO BIG	DIARIO DE VIAJE DE BIG	PAMIĘTNIK Z PODRÓŻY BIG'A	比谷的旅行日誌	BIG'İN SEYAHAT GÜNLÜĞÜ	BIG'S RESEDAGBOK		ДНЕВНИК ПУТЕШЕСТВИЙ КОТА БИГА
														
spb_hint_complete	Complete [AREA] Mission [NUMBER]...	[AREA]ミッション[NUMBER]をクリアする...	Supera la Misión [NUMBER] del [AREA]...	Absolviere [AREA] Mission [NUMBER]...		Completa la Missione [NUMBER] in [AREA]...	Conclua a Missão [NUMBER] de [AREA]...	Completa la misión [NUMBER] de [AREA]...	Ukończ [AREA] Misję [NUMBER]...	完成 [AREA] 第 [NUMBER] 任務…	[AREA] [NUMBER] Tamamla...	Slutför [AREA] Uppdrag [NUMBER]...		Пройдите [AREA] в миссии [NUMBER]...
spb_hint_silver	Get [NUMBER] Silver Medals...	[NUMBER]個の銀メダルを集めて...	Consigue [NUMBER] Medallas de Plata...	Hol dir [NUMBER] Silbermedaillen...		Ottieni [NUMBER] Medaglie d'Argento...	Consiga [NUMBER] Medalhas de Prata...	Obtén [NUMBER] Medallas plateadas...	Zdobądż [NUMBER] Srebrnych Medali...	獲得 [NUMBER] 銀色獎牌…	[NUMBER] Gümüş Madalya Kazan...	Få [NUMBER] silvermedaljer...		Соберите [NUMBER] серебряных медалей...
spb_hint_gold	Complete [AREA]\nMission [NUMBER] with a Gold Medal...	[AREA]ミッション[NUMBER]を金メダルでクリアする...	Obtén una Medalla de Oro en la Misión [NUMBER] del [AREA]...	Absolviere [AREA]\nMission [NUMBER] mit einer Goldmedaille...		Ottieni una Medaglia d'Oro\nnella Missione [NUMBER] in [AREA]...	Conclua a Missão [NUMBER]\nde [AREA] com uma Medalha de Ouro...	Completa la misión [NUMBER] de [AREA]\ncon una Medalla dorada...	Ukończ [AREA]\nMisję [NUMBER] ze Złotym Medalem...	以金色獎牌的成績完成 [AREA] 第 [NUMBER] 任務…	[AREA]\n[NUMBER]'i Altın Madalya ile tamamla...	Slutför [AREA]\nUppdrag [NUMBER] med en Guldmedalj...		Пройдите [AREA] в миссии [NUMBER], чтобы \nполучить золотые медали...
spb_hint_all_gold	Complete All Missions in\n[AREA] with a Gold Medal...	[AREA]の全ミッションを金メダルでクリアする...	Supera todas las Misiones del [AREA] con una Medalla de Oro...	Absolviere alle Missionen in\n[AREA] mit Goldmedaillen...		Ottieni una Medaglia d'Oro in\ntutte le Missioni in [AREA]...	Complete todas as missões em\n[AREA] com Medalhas de Ouro...	Completa todas las misiones de [AREA]\ncon una Medalla dorada...	Ukończ Wszystkie Misje\nw [AREA] ze Złotym Medalem...	以金色獎牌的成績完成 [AREA] 所有任務…	[AREA] tüm\nGörevleri Altın Madalya ile tamamla...	Slutför Alla Uppdrag i\n[AREA] med en Guldmedalj...		Пройдите все миссии,\n[AREA] чтобы получить золотые медали...
spb_hint_big	Hidden somewhere in [AREA] Mission [NUMBER]...	[AREA]ミッション[NUMBER]のどこかに隠されている…	Escondido en alguna parte de la Misión [NUMBER] de [AREA]	Irgendwo in [AREA] Mission [NUMBER] versteckt...		Nascosto da qualche parte in [AREA] missione [NUMBER]...	Escondido em algum lugar na Missão [NUMBER] de [AREA]...	Oculta en alguna parte de\nla misión [NUMBER] de [AREA]...	Ukryte gdzieś w [AREA] Misji [Number]...	隱藏在 [AREA] 第 [NUMBER] 任務…	[AREA] Görev [NUMBER]'nın bir yerinde saklı...	Gömd någonstans i [AREA] Uppdrag [NUMBER]...		Найдите в [AREA] на миссии [NUMBER]...
														
spb_bgm	BGM	BGM	Banda Sonora	BGM		Musica di Sottofondo	Música	MÚSICA DE FONDO	Muzyka w Tle	BGM	APM	BAKGRUNDSMUSIK		Музыка
														
spb_title_ch1_1	History of Sonic - 1991	ソニックの歴史　１９９１年	Historia de Sonic - 1991	Sonics Geschichte - 1991		Storia di Sonic - 1991	História do Sonic - 1991	Historia de Sonic - 1991	Historia Sonica - 1991	索尼克的歷史 — 1991	Sonic'in Tarihi - 1991	Sonics historia - 1991		История Соника. 1991 год
spb_title_ch1_2	History of Sonic - 1992	ソニックの歴史　１９９２年	Historia de Sonic - 1992	Sonics Geschichte - 1992		Storia di Sonic - 1992	História do Sonic - 1992	Historia de Sonic - 1992	Historia Sonica - 1992	索尼克的歷史 — 1992	Sonic'in Tarihi - 1992	Sonics historia - 1992		История Соника. 1992 год
spb_title_ch1_3	History of Sonic - 1993	ソニックの歴史　１９９３年	Historia de Sonic - 1993	Sonics Geschichte - 1993		Storia di Sonic - 1993	História do Sonic - 1993	Historia de Sonic - 1993	Historia Sonica - 1993	索尼克的歷史 — 1993	Sonic'in Tarihi - 1993	Sonics historia - 1993		История Соника. 1993 год
spb_title_ch1_4	History of Sonic - 1994	ソニックの歴史　１９９４年	Historia de Sonic - 1994	Sonics Geschichte - 1994		Storia di Sonic - 1994	História do Sonic - 1994	Historia de Sonic - 1994	Historia Sonica - 1994	索尼克的歷史 — 1994	Sonic'in Tarihi - 1994	Sonics historia - 1994		История Соника. 1994 год
spb_title_ch1_5	History of Sonic - 1995	ソニックの歴史　１９９５年	Historia de Sonic - 1995	Sonics Geschichte - 1995		Storia di Sonic - 1995	História do Sonic - 1995	Historia de Sonic - 1995	Historia Sonica - 1995	索尼克的歷史 — 1995	Sonic'in Tarihi - 1995	Sonics historia - 1995		История Соника. 1995 год
spb_title_ch1_6	History of Sonic - 1996	ソニックの歴史　１９９６年	Historia de Sonic - 1996	Sonics Geschichte - 1996		Storia di Sonic - 1996	História do Sonic - 1996	Historia de Sonic - 1996	Historia Sonica - 1996	索尼克的歷史 — 1996	Sonic'in Tarihi - 1996	Sonics historia - 1996		История Соника. 1996 год
spb_title_ch1_7	History of Sonic - 1997	ソニックの歴史　１９９７年	Historia de Sonic - 1997	Sonics Geschichte - 1997		Storia di Sonic - 1997	História do Sonic - 1997	Historia de Sonic - 1997	Historia Sonica - 1997	索尼克的歷史 — 1997	Sonic'in Tarihi - 1997	Sonics historia - 1997		История Соника. 1997 год
spb_title_ch1_8	History of Sonic - 1998	ソニックの歴史　１９９８年	Historia de Sonic - 1998	Sonics Geschichte - 1998		Storia di Sonic - 1998	História do Sonic - 1998	Historia de Sonic - 1998	Historia Sonica - 1998	索尼克的歷史 — 1998	Sonic'in Tarihi - 1998	Sonics historia - 1998		История Соника. 1998 год
spb_title_ch1_9	History of Sonic - 1999	ソニックの歴史　１９９９年	Historia de Sonic - 1999	Sonics Geschichte - 1999		Storia di Sonic - 1999	História do Sonic - 1999	Historia de Sonic - 1999	Historia Sonica - 1999	索尼克的歷史 — 1999	Sonic'in Tarihi - 1999	Sonics historia - 1999		История Соника. 1999 год
spb_title_ch1_10	History of Sonic - 2000	ソニックの歴史　２０００年	Historia de Sonic - 2000	Sonics Geschichte - 2000		Storia di Sonic - 2000	História do Sonic - 2000	Historia de Sonic - 2000	Historia Sonica - 2000	索尼克的歷史 — 2000	Sonic'in Tarihi - 2000	Sonics historia - 2000		История Соника. 2000 год
spb_title_ch1_11	History of Sonic - 2001	ソニックの歴史　２００１年	Historia de Sonic - 2001	Sonics Geschichte - 2001		Storia di Sonic - 2001	História do Sonic - 2001	Historia de Sonic - 2001	Historia Sonica - 2001	索尼克的歷史 — 2001	Sonic'in Tarihi - 2001	Sonics historia - 2001		История Соника. 2001 год
spb_title_ch1_12	History of Sonic - 2002	ソニックの歴史　２００２年	Historia de Sonic - 2002	Sonics Geschichte - 2002		Storia di Sonic - 2002	História do Sonic - 2002	Historia de Sonic - 2002	Historia Sonica - 2002	索尼克的歷史 — 2002	Sonic'in Tarihi - 2002	Sonics historia - 2002		История Соника. 2002 год
spb_title_ch1_13	History of Sonic - 2003	ソニックの歴史　２００３年	Historia de Sonic - 2003	Sonics Geschichte - 2003		Storia di Sonic - 2003	História do Sonic - 2003	Historia de Sonic - 2003	Historia Sonica - 2003	索尼克的歷史 — 2003	Sonic'in Tarihi - 2003	Sonics historia - 2003		История Соника. 2003 год
spb_title_ch1_14	History of Sonic - 2004	ソニックの歴史　２００４年	Historia de Sonic - 2004	Sonics Geschichte - 2004		Storia di Sonic - 2004	História do Sonic - 2004	Historia de Sonic - 2004	Historia Sonica - 2004	索尼克的歷史 — 2004	Sonic'in Tarihi - 2004	Sonics historia - 2004		История Соника. 2004 год
spb_title_ch1_15	History of Sonic - 2005, 2006	ソニックの歴史　２００５～２００６年	Historia de Sonic - 2005, 2006	Sonics Geschichte - 2005, 2006		Storia di Sonic - 2005,2006	História do Sonic - 2005, 2006	Historia de Sonic - 2005, 2006	Historia Sonica - 2005, 2006	索尼克的歷史 — 2005, 2006	Sonic'in Tarihi - 2005, 2006	Sonics historia - 2005, 2006		История Соника. 2005-2006 год
														
spb_title_ch2_1	Teaser Image 1	ティザー用　イメージ　１	Imagen Promocional 1	Aufmacher 1		Immagine Promozionale 1	Imagem Promocional 1	Imagen promocional 1	Zajawka Graficzna 1	前導圖 1	Fragman Resmi 1	Förhandsvisningsbild 1		Тизерное изображение 1
spb_title_ch2_2	Teaser Image 2	ティザー用　イメージ　２	Imagen Promocional 2	Aufmacher 2		Immagine Promozionale 2	Imagem Promocional 2	Imagen promocional 2	Zajawka Graficzna 2	前導圖 2	Fragman Resmi 2	Förhandsvisningsbild 2		Тизерное изображение 2
spb_title_ch2_3	Teaser Image - Japanese	ティザー　イメージ　日本語版	Imagen Promocional - Japonés	Aufmacher - Japanisch		Immagine Promozionale - Giapponese	Imagem Promocional - Japonesa	Imagen promocional - Japonés	Zajawka Graficzna - Japoński	前導圖 — 日文	Fragman Resmi - Japonca	Förhandsvisningsbild - Japanska		Тизерное изображение на японском языке
spb_title_ch2_4	Trade Show Pamphlet	ショー用　パンフレット	Folleto para Exhibición Comercial	Messeflyer		Opuscolo della Esebizione Commerciale	Panfleto de Feira Comercial	Folleto de exhibición comercial	Broszura Targowa	貿易展冊子	Fuar Broşürü	Mässbroschyr		Брошюра для шоу
spb_title_ch2_5	Teaser Image Final Version	ティザーイメージ　完全版	Imagen Promocional Final	Aufmacher - Endgültige Version		Versione Finale dell'Immagine Promozionale	Imagem Promocional Versão Final	Imagen promocional final	Zajawka Graficzna Wersja Finalna	前導圖 最終版	Fragman Resmi Son Versiyonu	Förhandsvisningsbild Sista Verision		Тизерное изображение, финальная версия
spb_title_ch2_6	Main Visual Image	メインビジュアル　イメージ	Imagen Protagónica	Visualisierung		Immagine Visiva Principale	Imagem Principal	Imagen visual principal	Główny Element Wizualny	主視覺圖	Ana Görsel Resmi	Huvudvisuell Bild		Изображение главного визуала
spb_title_ch2_7	Title Logo - English Version	タイトルロゴ　英語版	Logotipo del Título - Versión Inglesa	Titellogo - Englische Version		Logo del Titolo - Versione Inglese	Logomarca - Versão Inglesa	Logotipo del título - Versión en inglés	Logo Tytułu - Wersja Angielska	標題 英文版	Başlık Logosu - İngilizce Versiyon	Titellogotyp - Engelsk Version		Логотип на английском языке
spb_title_ch2_8	Title Logo - Japanese Version	タイトルロゴ　日本語版	Logotipo del Título - Versión Japonesa	Titellogo - Japanische Version		Logo del Titolo - Versione Giapponese	Logomarca - Versão Japonesa	Logotipo del título - Versión japonesa	Logo Tytułu - Wersja Japońska	標題 日文版	Başlık Logosu - Japonca Versiyon	Titellogotyp - Japansk Version		Логотип на японском языке
spb_title_ch2_9	Title Logo - German Version	タイトルロゴ　ドイツ語版	Logotipo del Título - Versión Alemana	Titellogo - Deutsche Version		Logo del Titolo - Versione Tedesca	Logomarca - Versão Alemã	Logotipo del título - Versión en alemán	Logo Tytułu - Wersja Niemiecka	標題 德文版	Başlık Logosu - Almanca Versiyon	Titellogotyp - Tysk Version		Логотип на немецком языке
spb_title_ch2_10	Title Logo - Italian Version	タイトルロゴ　イタリア語版	Logotipo del Título - Versión Italiana	Titellogo - Italienische Version		Logo del Titolo - Versione Italiana	Logomarca - Versão Italiana	Logotipo del título - Versión en italiano	Logo Tytułu - Wersja Włoska	標題 義大利文版	Başlık Logosu - İtalyanca Versiyon	Titellogotyp - Italiensk Version		Логотип на итальянском языке
spb_title_ch2_11	Title Logo - Spanish Version	タイトルロゴ　スペイン語版	Logotipo del Título - Versión Española	Titellogo - Spanische Version		Logo del Titolo - Versione Spagnola	Logomarca - Versão Espanhola	Logotipo del título - Versión en español	Logo Tytułu - Wersja Hiszpańska	標題 西班牙文版	Başlık Logosu - İspanyolca Versiyon	Titellogotyp - Spansk Version		Логотип на испанском языке
spb_title_ch2_12	Teaser Promo Image	ティザー　初期イメージ	Imagen Promocional	Werbeaufmacher		Immagine Promozionale	Imagem Promocional	Avance: Concepto inicial	Zajawka Promocyjna	前導宣傳圖	Fragman Tanıtım Görseli	Förhandsvisningskampanjbild 		Изначальное тизерное изображение
spb_title_ch2_13	Title Logo - Initial 1	タイトルロゴ　初期イメージ　１	Logotípo del Título - Inicial 1	Titellogo - Entwurf 1		Logo del Titolo - Iniziale 1	Logomarca - Inicial 1	Logo del título - Concepto inicial 1	Logo Tytułu - Inicjał 1	標題 初版 1	Başlık Logosu - İlk 1	Titellogotyp - Första 1		Вариант логотипа 1
spb_title_ch2_14	Title Logo - Initial 2	タイトルロゴ　初期イメージ　２	Logotípo del Título - Inicial 2	Titellogo - Entwurf 2		Logo del Titolo - Iniziale 2	Logomarca - Inicial 2	Logo del título - Concepto inicial 2	Logo Tytułu - Inicjał 2	標題 初版 2	Başlık Logosu - İlk 2	Titellogotyp - Första 2		Вариант логотипа 2
spb_title_ch2_15	Title Logo - Initial 3	タイトルロゴ　初期イメージ　３	Logotípo del Título - Inicial 3	Titellogo - Entwurf 3		Logo del Titolo - Iniziale 3	Logomarca - Inicial 3	Logo del título - Concepto inicial 3	Logo Tytułu - Inicjał 3	標題 初版 3	Başlık Logosu - İlk 3	Titellogotyp - Första 3		Вариант логотипа 3
														
spb_title_ch3_1	Shahra - Concept Image 1	シャーラ　初期イメージ　１	Shara - Imagen Conceptual	Shahra - Konzept 1		Shahra - Immagine Concettuale	Shahra - Imagem Conceitual	Shahra - Imagen conceptual	Shahra - Obraz Koncepcyjny	夏拉 概念圖	Shahra - Konsept Resim	Shahra - Konceptbild 1		Шахра: Концепт-арт 1
spb_title_ch3_2	Shahra - Concept Colors	シャーラ　初期カラー設定	Shara - Colores Conceptuales	Shahra - Konzeptfarben		Shahra - Colori Concettuali	Shahra - Cores Conceituais	Shahra - Colores conceptuales	Shahra - Kolory Koncepcyjne	夏拉 概念色	Shahra - Konsept Renkler	Shahra - Konceptfärger		Шахра: Цветовая гамма
spb_title_ch3_3	Shahra - 3 Faces	シャーラ　3面図	Shara - Tres Perspectivas	Shahra - 3 Perspektiven		Shahra - 3 Prospettive	Shahra - 3 Rostos	Shahra - Diagrama de tres vistas	Shahra - 3 Twarze	夏拉 三面圖	Shahra - 3 Yüzler	Shahra - 3 Ansikten		Шахра: В трёх ракурсах
spb_title_ch3_4	Shahra - Expressions 1	シャーラ　表情パターン　１	Shara - Expresiones 1	Shahra - Mimik 1		Shahra - Espressione 1	Shahra - Expressões 1	Shahra - Expresiones 1	Shahra - Wyrazy Twarzy 1	夏拉 表情 1	Shahra - İfadeler 1	Shahra - Uttryck 1		Шахра: Эмоции 1
spb_title_ch3_5	Shahra - Expressions 2	シャーラ　表情パターン　２	Shara - Expresiones 2	Shahra - Mimik 2		Shahra - Espressione 2	Shahra - Expressões 2	Shahra - Expresiones 2	Shahra - Wyrazy Twarzy 2	夏拉 表情 2	Shahra - İfadeler 2	Shahra - Uttryck 2		Шахра: Эмоции 2
spb_title_ch3_6	Shahra - Production CG Model	シャーラ　製作中ＣＧモデル	Shara - Modelo por Ordenador	Shahra - Computermodell		Shahra - Modello dei Filmati	Shahra - Modelo de Produção CG	Shahra - Modelo CG en producción	Shahra - Model CG do Produkcji	夏拉 製作中CG模型	Shahra - Üretim CG Modeli	Shahra - Produktions CG Modell		Шахра: CG-модель в процессе создания
spb_title_ch3_7	Shahra - Concept Image 2	シャーラ　初期イメージ　２	Shara - Imagen Conceptual 2	Shahra - Konzept 2		Shahra - Immagine Concettuale 2	Shahra - Imagem Conceitual 2	Shahra - Imagen conceptual 2	Shahra - Obraz Koncepcyjny 2	夏拉 概念圖 2	Shahra - Konsept Resim 2	Shahra - Konceptbild 2		Шахра: Концепт-арт 2
spb_title_ch3_8	Erazor - Concept Image 1	イレイザー　初期イメージ　１	Erazor - Imagen Conceptual 1	Erazor - Konzept 1		Erazor - Immagine Concettuale 1	Erazor - Imagem Conceitual 1	Erazor - Imagen conceptual 1	Erazor - Obraz Koncepcyjny 1	伊萊薩 概念圖 1	Erazor - Konsept Resim 1	Erazor - Konceptbild 1		Эрейзор: Концепт-арт 1
spb_title_ch3_9	Erazor - Concept Colors 1	イレイザー　初期カラー設定　１	Erazor - Colores Conceptuales 1	Erazor - Konzeptfarben 1		Erazor - Colori Concettuali 1	Erazor - Cores Conceituais 1	Erazor - Colores conceptuales 1	Erazor - Kolory Koncepcyjne 1	伊萊薩 概念色 1	Erazor - Konsept Renkler 1	Erazor - Konceptfärger 1		Эрейзор: Цветовая гамма 1
spb_title_ch3_10	Erazor - Concept Colors 2	イレイザー　初期カラー設定　２	Erazor - Colores Conceptuales 2	Erazor - Konzeptfarben 2		Erazor - Colori Concettuali 2	Erazor - Cores Conceituais 2	Erazor - Colores conceptuales 2	Erazor - Kolory Koncepcyjne 2	伊萊薩 概念色 2	Erazor - Konsept Renkler 2	Erazor - Konceptfärger 2		Эрейзор: Цветовая гамма 2
spb_title_ch3_11	Erazor - 3 Faces	イレイザー　３面図	Erazor - Tres Perspectivas	Erazor - 3 Perspektiven		Erazor - 3 Prospettive	Erazor - 3 Rostos	Erazor - Diagrama de tres vistas	Erazor - 3 Twarze	伊萊薩 三面圖	Erazor - 3 Yüzler	Erazor - 3 Ansikten		Эрейзор: В трёх ракурсах
spb_title_ch3_12	Erazor - Expressions 1	イレイザー　表情パターン　１	Erazor - Expresiones 1	Erazor - Mimik 1		Erazor - Espressioni 1	Erazor - Expressões 1	Erazor - Expresiones 1	Erazor - Wyrazy Twarzy 1	伊萊薩 表情 1	Erazor - İfadeler 1	Erazor - Uttryck 1		Эрейзор: Эмоции 1
spb_title_ch3_13	Erazor - Expressions 2	イレイザー　表情パターン　２	Erazor - Expresiones 2	Erazor - Mimik 2		Erazor - Espressioni 2	Erazor - Expressões 2	Erazor - Expresiones 2	Erazor - Wyrazy Twarzy 2	伊萊薩 表情 2	Erazor - İfadeler 2	Erazor - Uttryck 2		Эрейзор: Эмоции 2
spb_title_ch3_14	Erazor - Production CG Model	イレイザー　製作中ＣＧモデル	Erazor - Modelo por Ordenador	Erazor - Computermodell		Erazor - Modello dei Filmati	Erazor - Modelo de Produção CG	Erazor - Modelo CG en producción	Erazor - Model CG do Produkcji	伊萊薩 製作中的CG模型	Erazor - Üretim CG Modeli	Erazor - Produktions CG Modell		Эрейзор: CG-модель в процессе создания
spb_title_ch3_15	Erazor - Concept Image 2	イレイザー　初期イメージ　２	Erazor - Imagen Conceptual 2	Erazor - Konzept 2		Erazor - Immagine Concettuale 2	Erazor - Imagem Conceitual 2	Erazor - Imagen conceptual 2	Erazor - Obraz Koncepcyjny 2	伊萊薩 概念圖 1	Erazor - Konsept Resim 2	Erazor - Konceptbild 2		Эрейзор: Концепт-арт 2
														
spb_title_ch4_1	Ali-Baba Image	アリババ　イメージ	Imagen de Alí Babá	Ali-Baba		Immagine di Ali-Baba	Imagem de Ali Babá	Imagen de Ali Babá	Obraz Ali-Baby	阿里巴巴 圖像	Ali-Baba Resmi			Изображение Али Бабы
spb_title_ch4_2	Sinbad Image	シンドバッド　イメージ	Imagen de Simbad	Sindbad		Immagine di Sinbad	Imagem de Simbad	Imagen de Simbad	Obraz Sinbada	辛巴達 圖像	Sinbad Resmi			Изображение Синдбада
spb_title_ch4_3	King Shahryar Image	シャフリャール王　イメージ	Imagen del Sultán Shahriar	King Shahryar		Immagine di re Sciahriar	Imagem do Rei Xariar	Imagen del sultán Shahriar	Obraz Króla Shahryara	山魯亞爾國王 圖像	Kral Shahryar Resmi			Изображение царя Шахрияра
spb_title_ch4_4	King Solomon Image	ソロモン王　イメージ	Imagen del Rey Salomón	King Solomon		Immagine di re Solomone	Imagem do Rei Salomão	Imagen del rey Salomón	Obraz Króla Solomona	所羅門王 圖像	Kral Solomon Resmi			Изображение царя Соломона
spb_title_ch4_5	King Solomon Concept Image	ソロモン王　初期イメージ	Imagen Conceptual del Rey Salomón	King Solomon - Konzept		Immagine Concettuale di re Salomone	Imagem Conceitual do Rei Salomão	Imagen conceptual del rey Salomón	Obraz Koncepcyjny Króla Solomona	所羅門王 概念圖	Kral Solomon Konsept Resmi			Царь Соломон: Концепт-арт
spb_title_ch4_6	Erazor's Lamp Image	イレーザーのランプ　イメージ	Imagen de la Lámpara de Erazor	Erazors Lampe		Immagine della Lampada di Erazor	Imagem da Lâmpada do Erazor	Imagen de la lámpara de Erazor	Obraz Lampy Erazora	伊萊薩的神燈 圖像	Erazor'un Lamba Resmi			Изображение лампы Эрейзора
spb_title_ch4_7	Erazor's Lamp Concept	イレーザーのランプ　初期イメージ	Imagen Conceptual de la Lámpara de Erazor	Erazors Lampe - Konzept		Immagine Concettuale della Lampada di Erazor	Imagem Conceitual da Lâmpada do Erazor	Imagen conceptual de la lámpara de Erazor	Koncept Lampy Erazora	伊萊薩的神燈 概念圖	Erazor'un Lamba Konsepti			Первоначальное изображение лампы Эрейзора
spb_title_ch4_8	Shahra's Ring Image	シャーラのリング　イメージ	Imagen del Anillo de Shara	Shahras Ring		Immagine dell'Anello di Shahra	Imagem do Anel de Shahra	Imagen del anillo de Shahra	Obraz Pierścienia Shahry	夏拉的戒指 圖像	Shahra'nın Yüzük Resmi			Изображение кольца Шахры
spb_title_ch4_9	Shahra's Ring Concept	シャーラのリング　初期イメージ	Imagen Conceptual del Anillo de Shara	Shahras Ring - Konzept		Immagine Concettuale dell'Anello di Shahra	Imagem Conceitual do Anel de Shahra	Imagen conceptual del anillo de Shahra	Koncept Pierścienia Shahry	夏拉的戒指 概念圖	Shahra'nın Yüzük Konsepti			Первоначальное изображение кольца Шахры
spb_title_ch4_10	World Ring Image	世界リング　イメージ	Imagen de un Anillo Secreto	Weltenring		Immagine dell'Anello Mondiale	Imagem do Anel do Mundo	Imagen de un Anillo mundial	Obraz Pierścienia Świata	世界戒指 圖像	Dünya Yüzüğü Resmi			Изображение Мирового кольца
spb_title_ch4_11	World Ring Concept Image	世界リング　初期イメージ	Imagen Conceptual de un Anillo Secreto	Weltenring - Konzept		Immagine Concettruale dell'Anello Mondiale	Imagem Conceitual do Anel do Mundo	Imagen conceptual de un Anillo mundial	Obraz Koncepcyjny Pierścienia Świata	世界戒指 概念圖	Dünya Yüzüğü Konsept Resmi			Первоначальное изображение Мирового кольца
spb_title_ch4_12	Night Palace Exterior Concept	ナイトパレス外観　初期イメージ	Concepto del Exterior del Palacio Nocturno	Night Palace (außen) - Konzept		Concetto dell'esteriore del Palazzo Notturno	Imagem Conceitual do Exterior de Night Palace	Concepto del Exterior del Palacio Nocturno	Koncept Nocnego Pałacu na Zewnątrz	暗夜宮殿 外景概念圖	Gece Sarayı Dış Mekan Konsepti			Первоначальное изображение внешнего вида Ночного дворца
spb_title_ch4_13	World Ring Door Image	世界リングのとびら　イメージ	Imagen de la Puerta de los Anillos Secretos	Weltenringtür		Immagine della Porta degli Anelli Mondiali	Imagem da Porta dos Anéis do Mundo	Imagen de la puerta de los Anillos mundiales	Obraz Drzwi Pierścieni Świata	世界戒指之門 圖像	Dünya Yüzüğü Kapı Resmi			Изображение двери с Мировыми кольцами
spb_title_ch4_14	Throne Room Image	王座の間　イメージ	Imagen de la Sala del Trono	Thronsaal		Immagine della Sala del Trono	Imagem da Sala do Trono	Imagen de la sala del trono	Obraz Sali Tronowej	寶座廳 圖像	Taht Odası Resmi			Изображение тронного зала
spb_title_ch4_15	Arabian Nights' Book Image	アラビアンナイトの本　イメージ	Imagen del Libro de Las mil y una noches	Das Buch "Tausendundeine Nacht"		Immagine del Libro delle Mille e una Notte	Imagem do Livro das Mil e Uma Noites	Imagen del libro de """Las mil y una noches"""	Obraz Książki Arabskich Nocy	天方夜譚書本 圖像 	Binbir Gece Masalları' Kitap Görseli			Изображение книги """Тысяча и одна ночь"""
														
spb_title_ch5_1	Lost Prologue	ロストプロローグ	Prólogo Perdido	Lost Prologue		Prologo Perduto	Lost Prologue	Prólogo Perdido	Zaginiony Prolog	失落序章	Kayıp Başlangıç			Потерянный пролог
spb_title_ch5_2	Sand Oasis Image	サンドオアシス　イメージ	Oasis de Arena	Sand Oasis		Immagine di Oasi Sabbiose	Imagem de Sand Oasis	Imagen de Oasis Arenoso	Obraz Piaszczystej Oazy	沙漠綠洲 圖像	Kum Vahası Resmi			Изображение Песчаного оазиса
spb_title_ch5_3	Sand Oasis Image	サンドオアシス　イメージ	Oasis de Arena	Sand Oasis		Immagine di Oasi Sabbiose	Imagem de Sand Oasis	Imagen de Oasis Arenoso	Obraz Piaszczystej Oazy	沙漠綠洲 圖像	Kum Vahası Resmi			Изображение Песчаного оазиса
spb_title_ch5_4	Dinosaur Jungle Image	ダイナソージャングル　イメージ	Jungla Jurásica	Dinosaur Jungle		Immagine della Giungla dei Dinosauri	Imagem de Dinosaur Jungle	Imagen de Dino Jungla	Obraz Dżungli Dinozaurów	恐龍叢林 圖像	Dinazor Ormanı Resmi			Изображение Джунглей динозавров
spb_title_ch5_5	Dinosaur Jungle Image	ダイナソージャングル　イメージ	Jungla Jurásica	Dinosaur Jungle		Immagine della Giungla dei Dinosauri	Imagem de Dinosaur Jungle	Imagen de Dino Jungla	Obraz Dżungli Dinozaurów	恐龍叢林 圖像	Dinazor Ormanı Resmi			Изображение Джунглей динозавров
spb_title_ch5_6	Dinosaur Jungle Image	ダイナソージャングル　イメージ	Jungla Jurásica	Dinosaur Jungle		Immagine della Giungla dei Dinosauri	Imagem de Dinosaur Jungle	Imagen de Dino Jungla	Obraz Dżungli Dinozaurów	恐龍叢林 圖像	Dinazor Ormanı Resmi			Изображение Джунглей динозавров
spb_title_ch5_7	Dinosaur Jungle Image	ダイナソージャングル　イメージ	Jungla Jurásica	Dinosaur Jungle		Immagine della Giungla dei Dinosauri	Imagem de Dinosaur Jungle	Imagen de Dino Jungla	Obraz Dżungli Dinozaurów	恐龍叢林 圖像	Dinazor Ormanı Resmi			Изображение Джунглей динозавров
spb_title_ch5_8	Evil Foundry Image	イビルフャウンドリー　イメージ	Forja Maligna	Evil Foundry		Immagine della Fonderia Maligna	Imagem de Evil Foundry	Imagen de Fundición Maléfica	Obraz Przeklętej Odlewni	萬惡鑄造廠 圖像	Kötü Dökümhane Resmi			Изображение Плавильни зла
spb_title_ch5_9	Evil Foundry Image	イビルフャウンドリー　イメージ	Forja Maligna	Evil Foundry		Immagine della Fonderia Maligna	Imagem de Evil Foundry	Imagen de Fundición Maléfica	Obraz Przeklętej Odlewni	萬惡鑄造廠 圖像	Kötü Dökümhane Resmi			Изображение Плавильни зла
spb_title_ch5_10	Evil Foundry Image	イビルフャウンドリー　イメージ	Forja Maligna	Evil Foundry		Immagine della Fonderia Maligna	Imagem de Evil Foundry	Imagen de Fundición Maléfica	Obraz Przeklętej Odlewni	萬惡鑄造廠 圖像	Kötü Dökümhane Resmi			Изображение Плавильни зла
spb_title_ch5_11	Evil Foundry Image	イビルフャウンドリー　イメージ	Forja Maligna	Evil Foundry		Immagine della Fonderia Maligna	Imagem de Evil Foundry	Imagen de Fundición Maléfica	Obraz Przeklętej Odlewni	萬惡鑄造廠 圖像	Kötü Dökümhane Resmi			Изображение Плавильни зла
spb_title_ch5_12	Evil Foundry Image	イビルフャウンドリー　イメージ	Forja Maligna	Evil Foundry		Immagine della Fonderia Maligna	Imagem de Evil Foundry	Imagen de Fundición Maléfica	Obraz Przeklętej Odlewni	萬惡鑄造廠 圖像	Kötü Dökümhane Resmi			Изображение Плавильни зла
spb_title_ch5_13	Levitated Ruins Image	レビテイテッドルーイン　イメージ	Ruinas Levitantes	Levitated Ruins		Immagine delle Rovine Levitate	Imagem de Levitated Ruins	Imagen de Ruinas Levitadas	Obraz Lewitujących Ruin	懸浮遺址 圖像	Havadaki Harabe Resmi			Изображение Парящих руин
spb_title_ch5_14	Levitated Ruins Image	レビテイテッドルーイン　イメージ	Ruinas Levitantes	Levitated Ruins		Immagine delle Rovine Levitate	Imagem de Levitated Ruins	Imagen de Ruinas Levitadas	Obraz Lewitujących Ruin	懸浮遺址 圖像	Havadaki Harabe Resmi			Изображение Парящих руин
spb_title_ch5_15	Levitated Ruins Image	レビテイテッドルーイン　イメージ	Ruinas Levitantes	Levitated Ruins		Immagine delle Rovine Levitate	Imagem de Levitated Ruins	Imagen de Ruinas Levitadas	Obraz Lewitujących Ruin	懸浮遺址 圖像	Havadaki Harabe Resmi			Изображение Парящих руин
														
spb_title_ch6_1	Pirate Storm Image	パイレーツ　ストーム　イメージ	Tormenta Pirata	Pirate Storm		Immagine della Tempesta Pirata	Imagem de Pirate Storm	Imagen de Tormenta Pirata	Obraz Pirackiego Sztormu	海盜暴風 圖像	Korsan Fırtınası Resmi			Изображение Пиратского шторма
spb_title_ch6_2	Pirate Storm Image	パイレーツ　ストーム　イメージ	Tormenta Pirata	Pirate Storm		Immagine della Tempesta Pirata	Imagem de Pirate Storm	Imagen de Tormenta Pirata	Obraz Pirackiego Sztormu	海盜暴風 圖像	Korsan Fırtınası Resmi			Изображение Пиратского шторма
spb_title_ch6_3	Pirate Storm Image	パイレーツ　ストーム　イメージ	Tormenta Pirata	Pirate Storm		Immagine della Tempesta Pirata	Imagem de Pirate Storm	Imagen de Tormenta Pirata	Obraz Pirackiego Sztormu	海盜暴風 圖像	Korsan Fırtınası Resmi			Изображение Пиратского шторма
spb_title_ch6_4	Skeleton Dome Image	スケレトンドーム　イメージ	Domo Esquelético	Skeleton Dome		Immagine della Cupola Scheletrica	Imagem de Skeleton Dome	Imagen de Domo Esquelético	Obraz Kopuły Szkieletów	骷髏巨蛋 圖像	İskelet Kubbesi Resmi			Изображение Скелетного свода
spb_title_ch6_5	Skeleton Dome Image	スケレトンドーム　イメージ	Domo Esquelético	Skeleton Dome		Immagine della Cupola Scheletrica	Imagem de Skeleton Dome	Imagen de Domo Esquelético	Obraz Kopuły Szkieletów	骷髏巨蛋 圖像	İskelet Kubbesi Resmi			Изображение Скелетного свода
spb_title_ch6_6	Skeleton Dome Image	スケレトンドーム　イメージ	Domo Esquelético	Skeleton Dome		Immagine della Cupola Scheletrica	Imagem de Skeleton Dome	Imagen de Domo Esquelético	Obraz Kopuły Szkieletów	骷髏巨蛋 圖像	İskelet Kubbesi Resmi			Изображение Скелетного свода
spb_title_ch6_7	Skeleton Dome Image	スケレトンドーム　イメージ	Domo Esquelético	Skeleton Dome		Immagine della Cupola Scheletrica	Imagem de Skeleton Dome	Imagen de Domo Esquelético	Obraz Kopuły Szkieletów	骷髏巨蛋 圖像	İskelet Kubbesi Resmi			Изображение Скелетного свода
spb_title_ch6_8	Skeleton Dome Image	スケレトンドーム　イメージ	Domo Esquelético	Skeleton Dome		Immagine della Cupola Scheletrica	Imagem de Skeleton Dome	Imagen de Domo Esquelético	Obraz Kopuły Szkieletów	骷髏巨蛋 圖像	İskelet Kubbesi Resmi			Изображение Скелетного свода
spb_title_ch6_9	Skeleton Dome Image	スケレトンドーム　イメージ	Domo Esquelético	Skeleton Dome		Immagine della Cupola Scheletrica	Imagem de Skeleton Dome	Imagen de Domo Esquelético	Obraz Kopuły Szkieletów	骷髏巨蛋 圖像	İskelet Kubbesi Resmi			Изображение Скелетного свода
spb_title_ch6_10	Night Palace Image	ナイトパレス　イメージ	Palacio Nocturno	Night Palace		Immagine del Palazzo Notturno	Imagem de Night Palace	Imagen de Palacio Nocturno	Obraz Nocnego Pałacu	暗夜宮殿 圖像	Gece Sarayı Resmi			Изображение Ночного дворца
spb_title_ch6_11	Night Palace Image	ナイトパレス　イメージ	Palacio Nocturno	Night Palace		Immagine del Palazzo Notturno	Imagem de Night Palace	Imagen de Palacio Nocturno	Obraz Nocnego Pałacu	暗夜宮殿 圖像	Gece Sarayı Resmi			Изображение Ночного дворца
spb_title_ch6_12	Night Palace Image	ナイトパレス　イメージ	Palacio Nocturno	Night Palace		Immagine del Palazzo Notturno	Imagem de Night Palace	Imagen de Palacio Nocturno	Obraz Nocnego Pałacu	暗夜宮殿 圖像	Gece Sarayı Resmi			Изображение Ночного дворца
spb_title_ch6_13	Night Palace Image	ナイトパレス　イメージ	Palacio Nocturno	Night Palace		Immagine del Palazzo Notturno	Imagem de Night Palace	Imagen de Palacio Nocturno	Obraz Nocnego Pałacu	暗夜宮殿 圖像	Gece Sarayı Resmi			Изображение Ночного дворца
spb_title_ch6_14	Night Palace Image	ナイトパレス　イメージ	Palacio Nocturno	Night Palace		Immagine del Palazzo Notturno	Imagem de Night Palace	Imagen de Palacio Nocturno	Obraz Nocnego Pałacu	暗夜宮殿 圖像	Gece Sarayı Resmi			Изображение Ночного дворца
spb_title_ch6_15	Night Palace Image	ナイトパレス　イメージ	Palacio Nocturno	Night Palace		Immagine del Palazzo Notturno	Imagem de Night Palace	Imagen de Palacio Nocturno	Obraz Nocnego Pałacu	暗夜宮殿 圖像	Gece Sarayı Resmi			Изображение Ночного дворца
														
spb_title_ch7_1	Sand Scorpion	サンド　スコーピオン	Escorpión de Arena	Sand Scorpion		Scorpione delle Sabbie	Sand Scorpion	Escorpión de la Arena	Piaskowy Skorpion	沙漠巨蠍	Kum Akrebi			Песчаный скорпион
spb_title_ch7_2	Ifrit Golem	イフリート　ゴーレム	Gólem Ifrit	Ifrit Golem		Golem Ifrit	Ifrit Golem	Ifrit Gólem	Golem Ifrit	伊弗利特巨像	Ifrit Golemi			Ифрит Голем
spb_title_ch7_3	Captain Bemoth	キャプテン　ベモス	Capitán Bimoz	Captain Bemoth		Capitano Bemoth	Capitão Bemoth	Capitán Bémot	Kapitan Bemoth	貝摩斯船長	Kaptan Bemoth			Капитан Бемот
spb_title_ch7_4	Erazor Djinn	イレーザー・ジン	Erazor el Yinn	Erazor Djinn		Erazor Djinn	Erazor Djinn	Erazor, el Genio	Erazor Dżin	伊萊薩	Erazor Cin			Эрейзор Джинн
spb_title_ch7_5	Alf Layla wa-Layla	アルフ・ライラ・ワ・ライラ	Alf Leyla wa-Leyla	Alf Layla wa-Layla		Alf Layla wa-Layla	Alf Layla wa-Layla	Alf Leyla wa Leyla	Alf Layla wa-Layla	一千零一夜	Alf Layla wa-Layla			Альф-Лейла-ва-Лейла
spb_title_ch7_6	Genie 1	マジン　１	Genio 1	Geist 1		Genio 1	Gênio 1	Majin 1	Dżin 1	精靈 1	Cin 1			Злой дух 1
spb_title_ch7_7	Genie 2	マジン　２	Genio 2	Geist 2		Genio 2	Gênio 2	Majin 2	Dżin 2	精靈 2	Cin 2			Злой дух 2
spb_title_ch7_8	Genie 3	マジン　３	Genio 3	Geist 3		Genio 3	Gênio 3	Majin 3	Dżin 3	精靈 3	Cin 3			Злой дух 3
spb_title_ch7_9	Genie 4	マジン　４	Genio 4	Geist 4		Genio 4	Gênio 4	Majin 4	Dżin 4	精靈 4	Cin 4			Злой дух 4
spb_title_ch7_10	Genie 5	マジン　５	Genio 5	Geist 5		Genio 5	Gênio 5	Majin 5	Dżin 5	精靈 5	Cin 5			Злой дух 5
spb_title_ch7_11	Genie 6	マジン　６	Genio 6	Geist 6		Genio 6	Gênio 6	Majin 6	Dżin 6	精靈 6	Cin 6			Злой дух 6
spb_title_ch7_12	Genie 7	マジン　７	Genio 7	Geist 7		Genio 7	Gênio 7	Majin 7	Dżin 7	精靈 7	Cin 7			Злой дух 7
spb_title_ch7_13	Genie 8	マジン　８	Genio 8	Geist 8		Genio 8	Gênio 8	Majin 8	Dżin 8	精靈 8	Cin 8			Злой дух 8
spb_title_ch7_14	Genie 9	マジン　９	Genio 9	Geist 9		Genio 9	Gênio 9	Majin 9	Dżin 9	精靈 9	Cin 9			Злой дух 9
spb_title_ch7_15	Genie 10	マジン　１０	Genio 10	Geist 10		Genio 10	Gênio 10	Majin 10	Dżin 10	精靈 10	Cin 10			Злой дух 10
														
spb_title_ch8_1	The World of the Book	アラビアンナイトを救う伝説のはじまり	El Mundo del Libro	Die Welt des Buches		Il Mondo del Libro	O Mundo do Livro	Comienza la leyenda para salvar\n"""Las mil y una noches"""	Świat Książki	書之世界	Kitap Dünyası		The Start of the Legend\nthat Saved the Arabian Nights	Начало истории по спасению\n"""Тысячи и одной ночи""".
spb_title_ch8_2	Erazor Appears	世界を刈りとる者と書きこまれた者	Aparece Erazor	Erazor erscheint		Appare Erazor	Erazor Surge	El segador del mundo y aquel del que se escribió	Pojawia się Erazor	伊萊薩現身	Erazor Görünüyor		Those Who Reap the World\nand Those Who are Written	Тот, кто стирает мир,\nи тот, кого в него вписали.
spb_title_ch8_3	The King is Found!	ツボのなかの国王と青いトゲトゲ	El Sultán en el Jarrón	Der König ist gefunden!		Il re è trovato!	O Rei é Encontrado!	El sultán en el jarrón y el espinoso azul	Odnaleziono Króla!	發現國王！	Kral Bulundu!		The King in the Pot and the Blue Spikes	Царь из кувшина\nи синий с шипами.
spb_title_ch8_4	A Grateful Ali-Baba	器用なアリババ	El Ingenioso Alí Babá	Dankbarer Ali-Baba		Un Ali-Baba riconoscente	A Gratidão de Ali Babá	El astuto Alí Babá	Wdzięczny Ali-Baba	感激的阿里巴巴	Minnettar bir Ali-Baba		The Clever Ali-Baba	Ловкий Али-Баба.
spb_title_ch8_5	The Sand Scorpion Appears	サンド　スコーピオン　登場	Aparece el Escorpión de Arena	Der Sand Scorpion erscheint		Appare lo Scorpione delle Sabbie	Sand Scorpion Surge	El Escorpión de la arena aparece	Pojawia się Piaskowy Skorpion	沙漠巨蠍登場	Kum Akrebi Görünüyor			Появление песчаного скорпиона.
spb_title_ch8_6	The Ring of Joy	黄色の世界リング　ゲート！	El Anillo del Júbilo	Der gelbe Weltenring		L'anello della Gioia	O Anel da Felicidade	¡Obteniendo el Anillo amarillo de la Alegría!	Pierścień Radości	獲得快樂之戒！	Sevinç Yüzüğü			Вы получили жёлтое\nМировое кольцо!
spb_title_ch8_7	Rescuing the King	王様を助けてみたものの…	Rescatando al Sultán	Die Rettung des Königs		Salvare il re	Resgatando o Rei	Intentando ayudar al sultán...	Ratowanie Króla	拯救國王	Kralı Kurtarmak			Попробовал спасти царя, но...
spb_title_ch8_8	The Ring of Hatred	緑色の世界リング　ゲート！	El Anillo del Odio	Der grüne Weltenring		L'anello dell'Odio	O Anel do Ódio	¡Obteniendo el Anillo verde del Odio!	Pierścień Nienawiści	獲得憎恨之戒！	Nefret Yüzüğü			Вы получили зелёное\nМировое кольцо!
spb_title_ch8_9	The Fire Spirit Appears	強敵　炎のマジンあらわる	Aparece el Espíritu de Fuego	Der Feuergeist erscheint		Appare lo Spirito di Fuoco 	O Espirito de Fogo Surge	Un formidable enemigo: el majin de fuego	Pojawia się Ognisty Duch	火焰精靈現身	Ateş Ruhu Görünüyor			Появляется сильный\nпротивник, злой дух огня.
spb_title_ch8_10	Ali-Baba's Advice	アリババの助言、新たな冒険	El Consejo de Alí Babá	Ali-Babas guter Rat		Il Consiglio di Ali-Baba	O Conselho de Ali Babá	El consejo de Alí Babá, una nueva aventura	Porada Ali-Baby	阿里巴巴的建議	Ali-Baba'nın Tavsiyeleri		Ali-Baba's Advice; A New Adventure	Совет от Али-Бабы,\nновое приключение.
spb_title_ch8_11	Meeting Sinbad	７つの海をまたにかけた冒険者！？	Encuentro con Simbad	Begegnung mit Sindbad		Incontro con Sinbad	Encontrando Simbad	¡¿Un aventurero que ha cruzado los siete mares?!	Spotkanie Sinbada	遇見辛巴達	Sinbadla Buluşma		The Adventurer Who Crossed the 7 Seas!?	Искатель приключений,\nкоторый обошёл семь морей?!
spb_title_ch8_12	The Rescue of Sinbad!	炎のマジンには水をカイゾクには何を？	¡El Rescate de Simbad!	Sindbads Rettung!		Il Salvataggio di Sinbad!	O Resgate de Simbad!	Agua para el majin de fuego,\n¿pero para los piratas?	Uratowanie Sinbada!	拯救辛巴達！	Sinbad'ın Kurtarılması!			Духа огня окатить водой,\nа что делать с пиратами?
spb_title_ch8_13	The Ring of Prayers	青色の世界リング　ゲート！	El Anillo de la Fe	Der blaue Weltenring		L'Anello delle Preghiere	O Anel da Esperança	¡Obteniendo el Anillo azul de las Plegarias!	Pierścień Pacierzy	獲得祝禱之戒	Dua Yüzüğü			Вы получили синее\nМировое кольцо!
spb_title_ch8_14	Pirates Sighted!	海賊船団　発見！	¡Piratas a la Vista!	Piraten in Sicht!		Pirati in Vista!	Piratas à Vista!	¡Piratas a la vista!	Piraci na Horyzoncie!	發現海盜團！	Korsanlar Görüldü!			Обнаружены пиратские корабли!
spb_title_ch8_15	Captain Bemoth Appears	キャプテン　ベモス　登場	Aparece el Capitán Bimoz	Captain Bemoth erscheint		Appare il Capitano Bemoth	Captain Bemoth Surge	El Capitán Bémot aparece	Pojawia się Kapitan Bemoth	貝摩斯船長登場	Kaptan Bemoth Görünüyor			Появление капитана Бемота.
														
spb_title_ch9_1	The Ring of Pleasure	水色の世界リング　ゲット！	El Anillo del Placer	Der wasserblaue Weltenring		L'Anello del Piacere	O Anel do Prazer	¡Obteniendo el Anillo celeste del Placer!	Pierścień Przyjemności	愉悅之戒	Zevk Yüzüğü			Вы получили голубое\nМировое кольцо!
spb_title_ch9_2	Rematch with the Ifrit	イフリートとの再戦！	Revancha contra el Ifrit	Wiedersehen mit dem Ifrit		Rivincita con l'Ifrit	Revanche contra Ifrit	¡La revancha contra el ifrit!	Rewanż z Ifritem	再戰伊弗利特	Ifritle Rövanş			Повторная схватка с Ифритом!
spb_title_ch9_3	Escaping the Factory	マジン工場から脱出	Escapando de la Fábrica	Flucht aus der Fabrik		Scappare dalla Fabbrica	Fugindo da Fábrica	Escape de la fábrica majin	Ucieczka z Fabryki	逃離工廠	Fabrikadan Kaçış		Escape from the Genie Factory	Побег с завода злых духов.
spb_title_ch9_4	The Ring of Rage	赤色の世界リング　ゲット！	El Anillo de la Ira	Der rote Weltenring		L'Anello della Rabbia	O Anel da Raiva	¡Obteniendo el Anillo rojo de la Furia!	Pierścień Wściekłości	憤怒之戒	Öfke Yüzüğü			Вы получили красное\nМировое кольцо!
spb_title_ch9_5	King Solomon	朽ちた王座のシャレコウべ	El Rey Salomón	King Solomon		Re Salomone	Rei Salomão	La calavera sombría del trono decadente	Król Solomon	所羅門王	Kral Solomon		The Skull on the Decayed Throne	Череп в ветхом тронном зале.
spb_title_ch9_6	The Ring of Wishes	白色の世界リング　ゲット！	El Anillo de la Ambición	Der weiße Weltenring		L'Anello dei Desideri	O Anel dos Desejos	¡Obteniendo el Anillo blanco de los Deseos!	Pierścień Pacierzy	願望之戒	Dilek Yüzüğü			Вы получили белое\nМировое кольцо!
spb_title_ch9_7	Enemy Stronghold	月夜こうかぶ空中宮殿	El Palacio Celeste	Feindliche Hochburg		La Roccaforte dei Nemici	Fortaleza Inimiga	El palacio en el cielo iluminado por la Luna	Twierdza Przeciwnika	敵人要塞	Düşman Kalesi		The Floating Moonlit Palace	Ограничение по времени\nи обещание, которое не забыть.
spb_title_ch9_8	Entering the Palace	タイムリミットとわすれない約束	Entrando al Palacio	Betreten des Palastes		Entrando al Palazzo	Entrando no Palácio	Plazos y promesas inolvidables	Wejście do Pałacu	進入宮殿	Saraya Girmek		The Time Limit and Promise	Дворец, парящий в небе,\nв свете Луны.
spb_title_ch9_9	The Ring of Sadness	紫色の世界リング　ゲット！	El Anillo de la Tristeza	Der lila Weltenring		L'Anello della Tristezza	O Anel da Tristeza	¡Obteniendo el Anillo morado de la Tristeza!	Pierścień Smutku	悲戚之戒	Üzüntü Yüzüğü			Вы получили фиолетовое\nМировое кольцо!
spb_title_ch9_10	Battle With Erazor	切りきざまれるのは　いつもプライド	Batalla contra Erazor	Kampf gegen Erazor		Battaglia con Erazor	Batalha contra Erazor	Lo que queda hecho trizas es siempre el orgullo	Bitwa z Erazorem	與伊萊薩戰鬥	Erazor İle Kapışma		Pride is Always Cut Down	Первой страдает\nименно гордость.
spb_title_ch9_11	The Mysterious Door	ナゾの扉と本の装丁	La Puerta Misteriosa	Die mysteriöse Tür		La Porta Misteriosa	A Porta Misteriosa	La puerta misteriosa y la portada del libro	Tajemnicze Drzwi	神秘之門	Gizemli Kapı		The Mysterious Door\nand the Book's Design	Таинственная дверь\nи переплёт книги.
spb_title_ch9_12	Alf Layla wa-Layla Appears	滅びるゆくのは野心	Aparece Alf Leyla wa-Leyla	Alf Layla wa Layla erscheint		Appare Alf Layla wa-Layla	Alf Layla wa-Layla Surge	La ambición es lo que perece.	Pojawia się Alf Layla wa-Layla	一千零一夜登場	Alf Layla wa-Layla Görünüyor		Dying Ambition	Что погибает, так это амбиции!
spb_title_ch9_13	End Credits	スタッフロール	Créditos Finales	Abspann		Riconoscimenti Finali	Créditos	Créditos finales	Napisy Końcowe	結局名單	Bitiş Jeneriği			Титры
spb_title_ch9_14	Development Team Intro	開発チーム紹介	Introducción del Equipo de Desarrollo	Vorstellung des Entwicklerteams		Introduzione al Team di Sviluppo	Introdução do Time de Desenvolvimento	Conoce al equipo de desarrollo	Intro Drużyny Deweloperskiej	開發團隊介紹	Geliştirme Takımı Tanıtımı			Знакомство с командой разработчиков
spb_title_ch9_15														
														
spb_title_ch10_1	Opening - Animatic	オープニング　コンテ動画	Apertura - Guión Gráfico Animado	Anfang - Animatic		Apertura - Animatico	Abertura - Animatic	Video del guion gráfico de la apertura.	Wprowadzenie - Animatik	入場動畫 分鏡	Açılış - Animatik			Вступление, видео с раскадровкой
spb_title_ch10_2	Opening - In-Production 1	オープニング　途中段階　１	Apertura - En Producción 1	Anfang - Produktionsarbeiten 1		Apertura - In Produzione 1	Abertura - Em Produção 1	Apertura - En progreso 1	Wprowadzenie - W Produkcji 1	入場動畫 製作途中 1	Açılış - Yapım Aşamasında 1			Вступление, промежуточный этап 1
spb_title_ch10_3	Opening - In-Production 2	オープニング　途中段階　２	Apertura - En Producción 2	Anfang - Produktionsarbeiten 2		Apertura - In Produzione 2	Abertura - Em Produção 2	Apertura - En progreso 2	Wprowadzenie - W Produkcji 2	入場動畫 製作途中 2	Açılış - Yapım Aşamasında 2			Вступление, промежуточный этап 2
spb_title_ch10_4	Ending - Animatic	エンディング　コンテ動画	Desenlace - Guión Gráfico Animado	Ende - Animatic		Fine - Animatico	Encerramento - Animatic	Video del guion gráfico del cierre	Zakończenie - Animatik	結局動畫 分鏡	Bitiş - Animatik			Заключение, видео с раскадровкой
spb_title_ch10_5	Ending - In-Production 1	エンディング　途中段階　１	Desenlace - En Producción 1	Ende - Produktionsarbeiten 1		Fine - In Produzione 1	Encerramento - Em Produção 1	Cierre - En progreso 1	Zakończenie - W Produkcji 1	結局動畫 製作途中 1	Bitiş - Yapım Aşamasında 1			Заключение, промежуточный этап 1
spb_title_ch10_6	Ending - In-Production 2	エンディング　途中段階　２	Desenlace - En Producción 2	Ende - Produktionsarbeiten 2		Fine - In Produzione 2	Encerramento - Em Produção 2	Cierre - En progreso 2	Zakończenie - W Produkcji 2	結局動畫 製作途中 2	Bitiş - Yapım Aşamasında 2			Заключение, промежуточный этап 2
spb_title_ch10_7	Opening - Finished Version	オープニング　完成版	Apertura - Versión Final	Anfang - Fertige Version		Apertura - Versione Finale	Abertura - Versão Final	Apertura - Versión final	Wprowadzenie - Wersja Finalna	入場動畫—完成版	Açılış - Bitmiş Versiyonu			Вступление, финальная версия
spb_title_ch10_8	Ending - Finished Version	エンディング　完成版	Desenlace - Versión Final	Ende - Fertige Version		Fine - Versione Finale	Encerramento - Versão Final	Cierre - Versión final	Zakończenie - Wersja Finalna	結局動畫—完成版	Bitiş - Bitmiş Versiyonu			Заключение, финальная версия
spb_title_ch10_9	Object Memo	しかけ　メモ	Nota con un Objeto	Memo: Objekte		Nota di un Oggetto	Nota de Objeto	Nota sobre los objetos	Opis Obiektu	物件 備忘	Nesne Notu			Заметки с начальной стадии
spb_title_ch10_10	Dinosaur Jungle Memo	ダイナソージャングル　メモ	Nota de la Jungla Jurásica	Memo: Dinosaur Jungle		Nota della Giungla dei Dinosauri	Nota de Dinosaur Jungle	Nota sobre Dino Jungla	Opis Dżungli Dinozaurów	恐龍叢林 備忘	Dinazor Ormanı Notu			Заметки о Джунглях динозавров
spb_title_ch10_11	Golem Djinn Memo	ゴーレム・ジン　メモ	Nota del Yinn Gólem	Memo: Golem Djinn		Nota del Golem Djinn	Nota de Golem Djinn	Nota sobre el majin gólem	Opis Golema Dżin	精靈巨像 備忘	Golem Djinn Notu			Заметки об Голем Джинне
spb_title_ch10_12	Ifrit Golem Memo	イフリート　ゴーレム　メモ	Nota del Gólem Ifrit	Memo: Ifrit Golem		Nota del Golem Ifrit	Nota de Ifrit Golem	Nota sobre el Ifrit Gólem	Opis Ifrit Golema	伊弗利特巨像 備忘	Ifrit Golem Notu			Заметки об Голем Ифрите
spb_title_ch10_13	Levitated Ruin Memo 1	レビテイテッドルーイン　メモ　１	Nota de las Ruinas Levitantes 1	Memo: Levitated Ruin 1		Nota delle Rovine Levitate 1	Nota de Levitated Ruins 1	Nota sobre Ruinas Levitadas 1	Opis Lewitujących Ruin 1	懸浮遺址 備忘 1	Havadaki Harabe Notu 1			Заметки о Парящих руинах 1
spb_title_ch10_14	Levitated Ruin Memo 2	レビテイテッドルーイン　メモ　２	Nota de las Ruinas Levitantes 2	Memo: Levitated Ruin 2		Nota delle Rovine Levitate 2	Nota de Levitated Ruins 2	Nota sobre Ruinas Levitadas 2	Opis Lewitujących Ruin 2	懸浮遺址 備忘 2	Havadaki Harabe Notu 2			Заметки о Парящих руинах 2
spb_title_ch10_15	Skeleton Dome Memo	スケレトンドーム　メモ	Nota del Domo Esquelético	Memo: Skeleton Dome		Nota della Cupola Scheletrica	Nota de Skeleton Dome	Nota sobre Domo Esquelético	Opis Kopuły Szkieletów	骷髏巨蛋 備忘	İskelet Kubbesi Notu			Заметки о Скелетном своде
														
spb_title_ch11_1	Sandstorm		Sandstorm	Sandstorm		Sandstorm	Sandstorm		Sandstorm		Sandstorm			Sandstorm
spb_title_ch11_2	Seven Rings In Hand		Seven Rings In Hand	Seven Rings In Hand		Seven Rings In Hand	Seven Rings In Hand		Seven Rings in Hand		Seven Rings In Hand			Seven Rings In Hand
spb_title_ch11_3	The Lost Prologue		The Lost Prologue	The Lost Prologue		The Lost Prologue	The Lost Prologue		The Lost Prologue		The Lost Prologue			The Lost Prologue
spb_title_ch11_4	Let The Speed Mend It		Let The Speed Mend It	Let The Speed Mend It		Let The Speed Mend It	Let The Speed Mend It		Let The Speed Mend It		Let The Speed Mend It			Let The Speed Mend It
spb_title_ch11_5	The Wicked Wild		The Wicked Wild	The Wicked Wild		The Wicked Wild	The Wicked Wild		The Wicked Wild		The Wicked Wild			The Wicked Wild
spb_title_ch11_6	The Palace That Was Found		The Palace That Was Found	The Palace That Was Found		The Palace That Was Found	The Palace That Was Found		The Palace That Was Found		The Palace That Was Found			The Palace That Was Found
spb_title_ch11_7	High And Broken		High And Broken	High And Broken		High And Broken	High And Broken		High And Broken		High And Broken			High And Broken
spb_title_ch11_8	No Way Through		No Way Through	No Way Through		No Way Through	No Way Through		No Way Through		No Way Through			No Way Through
spb_title_ch11_9	The White of Sky		The White of Sky	The White of Sky		The White Sky	The White of Sky		The White of Sky		The White of Sky			The White of Sky
spb_title_ch11_10	Unawakening Float		Unawakening Float	Unawakening Float		Unawakening Float	Unawakening Float		Unawakening Float		Unawakening Float			Unawakening Float
spb_title_ch11_11	Poison Spear		Poison Spear	Poison Spear		Poison Spear	Poison Spear		Poison Spear		Poison Spear			Poison Spear
spb_title_ch11_12	How It Started		How It Started	How It Started		How It Started	How It Started		How It Started		How It Started			How It Started
spb_title_ch11_13	Blue On The Run		Blue On The Run	Blue On The Run		Blue On The Run	Blue On The Run		Blue On The Run		Blue On The Run			Blue On The Run
spb_title_ch11_14	It Has Come To This		It Has Come To This	It Has Come To This		It Has Come To This	It Has Come To This		It Has Come To This		It Has Come To This			It Has Come To This
spb_title_ch11_15	The Power of The Ring		The Power of The Ring	The Power of The Ring		The Power of The Ring	The Power of The Ring		The Power of The Ring		The Power of The Ring			The Power of The Ring
														
spb_title_ch12_1	The Legendary Blue Hedgehog		The Legendary Blue Hedgehog	The Legendary Blue Hedgehog		The Legendery Blue Hedgehog	The Legendary Blue Hedgehog		The Legendary Blue Hedgehog		The Legendary Blue Hedgehog			The Legendary Blue Hedgehog
spb_title_ch12_2	Judgement		Judgement	Judgement		Judgement	Judgement		Judgement		Judgement			Judgement
spb_title_ch12_3	King of Kings		King of Kings	King of Kings		King of Kings	King of Kings		King of Kings		King of Kings			King of Kings
spb_title_ch12_4	His Fate		His Fate	His Fate		His Fate	His Fate		His Fate		His Fate			His Fate
spb_title_ch12_5	Shimmer of Hot Air		Shimmer of Hot Air	Shimmer of Hot Air		Shimmer of Hot Air	Shimmer of Hot Air		Shimmer of Hot Air		Shimmer of Hot Air			Shimmer of Hot Air
spb_title_ch12_6	Misgiving		Misgiving	Misgiving		Misgiving	Misgiving		Misgiving		Misgiving			Misgiving
spb_title_ch12_7	The Promise		The Promise	The Promise		The Promise	The Promise		The Promise		The Promise			The Promise
spb_title_ch12_8	Miss You		Miss You	Miss You		Miss You	Miss You		Miss You		Miss You			Miss You
spb_title_ch12_9	Worth a Chance		Worth a Chance	Worth a Chance		Worth a Chance	Worth a Chance		Worth a Chance		Worth a Chance			Worth a Chance
spb_title_ch12_10	Ali Baba & Sinbad Rescued!		Ali Baba & Sinbad Rescued!	Ali Baba & Sinbad Rescued!		Ali Baba & Sinbad Rescued!	Ali Baba & Sinbad Rescued!		Ali Baba & Sinbad Rescued!		Ali Baba & Sinbad Rescued!			Ali Baba & Sinbad Rescued!
spb_title_ch12_11	Revive		Revive	Revive		Revive	Revive		Revive		Revive			Revive
spb_title_ch12_12	Shimmer of Hot Air - Heat		Shimmer of Hot Air - Heat	Shimmer of Hot Air - Heat		Shimmer of Hot Air - Heat	Shimmer of Hot Air - Heat		Shimmer of Hot Air - Heat		Shimmer of Hot Air - Heat			Shimmer of Hot Air - Heat
spb_title_ch12_13	Shimmer of Hot Air - Rage		Shimmer of Hot Air - Rage	Shimmer of Hot Air - Rage		Shimmer of Hot Air - Rage	Shimmer of Hot Air - Rage		Shimmer of Hot Air - Heat		Shimmer of Hot Air - Rage			Shimmer of Hot Air - Rage
spb_title_ch12_14	Seven Rings in Hand - Crush 40 Version		Seven Rings in Hand - Crush 40 Version	Seven Rings in Hand - Crush 40 Version		Seven Ring in Hand - Version di Crush 40	Seven Rings in Hand - Crush 40 Version		Seven Rings in Hand - Wersja Crush 40		Seven Rings in Hand - Crush 40 Version			Seven Rings in Hand - Crush 40 Version
spb_title_ch12_15	Seven Rings in Hand - Fairytales in Trance Version		Seven Rings in Hand - Fairytales in Trance Version	Seven Rings in Hand - Fairytales in Trance Version		Seven Ring in Hand - Versione di Fairytales in Trance 	Seven Rings in Hand - Fairytales in Trance Version		Seven Rings in Hand - Wersja Fairytales in Trance		Seven Rings in Hand - Fairytales in Trance Version			Seven Rings in Hand - Fairytales in Trance Version
														
spb_title_ch13_1	Dune's Tempest		Dune's Tempest	Dune's Tempest		Dune's Tempest	Dune's Tempest		Dune's Tempest		Dune'un Tapınağı			Dune's Tempest
spb_title_ch13_2	Desert Palace		Desert Palace	Desert Palace		Desert Palace	Desert Palace		Desert Palace		Çöl Sarayı			Desert Palace
spb_title_ch13_3	The Wicked Wild - Metal Version		The Wicked Wild - Metal Version	The Wicked Wild - Metal Version		The Wicked Wild - Versione Metal 	The Wicked Wild - Metal Version		The Wicked Wild - Wersja Metalowa		The Wicked Wild - Metal Versiyon			The Wicked Wild - Metal Version
spb_title_ch13_4	The Wicked Wild - Acoustic Version		The Wicked Wild - Acoustic Version	The Wicked Wild - Acoustic Version		The Wicked Wild - Versione Acoustic 	The Wicked Wild - Acoustic Version		The Wicked Wild - Wersja Akustyczna		The Wicked Wild - Akustik Versiyon			The Wicked Wild - Acoustic Version
spb_title_ch13_5	The Palace That Was Found - Metal Version		The Palace That Was Found - Metal Version	The Palace That Was Found - Metal Version		The Palace That Was Found - Versione Metal 	The Palace That Was Found - Metal Version		The Palace That Was Found - Wersja Metalowa		The Palace That Was Found - Metal Versiyon			The Palace That Was Found - Metal Version
spb_title_ch13_6	Magma Foundry		Magma Foundry	Magma Foundry		Magma Foundry	Magma Foundry		Magma Foundry		Magma Dökümhanesi			Magma Foundry
spb_title_ch13_7	High and Broken - Chorus Version		High and Broken - Chorus Version	High and Broken - Chorus Version		High and Broken - Versione da Coro	High and Broken - Chorus Version		High And Broken - Wersja Chórowa		Yüksek ve Kırık - Koro Versiyon			High and Broken - Chorus Version
spb_title_ch13_8	Sky Athletics		Sky Athletics	Sky Athletics		Sky Athletics	Sky Athletics		Sky Athletics		Gökyüzü Atletizmi			Sky Athletics
spb_title_ch13_9	No Way Through - Metal Version		No Way Through - Metal Version	No Way Through - Metal Version		No Way Through - Versione Metal 	No Way Through - Metal Version		No Way Through - Wersja Metalowa		No Way Through - Metal Versiyon			No Way Through - Metal Version
spb_title_ch13_10	High Seas		High Seas	High Seas		High Seas	High Seas		High Seas		Açık Denizler			High Seas
spb_title_ch13_11	40 Thieves and a Legend		40 Thieves and a Legend	40 Thieves and a Legend		40 Thieves and a Legend	40 Thieves and a Legend		40 Thieves And a Legend		40 Hırsız ve Bir Efsane			40 Thieves and a Legend
spb_title_ch13_12	Grim Winter		Grim Winter	Grim Winter		Grim Winter	Grim Winter		Grim Winter		Acımasız Kış			Grim Winter
spb_title_ch13_13	Glass Heart		Glass Heart	Glass Heart		Glass Heart	Glass Heart		Glass Heart		Cam Kalp			Glass Heart
spb_title_ch13_14	Unawakening Float - Rock Version		Unawakening Float - Rock Version	Unawakening Float - Rock Version		Unawakening Float - Versione Rock 	Unawakening Float - Rock Version		Unawakening Float - Wersja Rockowa		Unawakening Float - Rock Versiyon			Unawakening Float - Rock Version
spb_title_ch13_15	Seven Rings in Hand - Credits Version		Seven Rings in Hand - Credits Version	Seven Rings in Hand - Credits Version		Seven Rings in Hand - Versione dei Riconoscimenti	Seven Rings in Hand - Credits Version		Seven Rings in Hand - Wersja Napisów Końcowych		Seven Rings in Hand - Jenerik Versiyon			Seven Rings in Hand - Credits Version
														
spb_title_ch14_1	Hero	ヒーロー	Héroe	Held		Eroe	Herói	Héroe	Bohater	英雄	Kahraman			Герой
spb_title_ch14_2	True Hero	トュルーヒーロー	Héroe Verdadero	Wahrer Held		Vero Eroe	Verdadeiro Herói	Héroe verdadero	Prawdziwy Bohater	真正的英雄	Gerçek Kahraman			Настоящий герой
spb_title_ch14_3	World Traveler	ワールドトラベラー	Trotamundos	Weltenbummler		Avventuriero	Viajante do Mundo	Viajero mundial	Podróżnik Świata	世界旅者	Dünya Gezgini			Путешественник по миру
spb_title_ch14_4	Grind Performer	グラインドパフォーマー	Especialista del Raíl	Grind-Performer		Specialista del Corrimano	Especialista em Trilhos	Artista de los rieles	Szynowy Jeżdziec	滑軌表演者	Ray Ustası			Скользящий полёт
spb_title_ch14_5	Ring Getter	リングゲッター	Adquisidor de Anillos	Ring-Sammler		Acquisitore di Anelli	Colecionador de Anéis	Consigue-Anillos	Zbieracz Pierścieni	金環收集者	Yüzük Toplayıcısı			Собиратель колец
spb_title_ch14_6	Genie Buster	マジッシュバスター	Destructor de Genios	Geistjäger		Distruttore di Geni	Caçador de Gênios	Cazador mágico	Pogromca Dżinów	精靈剋星	Cin Avcısı			Уничтожитель злых духов
spb_title_ch14_7	Extreme Speedster	エクストリームスピーダー	Súperveloz	Speed-Freak		Super-Sonico	Velocista Extremo	Velocista extremo	Ekstremalny Sprinter	極速高手	Aşırı Hızcı			Экстремальный гонщик
spb_title_ch14_8	Time Controller	タイムコントローラー	Maestro del Tiempo	Zeit-Regler		Controllore del Tempo	Controlador do Tempo	Controla-tiempo	Kontroler Czasu	時間控制者	Zaman Denetleyicisi			Контроллер времени
spb_title_ch14_9	Chain Striker	チェインストライカー	Experto en Cadenas	Ketten-Schläger		Esperto Concatenatore	Especialista em Sequências	Cierra-cadenas	Łańcuchowy Napastnik	連鎖急襲者	Zincir Vuruşçusu			Цепная реакция
spb_title_ch14_10	Skill Saver	スキルセイバー	Ahorrador de Habilidades	Skill-Sparer		Risparmiatore di Abilità	Preservador de Habilidades	Ahorra-habilidades	Oszczędzacz Talentów	技能節省者	Beceri Koruyucusu			Хранитель навыков
spb_title_ch14_11	Skill Quinti	スキルクインティ		Überlebenskünstler			O Melhor dos Melhores	Habilidad Epítome	Utalentowanie Talentów					Минималист в навыках
spb_title_ch14_12	Flame Master	フレイムマスター	Maestro de las Llamas	Flammen Meister		Maestro del Fuoco	Mestre das Chamas	Maestro de las llamas	Mistrz Ognia	炎之大師	Alev Ustası			Мастер пламени
spb_title_ch14_13	Wind Master	ウィンドマスター	Maestro del Viento	Meister des Winds		Maestro del Vento	Mestre dos Ventos	Maestro del viento	Mistrz Wiatru	風之大師	Rüzgar Ustası			Мастер ветра
spb_title_ch14_14	Dark Master	ダークマスター	Maestro de las Sombras	Finsterer Meister		Maestro dell'Oscurità	Mestre da Escuridão	Maestro de las sombras	Mistrz Ciemności	闇之大師	Karanlık Ustası			Мастер тьмы
spb_title_ch14_15	Rebellion	リベリオン	Rebelde	Rebell		Ribellione	Rebelião	Rebelión	Rebellion	反叛者	İsyan			Бунтарь
														
spb_title_ch15_1	Super Player	スーパープレイャー	Júgador Estrella	Super-Spieler		Giocatore Impeccabile	Super Jogador	Súper jugador	Super Gracz	超級玩家	Süper Oyuncu			Суперигрок
spb_title_ch15_2	Skill Collector	スキルコレクター	Coleccionista de Habilidades	Skill-Sammler		Collezionista di Abilità	Colecionador de Habilidades	Coleccionista de habilidades	Kolekcjoner Talentów	技能收集者	Beceri Koleksiyoneri			Собиратель навыков
spb_title_ch15_3	Soul Collector	ソウルコレクター	Coleccionista de Almas	Seelen-Sammler		Collezionista di Anime	Colecionador de Almas	Coleccionista de almas	Kolekcjoner Dusz	靈魂收集者	Ruh Koleksiyoneri			Собиратель душ огня
spb_title_ch15_4	The Ultimate	ザ・アルティメット	Jugador Definitivo	Der Ultimative		Giocatore definitivo	Jogador Supremo	El supremo	Ostateczny	究極	Nihai			Непобедимый
spb_title_ch15_5	Bookworm	ブックワーム	Obseso	Bücherwurm		Topo di Biblioteca	Rato de Biblioteca	Ratón de biblioteca	Książkoholik	書蟲	Kitap Kurdu			Книжный червь
spb_title_ch15_6	Star	スター	Juerguista	Star		Stella	Estrela	Estrella	Gwiazda	星星	Yıldız			Звезда
spb_title_ch15_7	Celebrity	セレブレティ	Celebridad	Berühmtheit		Celebrità	Celebridade	Celebridad	Celebryta	明星	Ünlü			Знаменитость
spb_title_ch15_8	Dealer	ディーラー	Postor Experto	Händler		Negoziante	Negociador	Negociador	Diler	商人	Satıcı			Дилер
spb_title_ch15_9	Trier	トライヤー	Resiliente	Prüfer		Ostinato	Resiliente	Obstinado	Pracuś	嘗試者	Çabalayan			Трудяга
spb_title_ch15_10	Pirate	パイレーツ	Bucanero	Pirat		Pirata	Pirata	Pirata	Pirat	海盜	Korsan			Пират
spb_title_ch15_11	Thief	シーフ	Bandido	Dieb		Ladro	Ladrão	Ladrón	Złodziej	竊賊	Hırsız			Вор
spb_title_ch15_12	Explorer	エクスプローラー	Explorador	Forscher		Esploratore	Explorador	Explorador	Eksplorer	探險家	Kaşif			Исследователь
spb_title_ch15_13	Champion	チャンピオン	Campeón	Recke		Campione	Campeão	Campeón	Czempion	冠軍	Şampiyon			Чемпион
spb_title_ch15_14	Sonic Freak	ソニックフリーク	Fanático	Sonic Freak		Appassionato di Sonic	Fanático por Sonic	Fan de Sonic	Sonicowy Świr	索尼克狂粉	Sonic Delisi			Фанат Соника
spb_title_ch15_15	Record Buster	レコードバスター	Plusmarquista	Rekord-Brecher		Distruttore di Record	Recordista	Rompe récords	Łamacz Rekordów	打破紀錄者	Rekor Kırıcı			Рекордсмен
														
spb_title_ch15b_1														
spb_title_ch15b_2														
spb_title_ch15b_3														
spb_title_ch15b_4														
spb_title_ch15b_5														
spb_title_ch15b_6														
spb_title_ch15b_7														
spb_title_ch15b_8														
spb_title_ch15b_9														
spb_title_ch15b_10														
spb_title_ch15b_11														
spb_title_ch15b_12														
spb_title_ch15b_13														
spb_title_ch15b_14														
spb_title_ch15b_15														
														
spb_title_ch16_1	Lost Prologue	ロストプロローグ　にて	Prólogo Perdido	Lost Prologue		Prologo Perduto	Lost Prologue	Prólogo Perdido	Zaginiony Prolog	失落序章	Kayıp Giriş			Потерянный пролог
spb_title_ch16_2	Sand Oasis	サンドオアシス　にて	Oasis de Arena	Sand Oasis		Oasi Sabbiose	Sand Oasis	Oasis Arenoso	Piaszczysta Oaza	沙漠綠洲	Kum Vahası			Песчаный оазис
spb_title_ch16_3	Sand Oasis	サンドオアシス　にて	Oasis de Arena	Sand Oasis		Oasi Sabbiose	Sand Oasis	Oasis Arenoso	Piaszczysta Oaza	沙漠綠洲	Kum Vahası			Песчаный оазис
spb_title_ch16_4	Dinosaur Jungle	ダイナソージャングル　にて	Jungla Jurásica	Dinosaur Jungle		Giungla dei Dinosauri	Dinosaur Jungle	Dino Jungla	Dżungla Dinozaurów	恐龍叢林	Dinazor Ormanı			Джунгли динозавров
spb_title_ch16_5	Dinosaur Jungle	ダイナソージャングル　にて	Jungla Jurásica	Dinosaur Jungle		Giungla dei Dinosauri	Dinosaur Jungle	Dino Jungla	Dżungla Dinozaurów	恐龍叢林	Dinazor Ormanı			Джунгли динозавров
spb_title_ch16_6	Evil Foundry	イビルフャウンドリー　にて	Forja Maligna	Evil Foundry		Fonderia Maligna	Evil Foundry	Fundición Maléfica	Przeklęta Odlewnia	萬惡鑄造廠	Kötü Dökümhane			Плавильня зла
spb_title_ch16_7	Evil Foundry	イビルフャウンドリー　にて	Forja Maligna	Evil Foundry		Fonderia Maligna	Evil Foundry	Fundición Maléfica	Przeklęta Odlewnia	萬惡鑄造廠	Kötü Dökümhane			Плавильня зла
spb_title_ch16_8	Levitated Ruin	レビテイテッドルーイン　にて	Ruinas Levitantes	Levitated Ruin		Rovine Levitate	Levitated Ruins	Ruinas Levitadas	Lewitujące Ruiny	懸浮遺跡	Havadaki Harabe			Парящие руины
spb_title_ch16_9	Levitated Ruin	レビテイテッドルーイン　にて	Ruinas Levitantes	Levitated Ruin		Rovine Levitate	Levitated Ruins	Ruinas Levitadas	Lewitujące Ruiny	懸浮遺跡	Havadaki Harabe			Парящие руины
spb_title_ch16_10	Pirate Storm	パイレーツストーム　にて	Tormenta Pirata	Pirate Storm		Tempesta Pirata	Pirate Storm	Tormenta Pirata	Piracki Sztorm	海盜暴風	Korsan Fırtınası			Пиратский шторм
spb_title_ch16_11	Pirate Storm	パイレーツストーム　にて	Tormenta Pirata	Pirate Storm		Tempesta Pirata	Pirate Storm	Tormenta Pirata	Piracki Sztorm	海盜暴風	Korsan Fırtınası			Пиратский шторм
spb_title_ch16_12	Skeleton Dome	スケレトンドーム　にて	Domo Esquelético	Skeleton Dome		Cupola Scheletrica	Skeleton Dome	Domo Esquelético	Kopuła Szkieletów	骷髏巨蛋	İskelet Kubbesi			Скелетный свод
spb_title_ch16_13	Skeleton Dome	スケレトンドーム　にて	Domo Esquelético	Skeleton Dome		Cupola Scheletrica	Skeleton Dome	Domo Esquelético	Kopuła Szkieletów	骷髏巨蛋	İskelet Kubbesi			Скелетный свод
spb_title_ch16_14	Night Palace	ナイトパレス　にて	Palacio Nocturno	Night Palace		Palazzo Notturno	Night Palace	Palacio Nocturno	Nocny Pałac	暗夜宮殿	Gece Sarayı			Ночной дворец
spb_title_ch16_15	Night Palace	ナイトパレス　にて	Palacio Nocturno	Night Palace		Palazzo Notturno	Night Palace	Palacio Nocturno	Nocny Pałac	暗夜宮殿	Gece Sarayı			Ночной дворец
														
spb_desc_ch1_1	- 1991 -\n"""Sonic The Hedgehog"""\nThe World's fastest hedgehog makes his debut!	１９９１年\n「ソニック・ザ・ヘッジホッグ」\n走ることなら誰にも負けない世界最速にして超音速のハリネズミがさっそうと登場！	- 1991 -\n"""Sonic The Hedgehog"""\n¡El debut del erizo más rápido del mundo!	- 1991 -\n"""Sonic The Hedgehog"""\nDer schnellste Igel der Welt feiert sein Debüt!		- 1991 -\n"""Sonic The Hedgehog"""\nIl debutto del riccio più veloce al mondo!	1991 -\n"""Sonic The Hedgehog"""\nO ouriço mais rápido do mundo faz sua estreia!	1991\n"""Sonic the Hedgehog"""\n¡Hace su gallarda aparición el erizo supersónico\nmás rápido del mundo, a quien nadie\ngana si se trata de correr!	- 1991 -\n"""Sonic The Hedgehog"""\nNajszybszy jeż na Świecie debiutuje!	- 1991 -\n"""音速小子"""\n世界最快刺蝟初登場！	- 1991 -\n"""Sonic The Hedgehog"""\nDünyanın en hızlı kirpisi ilk kez ortaya çıktı!			- 1991 -\n"""Sonic The Hedgehog"""\nПервое появление самого быстрого в мире, никому не проигрывающего в беге сверхзвукового ежа!
spb_desc_ch1_2	- 1992 -\n"""Sonic The Hedgehog 2"""\nSonic is first joined by Tails, his two-tailed fox friend.	１９９２年\n「ソニック・ザ・ヘッジホッグ２」\nソニックにあこがれるテイルスが登場。２本のしっぽをふって一生けんめい走る！	- 1992 -\n"""Sonic The Hedgehog 2"""\nSonic va acompañado de Tails, el zorro de dos colas.	- 1992 -\n"""Sonic The Hedgehog 2"""\nSonic wird erstmals von Tails, dem Fuchs mit den zwei Schwänzen, begleitet.		- 1992 -\n"""Sonic The Hedgehog 2"""\nSonic incontra Tails, il suo amico volpe a due code.	1992 -\n"""Sonic The Hedgehog 2"""\nSonic é acompanhado pela primeira vez por Tails, seu amigo raposa de duas caudas.	1992\n"""Sonic the Hedgehog 2"""\nAparece Tails, quien admira a Sonic.\n¡Corre con todas sus fuerzas\nmoviendo sus dos colas!	- 1992 -\n"""Sonic The Hedgehog 2"""\nDo Sonica dołącza lis Tails, jego dwu-ogonowy przyjaciel.	- 1992 -\n"""音速小子 2"""\n崇拜索尼克的塔爾斯登場！搖著兩條尾巴的他將竭盡全力地奔跑！	- 1992 -\n"""Sonic The Hedgehog 2"""\nSonic'e ilk olarak iki kuyruklu tilki arkadaşı Tails katılır.			- 1992 -\n"""Sonic The Hedgehog 2"""\nПервое появление Тейлза, который восхищается Соником. У него 2 хвоста, которые позволяют ему летать!
spb_desc_ch1_3	- 1993 -\n"""Sonic CD"""\nMeet Amy Rose, Sonic's ever-cheerful love interest.	１９９３年\n「ソニックＣＤ」\n元気いっぱい恋に恋する女の子エミー登場	- 1993 -\n"""Sonic CD"""\nConoce a Amy Rose, la risueña erizo enamorada de Sonic.	- 1993 -\n"""Sonic CD"""\nAmy Rose, Sonic's unfreiwillige Romanze		- 1993 -\n"""Sonic CD"""\nSonic incontra Amy Rose, una ragazza innamorata di lui.	1993 -\n"""Sonic CD"""\nConheça Amy Rose, uma ouriça radiante que é apaixonada pelo Sonic.	1993\n"""Sonic CD"""\nAparece Amy, una chica llena\nde energía y enamorada del amor.	- 1993 -\n"""Sonic CD"""\nSpotkaj Amy Rose. Niestrudzona kandydatka Sonica.	- 1993 -\n"""音速小子 CD"""\n充滿元氣，憧憬戀愛的女孩艾咪蘿絲登場！	- 1993 -\n"""Sonic CD"""\nSonic'in her daim neşeli sevgilisi Amy Rose ile tanışın.			- 1993 -\n"""Sonic CD"""\nПервое появление Эми, очень весёлой и влюблённой девочки.
spb_desc_ch1_4	- 1994 -\n"""Sonic the Hedgehog 3""" and """Sonic & Knuckles"""\nKnuckles, the hard-headed echidna, makes his first appearance.	１９９４年\n「ソニック・ザ・ヘッジホッグ３」「ソニック＆ナッカルズ」\nがんこな性格でマーシャルアーツの達人ナッカルズが登場	- 1994 -\n"""Sonic the Hedgehog 3""" & """Sonic & Knuckles"""\nAparece por primera vez Knuckles, el testarudo equidna.	- 1994 -\n"""Sonic the Hedgehog 3""" and """Sonic & Knuckles"""\nKnuckles, der sture Echidna tritt auf den Plan.		- 1994 -\n"""Sonic the Hedgehog 3""" & """Sonic & Knuckles"""\nKnuckles, un testardo echidna, fa la sua prima apparizione.	1994 -\n"""Sonic The Hedgehog 3""" e """Sonic & Knuckles"""\nKnuckles, o equidna cabeça-dura, faz sua primeira aparição.	1994\n"""Sonic the Hedgehog 3""" y """Sonic & Knuckles"""\nAparece Knuckles, experto en artes marciales\ny de carácter obstinado.	- 1994 -\n"""Sonic The Hedgehog 3""" oraz """Sonic & Knuckles"""\nKnuckles, twardogłowa kolczatka pokazuje się po raz pierwszy.	- 1994 -\n"""音速小子 3""" & """音速小子 & 納克魯斯"""\n固執的針鼬，納克魯斯初登場！	- 1994 -\n"""Sonic the Hedgehog 3""" & """Sonic & Knuckles"""\nİnatçı ekidna Knuckles ilk kez ortaya çıkıyor.			- 1994 -\n"""Sonic the Hedgehog 3""" and """Sonic & Knuckles"""\nПервое появления Наклза, упрямого, но прекрасно владеющего боевыми искусствами.
spb_desc_ch1_5	- 1995 -\n"""Knuckles Chaotix"""\nKnuckles is joined by his rambunctious friends!	１９９５年\n「カオティクス」\nナッカルズとその仲間が大かつやく！	- 1995 -\n"""Knuckles Chaotix"""\n¡A Knuckles se le suman sus marchosos amigos!	- 1995 -\n"""Knuckles Chaotix"""\nKnuckles wird von seinen verrückten Freunden begleitet!		- 1995 -\n"""Knuckles Chaotix"""\nKnuckles fa squadra con i suoi turbolenti amici!	1995 -\n"""Knuckles Chaotix"""\nKnuckles se junta aos seus amigos indomáveis!	1995\n"""Knuckles Chaotix"""\n¡Knuckles y sus amigos\ntienen un gran protagonismo!	- 1995 -\n"""Knuckles Chaotix"""\nDo Knucklesa dołaczają jego żywiołowi kumple!	- 1995 -\n"""Knuckles Chaotix"""\n納克魯斯與他喧鬧的朋友一同冒險！	- 1995 -\n"""Knuckles Chaotix"""\nKnuckles'a haylaz arkadaşları katılıyor!			- 1995 -\n"""Knuckles Chaotix"""\nНаклз и его друзья идут навстречу приключениям!
spb_desc_ch1_6	- 1996 -\n"""Sonic 3D Blast"""\nSonic goes in search of the Chaos Emeralds on Flicky Island	１９９６年\n「ソニック３Ｄブラスト」\nソニックがカオスエメラルドの眠る"""フリッキーアイランド"""をぶたいにかつやく！	- 1996 -\n"""Sonic 3D Blast"""\nSonic pone rumbo a la Isla de los Flickies en busca de las Esmeraldas del Caos.	- 1996 -\n"""Sonic 3D Blast"""\nSonic sucht auf Flicky Island nach den Chaos Emeralds.		- 1996 -\n"""Sonic 3D Blast"""\nSonic va alla ricerca dei Chaos Emeralds nell'Isola dei Flicky	1996 -\n"""Sonic 3D Blast"""\nSonic parte em busca das Esmeraldas do Caos em Flicky Island.	1996\n"""Sonic 3D Blast"""\n¡Sonic entra en acción en la """Isla Flicky""", donde duermen las Esmeraldas Caos!	- 1996 -\n"""Sonic 3D Blast"""\nSonic wyrusza na poszukiwanie Szmaragdów Chaosu na Wyspie Flicky.	- 1996 -\n"""音速小子 3D 大爆炸"""\n索尼克在Flicky島上展開搜索渾沌寶石的冒險。	- 1996 -\n"""Sonic 3D Blast"""\nSonic, Flicky Adası'nda Kaos Zümrütlerini aramaya gidiyor			- 1996 -\n"""Sonic 3D Blast"""\nСоник отправляется на остров Флики, где спрятаны Изумруды Хаоса.
spb_desc_ch1_7	- 1997 -\n"""Sonic R"""\nThe first fully 3-D Sonic racing game!	１９９７年\n「ソニックＲ」\n完全に３Ｄとなったソニックたちがレースで戦うぞ！	- 1997 -\n"""Sonic R"""\n¡El primer juego de Sonic completamente en 3D!	- 1997 -\n"""Sonic R"""\nDas erste voll in 3D realisierte Rennspiel mit Sonic!		- 1997 -\n"""Sonic R"""\nIl primo gioco di corsa di Sonic in 3D!	1997 -\n"""Sonic R"""\nO primeiro jogo de corrida do Sonic totalmente em 3D!	1997\n"""Sonic R"""\n¡Sonic y compañía, totalmente en 3D,\ncompiten en carreras!	- 1997 -\n"""Sonic R"""\nPierwsza gra wyścigowa Sonica w pełnym 3D!	- 1997 -\n"""音速小子 R"""\n首款全3D索尼克賽跑遊戲！	- 1997 -\n"""Sonic R"""\nİlk tamamen 3D Sonic yarış oyunu!			- 1997 -\n"""Sonic R"""\nСоник и его друзья предстали в 3D, чтобы сразиться в гонке!
spb_desc_ch1_8	- 1998 -\n"""Sonic Adventure"""\nSix characters with six unique adventures! Sold in Japan only.	１９９８年\n「ソニック・アドベンチャー」\n６人のキャラクターを使って６つアドベンチャーを攻略せよ！日本でのみ発売	- 1998 -\n"""Sonic Adventure"""\n¡Seis personajes, seis aventuras únicas! Solo a la venta en Japón.	- 1998 -\n"""Sonic Adventure"""\nSechs Figuren und sechs einzigartige Abenteuer! Nur in Japan erhältlich.		- 1998 -\n"""Sonic Adventure"""\nSei personaggi con sei avventure uniche! Venduto solo in Giappone.	1998 -\n"""Sonic Adventure"""\nSeis personagens com seis aventuras únicas! Vendido somente no Japão.	1998\n"""Sonic Adventure"""\n¡Utiliza a 6 personajes para superar 6 aventuras!\nLanzado solo en Japón.	- 1998 -\n"""Sonic Adventure"""\nSześć postaci z sześcioma przygodami! Sprzedane tylko w Japoni.	- 1998 -\n"""音速小子大冒險"""\n六個角色皆有獨特的冒險！僅在日本發售。	- 1998 -\n"""Sonic Adventure"""\nAltı karakter altı benzersiz macera! Sadece Japonya'da satılmaktadır.			- 1998 -\n"""Sonic Adventure"""\nПройдите 6 приключений, используя 6 героев! Только для японского рынка.
spb_desc_ch1_9	- 1999 -\n"""Sonic Adventure International"""\nSonic Adventure released to the rest of the world.	１９９９年\n「ソニック・アドベンチャー・インターナショナル」\nソニックアドベンチャーが全世界で発売！	- 1999 -\n"""Sonic Adventure Internacional"""\nSonic Adventure sale a la venta en el resto del mundo.	- 1999 -\n"""Sonic Adventure International"""\nSonic Adventure erscheint nun auch außerhalb Japans!		- 1999 -\n"""Sonic Adventure Internzionale"""\nSonic Adventure viene rilasciato al resto del mondo.	1999 -\n"""Sonic Adventure International"""\nSonic Adventure é lançado para o resto do mundo.	1999\n"""Sonic Adventure International"""\n¡Sonic Adventure sale a la venta en todo el mundo!	- 1999 -\n"""Sonic Adventure International"""\nPrzygody Sonica wypuszczone dla reszty świata.	- 1999 -\n"""音速小子大冒險國際版"""\n索尼克大冒險釋出於國外。	- 1999 -\n"""Sonic Adventure Uluslar Arası"""\nSonic Adventure tüm dünyaya sunuldu.			- 1999 -\n"""Sonic Adventure International"""\nSonic Adventure вышел во всём мире!
spb_desc_ch1_10	- 2000 -\n"""Sonic Shuffle"""\nSonic and his pals battle against Void to protect Maginaryworld!	２０００年「ソニック・シャッフル」\n夢と光の世界マージナリフールドを守るためにソニックと仲間たちがヴォイドと対決！	- 2000 -\n"""Sonic Shuffle"""\nSonic y sus amigos luchan contra Void para proteger el Maginaryworld!	- 2000 -\n"""Sonic Shuffle"""\nSonic und seine Freunde kämpfen gegen Void, um Maginary World zu retten!		- 2000 -\n"""Sonic Shuffle"""\nSonic e i suoi amici combattono contro Void per proteggere Maginaryworld!	2000 -\n"""Sonic Shuffle"""\nSonic e seus amigos lutam contra Void para proteger Maginaryworld!	2000\n"""Sonic Shuffle"""\n¡Sonic y sus amigos se enfrentan a Void para proteger Maginarimundo,\nel mundo de los sueños y la luz!	- 2000 -\n"""Sonic Shuffle"""\nSonic i jego znajomi walczą z Próżnią by ochronić Wyobrażoświat!	- 2000 -\n"""Sonic Shuffle"""\n索尼克和他的夥伴們為了保護 Maginaryworld 和 Void 對戰！	- 2000 -\n"""Sonic Shuffle"""\nSonic ve arkadaşları Maginaryworld'ü korumak için Void'e karşı savaşıyor!			- 2000 -\n"""Sonic Shuffle"""\nСоник и его друзья сражаются с Войдом, чтобы защитить Воображариум, мир мечты и света!
spb_desc_ch1_11	- 2001 -\n"""Sonic Adventure 2""" and """Sonic Advance"""\nThe black hedgehog Shadow makes his sinister debut!	２００１年「ソニック・アドベンチャー２」「ソニック・アドバンス」\n黒きハリネズミシャドウ登場！	- 2001 -\n"""Sonic Adventure 2"""\n"""Sonic Advance"""\n¡El siniestro debut de Shadow, el erizo negro!	- 2001 -\n"""Sonic Adventure 2""" und """Sonic Advance"""\nDer schwarze Igel Shadow tritt zum ersten Mal in Erscheinung!		- 2001 -\n"""Sonic Adventure 2"""\n"""Sonic Advance"""\nIl riccio nero Shadow fa il suo sinistro debutto!	2001 -\n"""Sonic Adventure 2""" e """Sonic Advance"""\nO ouriço negro Shadow faz sua estreia sinistra!	2001\n"""Sonic Adventure 2""" y """Sonic Advance"""\n¡Aparece Shadow, el erizo negro!	- 2001 -\n"""Sonic Adventure 2""" oraz """Sonic Advance"""\nCzarny jeż Shadow robi złowieszczy debiut!	- 2001 -\n"""音速小子大冒險 2""" & """音速小子 進化"""\n漆黑的刺蝟「夏多」初登場！	- 2001 -\n"""Sonic Adventure 2"""\n"""Sonic Advance"""\nKara kirpi Shadow uğursuz çıkışını yapıyor!			- 2001 -\n"""Sonic Adventure 2""" and """Sonic Advance"""\nПервое появление тёмного ежа Шедоу!
spb_desc_ch1_12	- 2002 -\n"""Sonic Advance 2"""\nMeet Cream and her little Chao friend, Cheese!	２００２年「ソニック・アドバンス２」\nチャオのチーズと大の仲良しクリーム登場！	- 2002 -\n"""Sonic Advance 2"""\n¡Conoce a Cream y a su pequeño amigo Chao, Cheese!	- 2002 -\n"""Sonic Advance 2"""\nLerne Cream und ihren kleinen Chao-Freund Cheese kennen!		- 2002 -\n"""Sonic Advance 2"""\nIncontra Cream e il suo piccolo amico Chao Cheese!	2002 -\n"""Sonic Advance 2"""\nConheça Cream e seu pequeno amigo Chao, Cheese!	2002\n"""Sonic Advance 2"""\n¡Aparece Cream, la gran amiga del Chao Cheese!	- 2002 -\n"""Sonic Advance 2"""\nSpotkaj Cream i jej małego Chao przyjaciela, Cheese!	- 2002 -\n"""音速小子 進化 2"""\n克林姆與起司的初登場！	- 2002 -\n"""Sonic Advance 2"""\nCream ve küçük Chao arkadaşı Cheese ile tanışın!			- 2002 -\n"""Sonic Advance 2"""\nПоявление Чао Чиза и его подруги Крим!
spb_desc_ch1_13	- 2003 -\n"""Sonic Heroes"""\n12 characters split into teams and head out into action together!	２００３年「ソニック・ヒーローズ」\n１２名の多彩なキャラクターが登場チームアクションでつきすすめ！	- 2003 -\n"""Sonic Heroes"""\n¡12 personajes divididos en equipos se disponen a la acción!	- 2003 -\n"""Sonic Heroes"""\n12 Figuren und 4 Teams in einem aufregenden Action-Abenteuer!		- 2003 -\n"""Sonic Heroes"""\n12 personaggi divisi in squadre che vanno incontro all'azione insieme!	2003 -\n"""Sonic Heroes"""\n12 personagens divididos em equipes partem juntos para a ação!	2003\n"""Sonic Heroes"""\n¡Aparecen 12 variados personajes! ¡Avanza actuando en equipo!	- 2003 -\n"""Sonic Heroes"""\n12 postaci podzielonych na drużyny które razem wkraczają do akcji!	- 2003 -\n"""音速小子群雄"""\n12 characters split into teams and head out into action together!	- 2003 -\n"""Sonic Heroes"""\n12 karakter takımlara ayrılıp birlikte aksiyona atılıyor!			- 2003 -\n"""Sonic Heroes"""\nПеред Вами предстанут 12 разных героев. Вы будете сражаться командой!
spb_desc_ch1_14	- 2004 -\n"""Sonic Advance 3"""\nPlayers get to play with friends!\n"""Sonic Heroes""" comes to Europe and North America.	２００４年「ソニック・アドバンス３」\n好きな仲間と冒険！\nこの年、「ソニック・ヒーローズ」が北米、欧州で発売	- 2004 -\n"""Sonic Advance 3"""\n¡Puedes jugar con tus amigos!\n"""Sonic Heroes""" llega a Europa y a Norteamérica.	- 2004 -\n"""Sonic Advance 3"""\nSpieler können nun mit ihren Freunden spielen!\n"""Sonic Heroes""" erscheint in Europa und den USA.		- 2004 -\n"""Sonic Advance 3"""\nSi può giocare con gli amici!\n"""Sonic Heroes""" arriva in Europa e Nord America.	2004 -\n"""Sonic Advance 3"""\nOs jogadores podem se divertir com os amigos!\n"""Sonic Heroes""" chega à Europa e América do Norte.	2004\n"""Sonic Advance 3"""\n¡Una aventura con tus compañeros favoritos!\nEste año, """Sonic Heroes""" sale a la venta en Norteamérica y Europa.	- 2004 -\n"""Sonic Advance 3"""\nGracze mogą grać z przyjaciółmi!\n"""Sonic Heroes""" wypuszczone dla Europy oraz Ameryki Północnej.	- 2004 -\n"""音速小子 進化 3"""\n玩家能和朋友一起遊玩！!\n"""Sonic Heroes""" 進軍歐美國家！	- 2004 -\n"""Sonic Advance 3"""\nOyuncular arkadaşlarıyla oynayabiliyor!\n"""Sonic Heroes""" Avrupa ve Kuzey Amerika'ya geliyor.			- 2004 -\n"""Sonic Advance 3"""\nПриключения с любимыми друзьями!!\n"""Sonic Heroes""" в этом году вышли в Северной Америке\nи Европе.
spb_desc_ch1_15	- 2005 - 2006 -\n"""Shadow the Hedgehog""", """Sonic Rush""", and """Sonic Riders"""\nAnd the adventure continues...	２００５～２００６年「シャドウ・ザ・ヘッジホッグ」「ソニック・ラッシュ」「ソニック・ライダーズ」\n冒険は続くぞ！	- 2005 - 2006 -\n"""Shadow the Hedgehog"""\n"""Sonic Rush"""\n"""Sonic Riders"""\nY la aventura continúa...	- 2005 - 2006 -\n"""Shadow the Hedgehog""", """Sonic Rush""", und """Sonic Riders"""\nUnd die Abenteuer nehmen kein Ende...!		- 2005 - 2006 -\n"""Shadow the Hedgehog"""\n"""Sonic Rush"""\n"""Sonic Riders"""\nE l'avventura continua...	2005 - 2006 -\n"""Shadow the Hedgehog""", """Sonic Rush""", e """Sonic Riders"""\nE a aventura continua...	2005-2006\n"""Shadow the Hedgehog"""\n"""Sonic Rush"""\n"""Sonic Riders"""\n¡La aventura continúa!	- 2005 - 2006 -\n"""Shadow The Hedgehog""", """Sonic Rush""", oraz """Sonic Riders"""\nI przygoda dalej trwa...	- 2005 - 2006 -\n"""刺蝟夏多""", """音速小子 衝刺""", 與 """音速小子 滑板"""\n他們的冒險將繼續下去……	- 2005 - 2006 -\n"""Shadow the Hedgehog"""\n"""Sonic Rush"""\n"""Sonic Riders"""\nVe macera devam ediyor...			- 2005 - 2006 -\n"""Shadow the Hedgehog""", """Sonic Rush""", """Sonic Riders"""\nПриключения продолжаются!
														
spb_desc_ch2_1	We decided to include the fire in Sonic's chest early on during the planning stages.	ソニックの胸から炎をだすことは、初期のストーリー案で決まっていた	Decidimos temprano en la planificación que incluiríamos el fuego en el pecho de Sonic.	Schon in der Planungsphase einigten wir uns auf den Flammenpfeil in Sonics Brust.		Abbiamo deciso sin dall'inizio di includere il fuoco nel petto di Sonic.	Decidimos incluir o fogo no peito do Sonic logo nas fases iniciais de planejamento.	Que saliera fuego del pecho de Sonic estaba decidido en el borrador inicial de la historia.	Zdecydowaliśmy uwzględnić ogień w piersi Sonica wcześnie w etapach planowania.	「索尼克從胸口噴出火焰」，是在最初的故事構想就已經決定的設定。	Fragman Resmi 1\nPlanlama aşamalarının başlarında Sonic'in göğsündeki ateşi eklemeye karar verdik.			То, что у Соника в груди будет пламя, было решено с самого начала.
spb_desc_ch2_2	A more fiery and powered-up version from the initial image.	炎の中を走る！\n最初のイメージからさらにパワーアップ	Una versión más fogosa y potente de la imagen original.	Eine """feurigere""" Variante der ursprünglichen Abbildung.		Una versione più focosa della immagine iniziale.	Uma versão mais flamejante e turbinada da imagem inicial.	¡Corriendo entre las llamas!\nAlgo más potente respecto a la imagen inicial.	Bardziej ognista i wzmocniona wersja z początkowego obrazu.	在火焰中奔馳！從最初的影像再度進化！	Fragman Resmi 2\nİlk görselden daha ateşli ve güçlendirilmiş bir versiyon.			Более мощная версия первоначального варианта.
spb_desc_ch2_3	Title logo for Japanese use.	タイトルロゴが日本語用	Versión con el logotipo del título en Japonés.	Titellogo für den japanischen Markt.		Logo del titolo per l'utilizzo in Giappone	Logo do título para uso no Japão.	Logotipo del título para la versión japonesa.	Logo tytułu dla użytku Japońskiego.	日文用的標題設計。	Fragman Resmi - Japonca\nJaponca kullanıma yönelik başlık logosu.			Сделали логотип на японском языке.
spb_desc_ch2_4	We included four in-game screenshots to convey what the game was all about.	ゲームの中身が想像できるようイメージの違う４つのスクリーンソョットが配置された	Incluímos cuatro capturas de pantalla del juego para enseñar cómo era.	Vier Screenshots sollen das Thema des Spiels näherbringen.		Abbiamo incluso quattro foto del gioco per esprimere di cosa si tratti.	Incluímos quatro capturas de tela do jogo para mostrar do que ele se tratava.	Se colocaron 4 capturas de pantalla con imágenes diferentes para poder imaginar el contenido del juego.	Uwzględniliśmy cztery screenshoty gry by przekazać o czym ta gra jest.	配置四張不同的遊戲截圖來展示遊戲的核心內容。	Fuar Broşürü\nOyunun ne hakkında olduğunu anlatmak için dört adet oyun içi ekran görüntüsü ekledik.			Здесь вставлено 4 разных скриншота, по которым можно понять содержание игры.
spb_desc_ch2_5	This was the version used for posters and pamphlets.	パンフレットやポスターにする時はこれを使う	Esta es la versión definitiva para carteles y folletos.	Dies ist die für Poster und Broschüren verwendete Version.		Questa è la versione usata per i poster e gli opuscoli.	Esta foi a versão usada em pôsteres e folhetos.	Esto se utiliza al hacer folletos o pósteres.	To była wersja użyta dla plakatów i ulotek.	海報及小冊子所使用的版本。	Fragman Resmi Son Versiyonu\nBu, poster ve broşürler için kullanılan sürümdür.			Эта версия использовалась для брошюр и плакатов.
spb_desc_ch2_6	Sonic's pose here with the ring was something that we arrived at through experimentation.	ソニックのポーズ指のリングをいかにかっこよく見せるかいろいろ試した結果生まれたもの	Nos decidimos por esta pose de Sonic con el anillo a través de la experimentación.	Nach vielen Ansätzen einigten wir uns auf diese Pose, die Sonic mit dem Ring zeigt.		La posa di Sonic qua con l'anello è qualcosa che riuscimmo ad arrivare con sperimentazioni.	Essa pose do Sonic com o anel foi algo que chegamos por meio de experimentação.	El resultado de probar varias formas de hacer que el anillo en el dedo de Sonic luciera genial en su pose.	Tutejsza poza Sonica z pierścieniem to było coś, do czego dotarliśmy przez eksperymentację.	這是我們經過各種嘗試，為了讓索尼克手上拿著金環的這個姿勢看起來更帥氣的成果	Ana Görsel\nSonic'in yüzükle verdiği poz, deneylerle ulaştığımız bir şeydi.			Поза Соника, получившаяся в результате многих попыток показать круто кольцо на пальце Соника.
spb_desc_ch2_7	The """O""" in """SONIC""" uses the same flame motif from the teaser image.	ＳＯＮＩＣの"""Ｏ"""の文字に注目\nディザーイメージと同じく炎がモチーフ	La """O""" de """SONIC""" utiliza el mismo adorno en forma de llama que aparece en la imagen promocional.	Das """O""" in """SONIC""" zeigt dasselbe Flammenmotiv wie das vom Aufmacher.		La """O""" in """SONIC""" usa il tema infuocato dalla immagine promozionale.	O """O""" em """SONIC""" usa o mesmo motif de chamas do teaser de imagem.	Atención a la letra """O""" de """SONIC"""\nEl motivo es el fuego, al igual que en la imagen promocional.	"""O""" w """SONIC""" używa tego samego ognistego motywu z obrazu zwiastunowego.	「SONIC」中的「O」字，和前導視覺圖一樣是使用火焰為主題。	Başlık Logosu - İngilizce Versiyonu\n"""SONIC"""teki """O""" harfi, tanıtım görselindeki alev motifini kullanıyor.			Обратите внимание на букву """O""" в слове """SONIC""".
spb_desc_ch2_8	Although the text was completely different from English letters, we wanted to keep the look similar.	文字がちがっても英語版と同じふんいきがでるようフォントを作成している	Aunque el texto fuese completamente distinto que con letras latinas, quisimos darle un aspecto similar	Obwohl sich der Text von den englischen Buchstaben unterscheidet, sollte das Design ähnlich sein.		Anche se il testo è completamente diverso, volevamo mantenere l'aspetto simile.	Embora o texto fosse completamente diferente das letras em inglês, queríamos manter a aparência semelhante.	Se creó una fuente para que se vea igual que en la versión en inglés, aunque los caracteres sean diferentes.	Mimo tego, że tekst był kompletnie inny od Angielskich litery, chcieliśmy utrzymać podobny wygląd.	儘管這些文字和英文版本完全不同，我們還是想要讓它們維持相似氛圍的樣子。	Başlık Logosu - Japonca Versiyonu\nMetin İngilizce harflerden tamamen farklı olsa da, görünümün benzer kalmasını istedik.			Как и на тизерном изображении, сохранён пламенный мотив.
spb_desc_ch2_9	The logo was based on the English version, with lettering adjusted accordingly.	英語版にイメージをあわせるため文字の位置を調整している	La imagen está basada en la versión inglesa, con las escritura ajustada acorde a las palabras.	Das auf der englischen Version basierte Bild mit entsprechendem deutschen Text.		L'immagine è basata dalla versione inglese, con le lettere aggiustate di conseguenza.	O logo foi baseado na versão em inglês, com as letras ajustadas apropriadamente.	Se ajustó la posición del texto para que coincida con la imagen de la versión en inglés.	Logo było bazowane na Angielskiej wersji z odpowiednio dopasowanym literowaniem.	以英文版為基底製成的設計，文字也已經過調整。	Başlık Logosu - Almanca Versiyonu\nGörsel İngilizce versiyona dayanmaktadır, yazılar buna göre ayarlanmıştır.			Шрифт подобран так, чтобы получилась такая же """атмосфера""", как в английской версии.
spb_desc_ch2_10	The logo was based on the English version, with lettering adjusted accordingly.	英語版にイメージをあわせるため文字の位置を調整している	La imagen está basada en la versión inglesa, con las escritura ajustada acorde a las palabras.	Das auf der englischen Version basierte Bild mit entsprechendem italienischen Text.		L'immagine è basata dalla versione inglese, con le lettere aggiustate di conseguenza.	O logo foi baseado na versão em inglês, com as letras ajustadas apropriadamente.	Se ajustó la posición del texto para que coincida con la imagen de la versión en inglés.	Logo było bazowane na Angielskiej wersji z odpowiednio dopasowanym literowaniem.	以英文版為基底製成的設計，文字也已經過調整。	Başlık Logosu - İtalyanca Versiyonu\nGörsel İngilizce versiyona dayanmaktadır, yazılar buna göre ayarlanmıştır.			Изменили положение букв, чтобы подогнать их под изображение в английской версии.
spb_desc_ch2_11	The logo was based on the English version, with lettering adjusted accordingly.	英語版にイメージをあわせるため文字の位置を調整している	La imagen está basada en la versión inglesa, con las escritura ajustada acorde a las palabras.	Das auf der englischen Version basierte Bild mit entsprechendem spanischen Text.		L'immagine è basata dalla versione inglese, con le lettere aggiustate di conseguenza.	O logo foi baseado na versão em inglês, com as letras ajustadas apropriadamente.	Se ajustó la posición del texto para que coincida con la imagen de la versión en inglés.	Logo było bazowane na Angielskiej wersji z odpowiednio dopasowanym literowaniem.	以英文版為基底製成的設計，文字也已經過調整。	Başlık Logosu - İspanyolca Versiyonu\nGörsel İngilizce versiyona dayanmaktadır, yazılar buna göre ayarlanmıştır.			Изменили положение букв, чтобы подогнать их под изображение в английской версии.
spb_desc_ch2_12	The design was made to look like the title page of a book.	本の表紙をイメージして作られたもの	La diseñamos con la idea de que pareciese la portada de un libro.	Dieses Design wurde im Stil einer Titelseite eines Buches ausgeführt.		Il design è fatto in modo per somigliare alla copertina di un libro.	O design foi feito para se parecer com a capa de um livro.	La creamos con la imagen de la portada de un libro en mente.	Ten design był stworzony by wyglądał jak strona z książki.	這項設計是以書本封面為靈感所打造的。	Fragman Tanıtım Resmi\nTasarım bir kitabın başlık sayfasına benzeyecek şekilde yapılmıştır.			Сделано так, чтобы было похоже на обложку книги.
spb_desc_ch2_13	A rough design of a title logo.	タイトルロゴが決まるまでのラフデザイン	Bosquejos aproximados de un logotipo para el título.	Ein frühes Design für ein Titellogo.		Un design grezzo per il logo del titolo.	Um esboço do logo do título.	Bocetos de diseño previos a la decisión del logotipo del título.	Szkic designu dla logo tytułu.	標題設計確定之前使用的版本。	Başlık Logosu - İlk Harf 1\nBir başlık logosunun kaba tasarımı.			Черновой дизайн до утверждения финального логотипа.
spb_desc_ch2_14	Different iterations of the final logo. We tweaked it based on input from other territories.	よく見るとタイトルも今とはちがう。\nタイトルも世界中の意見を参考にしながら調整を重ねている	Versiones que se asemejan al logo final. Las ajustamos en base a comentarios externos.	Leicht veränderte Version des entgültigen Logos, nach Feedback von den anderen Vertriebsregionen.		Piccole variazioni differenti rispetto al logo finale. L'abbiamo modificato in base al contributo di altri territori.	Diferentes versões do logo final. Ajustamos ele com base nas sugestões de outros territórios.	Si miras bien, el título es diferente al actual.\nEl título se ajustó tomando como referencia opiniones de todo el mundo.	Inne wersje robocze finalnego logo. Poprawiliśmy je na podstawie porad z innych terytorium.	歷經多次修改的標題設計。我們根據來自世界各地的建議進行調整。Different iterations of the final logo. We tweaked it based on input from other territories.	Başlık Logosu - İlk 2\nSon logodan biraz farklı bir varyasyon. Diğer bölgelerden gelen geri bildirimlere dayanarak üzerinde değişiklikler yaptık.			В нескольких деталях финальный логотип другой. Он менялся на основании мнений людей со всего мира.
spb_desc_ch2_15	This was the logo shown in May, 2006. This was the working title at the time.	２００６年５月に発表された時のタイトルロゴ。\nこの時は、まだＷＯＲＫＩＮＧ　ＴＩＴＬＥ	Este es el logotipo mostrado en mayo del 2006. Era el título provisional en aquel momento.	Dies ist das Logo im Mai 2006 und der Arbeitstitel zu dieser Zeit.		Questo è il logo mostrato nel Maggio 2006. Questo era il titolo provvisorio al momento	Este foi o logo mostrado em maio de 2006. Este era o título provisório na época.	El logotipo del título cuando fue anunciado en mayo de 2006.\nEn ese momento, todavía era un TÍTULO PROVISIONAL.	Te logo było pokazane w Maju, 2006. Wtedy to był jeszcze tytuł roboczy.	2006年五月發表時採用的標題設計。當時仍是暫定標題。	Başlık Logosu - İlk Harf 3\nBu, Mayıs 2006'da gösterilen logodur. O zamanlar bu, çalışma başlığıydı.			Логотип игры, которая была выпущена в мае 2006 года. Тогда это было ещё рабочее название.
														
spb_desc_ch3_1	We tried many different costumes to get the right attitude and feel.	衣装もいくつかパターンを検討。\n動きがでるようにやわらかい素材を腰につけている	Probamos muchos atuendos distintos para encontrar la personalidad y el aspecto adecuados.	Wir testeten viele verschiedene Kostüme zur Vermittlung des richtigen Flairs.		Abbiamo provato tanti vestiti per ottenere il giusto comportamento e percezione.	Testamos várias roupas diferentes para encontrar a personalidade e o aspecto adequados.	Se consideraron varios patrones para el vestuario.\nLleva un material suave en la cintura para dar sensación de movimiento.	Próbowalismy wiele innych kostiumów, aby uzyskać odpowiednią atmosferę i klimat.	服裝設計上也嘗試了多種樣式。為了強化動態感，在腰部加入了柔軟材質。	Shahra - Konsept\nDoğru tavrı ve hissiyatı yakalamak için birçok farklı kostüm denedik.			Мы рассмотрели несколько вариантов одежды. Чтобы её движения были плавными, на пояснице был использован мягкий материал.
spb_desc_ch3_2	We wanted her to look happy, but also still a bit ephemeral.	元気ながらもどこかはかなげな印象になるよう調整されている	Queríamos que se viese alegre. pero también algo efímera.	Shahra sollte zwar einen glücklichen, aber gleichzeitig auch vergänglichen Eindruck vermitteln.		Abbiamo voluto renderla felice, ma lasciandola un pò effimera.	Queríamos que ela parecesse feliz, mas ainda um pouco etérea.	Se hicieron ajustes para darle una apariencia alegre, pero también frágil.	Chcieliśmy żeby wyglądała na radosną, ale też trochę efemeryczną.	在設計上刻意調整，使其既展現活力，又帶有一絲脆弱感。	Shahra - Konsept Renkler\nMutlu görünmesini istedik ama aynı zamanda biraz da geçici olmasını istedik.			Сделали так, чтобы показать её энергичной, но хрупкой.
spb_desc_ch3_3	You'll notice her accessories are based on the ring motif.	リングをモチーフにした髪かざりがポイント	Como puedes ver, sus accesorios están basados el motivo de los anillos.	Auffällig sind ihre Accessoires, die auf dem Ringmotiv beruhen.		Puoi vedere che i suoi accessori sono basati dal tema degli anelli.	Você notará que os acessórios dela são baseados no motif do anel.	El punto clave es el adorno del pelo con el motivo de un anillo.	Zauważysz, że jej akcesoria są bazowane na motywie pierścienia.	以戒指為主題的髮飾是造型的亮點。	Shahra - 3 Yüzler\nAksesuarlarının yüzük motifinden esinlendiğini fark edeceksiniz.			Мотивом украшения для волос стало кольцо.
spb_desc_ch3_4	She looks a bit older here, but there's a range of different facial expressions.	ちょっと大人っぽいが、いろいろなシャーラの表情を描いてもらった	Aquí se ve más mayor, pero muestra un gran rango de expresiones faciales diferentes.	Hier sieht sie ein wenig älter aus, aber zeigt eine Reihe unterschiedlicher Gesichtsausdrücke.		Sembra un po più vecchia qua, ma ha una grande varietà di espressioni.	Ela parece um pouco mais velha aqui, mas há uma variedade de expressões faciais.	Un poco más mayor, pero se dibujaron varias expresiones de Shahra.	Wyglada tutaj na trochę starszą, ale jest tutaj wiele różnych wyrazów twarzy.	雖然她的個性偏成熟感，我們還是把夏拉各式各樣的表情畫了出來。	Shahra - İfadeler 1\nBurada biraz daha yaşlı görünüyor, ancak farklı yüz ifadeleri var.			Были нарисованы различные выражения лица Шахры.
spb_desc_ch3_5	Here we have dfferent sketches based on specific story scenes.	ストーリーのシーンにあうように、何点か描いてもらった	Estos son varios bocetos basados en escenas específicas de la historia.	Hier haben wir verschiedene, auf bestimmte Szenen im Spiel angepasste Entwürfe.		Qua abbiamo schizzi differenti basati su scene della storia specifiche.	Aqui temos diferentes esboços baseados em cenas específicas da história.	Se dibujaron varios bocetos para encajar con las escenas de la historia.	Tutaj mamy różne szkice na podstawie specyficznych scen fabularnych.	根據特定的故事場景而繪製的不同插畫。	Shahra - İfadeler 2\nBurada belirli hikaye sahnelerine dayalı farklı eskizlerimiz var.			Было нарисовано несколько вариантов под разные сцены.
spb_desc_ch3_6	This model was based on the motifs we chose during concept stages.	初期イメージの中にあったとおりに髪かざりがモデリングされている	Este modelo está basado en los mismos motivos que escogimos durante el desarollo de los conceptos.	Dieses Modell basiert auf denselben Motiven, die wir während der Entwurfsphase ausgewählt haben.		Il modello è basato sul tema che abbiamo scelto durante le fasi concettuali.	Este modelo foi baseado nos motifs que escolhemos durante as fases de conceito.	El adorno del pelo ha sido modelado tal y como estaba en la imagen inicial.	Ten model był bazowany na motywach, które wybraliśmy podczas etapów konceptowych.	髮飾的建模完全是依照最初的設計構想進行。	Shahra - Üretim CG Modeli\nBu model, konsept aşamasında seçtiğimiz motiflere dayanmaktadır.			Украшение для волос полностью соответствует модели на первом концепте.
spb_desc_ch3_7	Different patterns for Shahra. We ended up liking the sash and skin color here, so we kept those for later.	シャーラの別のパターン。この腰の肌の色などがよかったためいろいろまぜ合わせて現在の設定にかった	Distintos patrones para Shara. Terminó por gustarnos la faja y el color de piel, así que los mantuvimos en posteriores diseños.	Verschiedene Muster für Shahra. Uns gefielen die Schärpe und Hautfarbe.		Motivi differenti per Shahra. Abbiamo finito per piacere fascia e il colore di pelle, quindi li abbiamo tenuti per dopo.	Diferentes padrões para Shahra. Acabamos gostando da faixa e da cor de pele aqui, então mantivemos esses elementos para mais tarde.	Otros patrones de Shahra. Como el color de piel de la cintura y otros detalles eran buenos, se mezclaron varios elementos para llegar al diseño actual.	Różne wzory dla Shahry. Ostatecznie spodobał nam się tutaj pas i kolor skóry, więc zachowaliśmy je na póżniej.	夏拉的另一個設計草案。由於腰部肌膚的色調效果很好，我們將多種元素混合後，採用了現在的設定。	Shahra - Konsept Resmi 2\nShahra için farklı desenler. Kuşak ve ten rengini çok beğendiğimiz için onları daha sonraya sakladık.			Другой вариант Шахры. Цвет кожи и ткань на пояснице многим понравились, мы это объединили и получили вот это.
spb_desc_ch3_8	This must be what Erazor was like when he was younger and on friendly terms with Shahra.	シャーラと仲良しだったころはこんな感じの若者だったにちがいない	Así debía de verse cuando era más joven y estaba en buenos términos con Shara.	So etwa muss er ausgesehen haben, als er jünger und noch gut zu Shahra war.		Questo doveva essere Erazor quando era giovane ed andava d'accordo con Shahra.	Assim deveria ser Erazor quando era mais jovem e ainda tinha uma relação amigável com Shahra.	Sin duda debió de ser un joven así cuando se llevaba bien con Shahra.	Taki musiał być Erazor, kiedy był młodszy i miał lepsze warunki z Shahrą.	伊來薩和夏拉關係要好的時候，肯定是像這樣的年輕人吧。	Erazor - Konsept Resmi 1\nBu, gençken ve Shahra ile dostken nasıl biri olduğuyla ilgili olmalı.			Так он мог выглядеть, когда был молодым и дружил с Шахрой.
spb_desc_ch3_9	Initially, he had somewhat more humanlike colors.	今よりも色あいが少しだけ人間らしい印象	Al principio, tenía colores más humanoides.	Ursprünglich erschien er in eher realitätsnahen Farben...		Inizialmente, aveva colori più umani.	Inicialmente, ele tinha cores um pouco mais humanas.	Los tonos dan una impresión un poco más humana que ahora.	Początkowo miał całkiem ludzkie kolory.	相較於現在的色調稍微更具人類感。	Erazor - Konsept Renkler 1\nBaşlangıçta daha insansı renklere sahipti.			Цвета подобраны так, что он был больше похож на человека, чем сейчас.
spb_desc_ch3_10	We changed his skin color to be more genie-like.	よりマジンらしく肌の色を変更した	Cambiamos el color de su piel para que pareciese más un genio.	...doch dann änderten wir seine Hautfarbe, so dass er mehr wie ein Geist aussah.		Abbiamo cambiato i colori per renderlo più come in genio.	Mudamos a cor da pele dele para ficar mais parecida com a de um gênio.	Se cambió el color de piel para que pareciera más un majin.	Zmieniliśmy jego kolor skóry by wyglądał bardziej jak dżin.	為了讓他看起來更像精靈，我們改變了他的膚色。	Erazor - Konsept Renkler 2\nCin rengini daha cin gibi olacak şekilde değiştirdik.			Изменили цвет кожи, чтобы он больше походил на джинна.
spb_desc_ch3_11	The outfit didn't end up changing much. You can see some of his more human origins here, offsetting some of his evil.	重厚なかざりは初期デザインから。\n悪者だがもとは人間という意味を残している	Su vestimenta no cambió mucho respecto a esta. Aquí se percibe algo más de orígenes humanos, que compensa su maldad.	Sein Outfit hat sich wenig geändert. Hier kann man seine menschlicheren Züge gut erkennen.		Il vestito finì per essere non tanto cambiato. Puoi vedere in pò delle sue origini umane, controbilanciando la sua malvagità.	A roupa acabou não mudando muito. Aqui, você pode ver algumas de suas origens mais humanas, equilibrando um pouco sua maldade.	Los adornos pesados vienen del diseño inicial.\nConserva el significado de que, aunque es un villano, originalmente era humano.	Strój nie zmienił się za bardzo. Widać tutaj jego ludzkie początki, równoważąc część jego zła.	厚重的裝飾來自最初的設計構想。\n代表著雖然他是反派，但殘留著過去曾是人類的意義。	Erazor - 3 Yüzler\nKıyafet pek değişmedi. Burada, kötülüğünün bir kısmını dengeleyen, daha insani kökenlerinden bazılarını görebilirsin.			Мощные украшения остались с первого дизайна. Он злодей, но изначально считался человеком.
spb_desc_ch3_12	Even evil characters have facial expressions other than scowling.	しかめっつらだけでなく悪者としてよゆうのある表情など細かく設定している	Incluso los personajes malvados tienen expresiones que no son de enfado.	Selbst Bösewichte verfügen über ein Minenspiel und sehen nicht nur """böse""" aus!		Pure personaggi malvaggi non hanno solo l'espressione da accigliato.,	Até personagens malignos têm expressões faciais além de carrancas.	No sólo se han detallado gestos de ceño fruncido, sino también expresiones de compostura propias de un villano.	Nawet złe postacie mają inne wyrazy twarzy niż marszczenie brwi.	就連反派角色也有除了皺眉以外的細膩表情。	Erazor - İfadeler 1\nKötü karakterlerin bile somurtmaktan başka yüz ifadeleri vardır.			Ему прорисовали не только хмурые брови, но и другие выражения лица злодея.
spb_desc_ch3_13	These faces were drawn up in planning for one of the movie scenes near the end.	最後のあたりのムービーシーンのために用意したいろいろな表情	Estas caras se dibujaron con una de las escenas finales en mente.	Diese Gesichter wurden in der Planungsphase für eine der letzten Filmsequenzen gezeichnet.		Queste facce furono disegniate nella pianificazione per una scena alla fine.	Essas expressões foram desenhadas durante o planejamento de uma das cenas do filme, perto do final.	Varias expresiones preparadas para las escenas de vídeo de la parte final.	Te twarze były narysowane podczas planowania jednych ze scen końcowych blisko końca.	為了接近故事尾聲的影片場景之一而繪製的多種表情。	Erazor - İfadeler 2\nBu yüzler filmin sonuna yakın bir sahnenin planlanması sırasında çizilmiştir.			Разные выражения лица для сцены в видеоролике ближе к концу.
spb_desc_ch3_14	His overall shape was set before more details were modeled in.	全体の形を大まかに作ったころのもの。\nここから細部がモデリングされる	Antes de modelar más detalles, aquí ya teníamos la forma general.	Sein allgemeiner Umriss wird hier festgelegt, bevor mehr Details hinzukommen.		La sua forma era gia fatta prima che più dettagli furono messi.	A forma geral dele foi definida antes de mais detalhes serem modelados.	De cuando se creó la forma general a grandes rasgos.\nA partir de aquí se modelan los detalles.	Jego ogólny kształt był wybrany zanim wymodelowano więcej detali.	這是整體造型初步完成時的版本，接下來才開始進行細部的建模作業。	Erazor - Üretim CG Modeli\nDaha fazla ayrıntı modellenmeden önce genel şekli burada ayarlanmıştır.			Создали модель в общих чертах. После этого были смоделированы детали.
spb_desc_ch3_15	An early Erazor concept. Perhaps he might have looked like this if the game was set in Sonic's world.	初期のイレイザー。\nいつもどおりのソニックならこにな感じもあるか！？	Un concepto temprano de Erazor. ¿Ves lo que hace tener que enfrentarse a Sonic?	Ein früher Entwurf von Erazor. Vielleicht hätte er so ausgesehen, wenn dieses Spiel in Sonics Welt spielen würde.		Un concetto iniziale di Erazor. Forse sarrebbe stato così se il gioco era nel mondo di Sonic.	Um conceito inicial do Erazor. Talvez ele tivesse esse visual se o jogo se passasse no mundo do Sonic.	El primer diseño de Erazor.\nSi fuera un juego de Sonic usual, ¿tendría un aspecto así?	Wczesny koncept Erazora. Możę tak by wyglądał, gdyby miejsce akcji toczyło się w świecie Sonica.	伊萊薩的初期設計。如果故事發生在索尼克的世界，他大概就會長成這樣吧。	Erazor - Konsept Resmi 2\nErken dönem Erazor konseptlerinden biri. Sonic'in ona ne yaptığını görüyor musunuz?			Первоначальный Эрейзор. Неужели Соник может производить подобное впечатление?!
														
spb_desc_ch4_1	We based his look on the character from """Ali-Baba and the Forty Thieves."""	アラビアンナイトの「アリババと４０人の盗賊」にでてくるアリババをモチーフにしたキャラクター	Basamos su apariencia en la del personaje de """Alí Babá y los cuarenta ladrones""".	Sein Aussehen haben wir dem Charakter aus """Ali Baba und die 40 Räuber""" nachempfunden.		Abbiamo basato il suo aspetto dal personaggio di """Ali-Baba e i quaranta ladroni""".	Baseamos sua aparência no personagem de """Ali Babá e os Quarenta Ladrões""".	Personaje inspirado en Alí Babá, de """Alí Babá y los 40 ladrones""" de """Las mil y una noches""".	Zrobiliśmy jego wygląd na podstawie postaci z """Ali-Baba i Czterdziestu Rozbójników""".	以《一千零一夜》中〈阿里巴巴與四十大盜〉登場的阿里巴巴為原型的角色。	Ali-Baba\nGörünümünü """Ali-Baba ve Kırk Haramiler""" dan karakterden esinlenerek oluşturduk.			Герой по мотивам Али-Баба, который появляется в рассказе """Али-Баба и 40 разбойников""" в """Тысяче и одной ночи""".
spb_desc_ch4_2	Sinbad is said to have sailed the seven seas.\nWe wanted him to look strong, cool, and worthy.	シンドバットは７つの海をまたにかける冒険王。\n力強く紳士的でかっこよう設定	Se dice que Simbad ha navegado los siete mares.\nQueríamos que se viese fuerte, genial y digno.	Sindbad soll die sieben Weltmeere befahren haben. Wir wollten ihn stark, cool und würdig aussehen lassen.		Sinbad è detto che ha attraversato i sette mari.\nAbbiamo voluto darli un aspetto forte, fico, e degno.	É dito que Simbad navegou pelos sete mares.\nQueríamos que ele parecesse forte, legal e digno.	Simbad es el rey de la aventura que recorrió los siete mares.\nLo diseñamos para verse fuerte, caballeroso y genial.	Mówi się, że Sinbad przepłynął siedem mór.\nChcieliśmy, żeby wyglądał na silnego, fajnego i godnego.	辛巴達是橫跨七海的冒險王，設定上是充滿力量、紳士風範且帥氣的角色。 	Sinbad\nSinbad'ın yedi denizi aştığı söylenir.\nOnun güçlü, havalı ve değerli görünmesini istedik.			Синдбад - король приключений, объехавший 7 морей. Он должен быть сильным, благородным и крутым.
spb_desc_ch4_3	The king is the one to whom the stories of the Arabian Nights were told, night after night...	夜な夜な、この王様に話された物語をまとめたのがアラビアンナイトとなった	Este sultán es a quien le cuentan, noche tras noche, las historias de Las mil y una noches...	Dem König werden die Geschichten von Tausendundeiner Nacht erzählt, Nacht für Nacht...		Il re è il quale raccontava le storie delle Mille ed una notte, notte dopo notte...	O rei é aquele a quem as histórias das Mil e Uma Noites eram contadas, noite após noite...	La recopilación de las historias contadas noche tras noche a este sultán se convirtió en """Las mil y una noches""".	Król to ten, któremu noc po nocy opowiadano historie z Arabskich Nocy.	每晚，為這位國王講述的故事被整理成了《一千零一夜》。	Kral Şehriyar\nŞah, Binbir Gece Masalları'nın anlatıldığı kişidir, geceler boyu...			"""Тысяча и одна ночь""" - это сборник рассказов, которые по ночам рассказывали царю Шахрияру.
spb_desc_ch4_4	We were deciding what to do about the rings placed on his body.	身につけている指輪にいたるまで設定を決めている	Intentábamos decidir que hacer con los anillos colocados en su cuerpo.	Hier waren wir noch am Überlegen, wie wir seinen mit Ringen geschmückten Körper gestalten sollten.		Stavamo decidendo su cosa fare degli anelli nel suo corpo.	Estávamos decidindo o que fazer com os anéis colocados em seu corpo.	Se decidieron los detalles incluso de los anillos que lleva puestos.	Decydowaliśmy o tym, co zrobić z jego pierścieniami na jego ciele.	甚至連他所佩戴的戒指也有詳細設定。	Kral Solomon\nVücuduna takılan yüzüklerle ilgili ne yapacağımızı düşünüyorduk.			Проработано вплоть до кольца, которое он носит.
spb_desc_ch4_5	We discarded this design because it was too removed from the feel of the rest of the game.	全体的なゲームのトーンとはちがっていたので没とした。\nこれはこれで味があるんだけど	Descartamos este diseño porque nos pareció que se alejaba demasiado del estilo del resto del juego.	Wir haben dieses Design verworfen, da es letztendlich nicht zum Spiel passte.		Abbiamo scartato questo design perchè era troppo distaccato da come il gioco appariva.	Descartamos esse design porque destoava demais do restante do jogo.  	Se descartó porque difería del tono general del juego.\nAunque esto tenía su propio encanto.	Odrzuciliśmy ten design, ponieważ był zbyt odległy od reszty atmosfery w grze.	因為整體風格與遊戲基調不符，最後這個設計被取消了。雖然如此，這個版本也別有風味。	Kral Solomon Konsepti\nBu tasarımı oyunun geri kalanının havasından çok uzak olduğu için kaldırdık.			Оно не соответствовало общему тону игры, поэтому от него отказались. Хотя в нём есть свой шарм.
spb_desc_ch4_6	The gold plating melts away, making this evil thing seem just like an ordinary lamp...	ふつうのランプとちがい金メッキがとけて中の地下が顔をだしてを表現。\n右下は「塊」状態	El enchapado de oro se derrite, haciendo parecer a este objeto maligno una lámpara corriente...	Nachdem der Goldüberzug geschmolzen ist, unterscheidet dieses üble Ding nichs von einer gewöhnlichen Lampe.		La placcatura di oro si scioglie via, facendo sembrare questa cosa malvagia una normale lampada...	O revestimento dourado derrete, fazendo com que essa coisa maligna pareça apenas uma lâmpada comum...	A diferencia de las lámparas comunes, esta muestra cómo el baño de oro se derrite para revelar el metal base que hay debajo.\nEn la parte inferior derecha se ve en estado """grumoso""".	Pozłacana odwłoka topi się, co sprawia, że ta przeklęta rzecz wygląda na zwykłą lampę...	與一般的神燈不同，這盞燈的金色鍍層剝落，露出內部的地底構造。\n右下是「塊狀」狀態。	Erazor'un Lambası\nAltın kaplama eriyip gidiyor ve bu şeytani şey sıradan bir lamba gibi görünüyor...			Cлегка расплавилась позолота и на месте бока обычной лампы, видится чьё-то лицо. Выглядит зловеще. Внизу справа лампа в состоянии сгустка.
spb_desc_ch4_7	An image of Erazor as the genie of the lamp. On the right are some more evil designs.	イレイザーがランプの精だったころのイメージ。\n右はそれをさらに邪悪にしたパターン	Una imagen de Erazor como genio de la lámpara. A la derecha, un diseño de aspecto más malvado.	Eine Abbildung von Erazor als Lampengeist. Rechts sind noch mehr finstere Bilder zu sehen.		Una immagine di Erazor come il genio della lampada. Alla si possono trovare più design malvagi.	Uma imagem de Erazor como o gênio da lâmpada. À direita, há alguns outros designs malignos.	Imagen de cuando Erazor era el genio de la lámpara.\nA la derecha, un patrón que lo hace ver aún más malvado.	Obraz Erazora jako dżina lampy. Na prawo są bardziej złe designy.	伊萊薩還是神燈精靈時期的形象。右邊是將其進一步邪惡化的版本。	Erazor'un Lambası Konsepti\nErazor'un lambanın cini olarak tasvir edildiği bir görsel. Sağda birkaç kötücül tasarım daha var.			Изображение лампы, когда Эрейзор был джинном. А справа - более зловещая версия.
spb_desc_ch4_8	The ring bears an inscription that calls for good luck to be bestowed upon its wearer.	シャーラの指輪。\n持ち主に幸せが訪れるよう「祝福があらんことをときざまれている」	El anillo lleva una inscripción que trae la buena suerte a su portador.	Das Ring trägt eine Inschrift, die dem Besitzer Glück verheißen soll.		L'anello porta una inscrizione che chiama buona fortuna a chi lo indossa.	O anel possui uma inscrição que solicita que boa sorte seja concedida ao seu portador.	El anillo de Shahra.\nLleva grabada la bendición """Que la felicidad llegue a su portador""".	Pierścień nosi napis, który wzywa do obdarzenia noszącego go szczęściem.	沙拉（Shahra）的戒指。為了讓持有者獲得幸福，刻有「願你獲得祝福」的文字。	Shahra Yüzüğü\nYüzük üzerinde, takan kişiye uğur getirmesi için dua eden bir yazı yer almaktadır.			На нём выгравировано пожелание счастья тому, кто его носит.
spb_desc_ch4_9	We tried designs for more feminine and more masculine sorts of rings.	女性らしいやわらかいな感じのリングや男性らしい固く怖いイメージなどいろいろ検討している	Probamos diseños más masculinos y más femeninos para el anillo.	Wir versuchten uns an Designs für weiblichere und männlichere Ringe.		Abbiamo provato designs per anelli più maschili o più femminili.	Testamos designs para anéis com estilos mais femininos e mais masculinos.	Se consideraron varias opciones, desde anillos con un toque suave y femenino hasta imágenes duras y aterradoras más masculinas.	Wypróbowaliśmy designy dla typów pierścieni bardziej żeńskich i bardziej męskich.	我們考慮了多種設計，包括女性柔和風格的戒指，以及男性剛硬、帶有威嚇感的戒指。	Shahra'nın Yüzük Konsepti\nDaha feminen ve daha maskülen yüzük çeşitleri için tasarımlar denedik.			Были рассмотрены разные варианты: женственные мягкие кольца, мужественные страшные кольца.
spb_desc_ch4_10	Made of a glass-like substance, the rings give off seven different colors.	ガラスのような素材で常に光をはなっている。\n７色分ある	Compuestos de una sustancia parecida al cristal, se encuentran en 7 colores diferentes.	Hergestellt aus einer glasähnlichen Substanz schimmern die Ringe in sieben verschiedenen Farben.		Fatto di una sostanza simile al vetro, gli anelli danno sette colori diversi.	Feitos de uma substância semelhante ao vidro, os anéis emitem sete cores diferentes.	Son de un material similar al vidrio que emite luz constantemente.\nHay 7 colores diferentes.	Zrobione z substancji podobnej do szkła, pierścienie emitują siedem różnych kolorów.	材質如玻璃般，持續散發光芒。共有七種顏色。	Dünya Yüzüğü\nCam benzeri bir maddeden yapılmış olan yüzük, yedi farklı renk yayıyor.			Сделано из материала вроде стекла, всегда испускает свет. Бывает 7 цветов.
spb_desc_ch4_11	We tried very hard to get different designs for all of the many rings that appear in the game.	このゲームにはいろいろなリングが登場するためちがいをだすのに苦労したいることがうかがえる	Pusimos todos nuestros esfuerzos en crear diseños distintos para cada anillo.	Wir gaben uns beim Entwurf der vielen Ringe im Spiel redliche Mühe!		Abbiamo provato molto per ottenere vari design per i vari anelli che appaiono nel gioco.	Nos esforçamos muito para criar designs diferentes para todos os diversos anéis que aparecem no jogo.	Es evidente que se requirió un esfuerzo considerable para diferenciar entre los distintos anillos que aparecen en este juego.	Bardzo się staraliśmy, aby uzyskać różne designy dla wszystkich licznych pierścieni pojawiających się w grze.	由於這款遊戲中登場了各式各樣的戒指，因此在設計差異上花了不少功夫。	Dünya Yüzük Konsepti\nOyunda görünen birçok yüzüğün hepsi için farklı tasarımlar elde etmek için çok uğraştık.			Из-за того, что в этой игре появляется много разных колец, пришлось приложить много усилий, чтобы показать их разницу.
spb_desc_ch4_12	An Arabian-style palace floating agains the night sky. This is close to the final version.	空にうかぶアラビアの城をイメージしたデザイン。\n最終イメージに近い	Un palacio arábigo que levita frente al cielo nocturno. Se asemeja a la versión final.	Ein im arabischen Stil gehaltenes, treibendes Schloss und der Nachthimmel. Dies ist ein Entwurf.		Un palazzo stile Arabo che fluttua nel cielo della notte. Molto vicino alla versione finale.	Um palácio em estilo árabe flutuando contra o céu noturno. Isso está próximo da versão final.	Diseño inspirado en un castillo árabe flotando en el cielo.\nCercano a la imagen final.	Lewitujący pałac w stylu Arabskim na tle nocnego nieba. To jest bliskie wersji finalnej.	設計靈感來自漂浮在空中的阿拉伯城堡。這個版本很接近最終決定的設計。	Gece Sarayı Dış Mekan Konsepti\nGece gökyüzünde süzülen Arap tarzı bir saray. Bu, son versiyona yakın.			Дизайн арабского дворца, парящего в небе. Близко к финальной версии.
spb_desc_ch4_13	The door to the throne room which the seven world rings opens.	王座の間をあけるとびらのイメージ。７つの世界リングがあればこのとびらが開く	imagen de la puerta que se abre con los siete anillos secretos y que lleva a la sala del trono.	Dies ist die Tür, die in den Thronsaal führt und die nur mit Hilfe der sieben Weltenringe geöffnet werden kann.		La porta della stanza del trono che i sette anelli mondiali aprono.	A porta da sala do trono, que pode ser aberta pelos sete Anéis do Mundo.	Imagen de la puerta que abre la sala del trono. Esta puerta se abre si se tienen los 7 Anillos mundiales.	Drzwi do sali tronowej, które otwierają się dzięki siedmiu pierścieni świata.	王座裡需要七枚世界戒指才能打開的門。	Dünya Halkası Kapısı\nYedi dünya halkasının açtığı taht odasına açılan kapının görüntüsü.			Изображение двери, открывающей тронный зал. Если есть 7 Мировых колец, то получится её открыть.
spb_desc_ch4_14	The room can be entered once the seven world rings are assembled. Aside from the two chairs and a fountain, it's very near its final form.	７つの世界リングを集めると入れる部屋。\nいすが２つあったりふん水があったりするが最終形に近い	Se puede entrar a ella cuando se reúnen los siete anillos secretos. Hay dos sillas y una fuente, pero se acerca a su versión final.	Sobald die 7 Weltenringe gesammelt sind, ist der Zutritt möglich. Abgesehen von den beiden Stühlen und dem Brunnen ist der Saal seiner endgültigen Form sehr nahe.		Si può entrare nella stanza quando i sette anelli mondiali sono riuniti. Apparte dalle due sedie e la fontana, e molto vicino alla versione finale.	A sala pode ser acessada uma vez que os sete Anéis do Mundo estejam reunidos. Tirando as duas cadeiras e a fonte, ela já está muito próxima da versão final.	La habitación a la que se accede al reunir los 7 Anillos mundiales.\nHay dos sillas, una fuente, etc., pero está cerca de su forma final.	Do pokoju można wejść, gdy siedem pierścieni świata zostanie złożonych. Obok dwóch krzeseł i fontanny, jest już bardzo bliski swojej ostatecznej formy.	集齊七個世界戒指後才能進入的房間。裡面有兩張椅子跟一個噴泉，很接近最終版了。	Taht Odası Resmi\nYedi dünya halkası bir araya getirildikten sonra odaya girilebilir. İki sandalye ve bir çeşme var, ancak son haline çok yakın.			Комната, в которую можно войти, если собрать 7 Мировых колец. В ней есть 2 кресла и фонтан. Близко к финальной версии.
spb_desc_ch4_15	The book Sonic reads at the start of the game. The world ring door shares the same design.	初めのシーンでソニックが読んでいる本。\n実は本の表紙と世界リングのとびらは同じデザインになっている	El libro que Shara le enseña a Sonic al principio del juego. La puerta de los anillos secretos se basa en este mismo diseño.	Das Buch, in dem Sonic zu Spielbeginn schmökert. Die Weltenringtür basiert auf dem gleichen Design.		Il libro che Sonic legge a inizio gioco. La porta degli anelli mondiali condivide lo stesso design.	O livro que Sonic lê no início do jogo. A porta dos Anéis do Mundo compartilha o mesmo design.	El libro que Sonic lee en la primera escena.\nEn realidad, la portada del libro y la puerta de los Anillos mundiales tienen el mismo diseño.	Książka, którą Sonic czyta na początku gry. Drzwi pierścienia świata mają ten sam design/wzór.	在一開始的場景中，索尼克正在閱讀的書。書的封面與世界戒指之門的設計其實是一樣的。 	"""Binbir Gece Masalları""" kitabı\nSonic'in oyunun başında okuduğu kitap. Dünya halkası kapısı da aynı tasarıma göre modellenmiştir.			Книга, которую Соник читает в первой сцене. На самом деле, обложка книги и дверь с Мировыми кольцами одного дизайна.
														
spb_desc_ch5_1	A world that connects the real world to that of the book. The scattered pages show how danger is beginning to draw ever near.	本と現実を結ぶ空間。\n本のページがちらばっていることで本の世界が危険にさらされていることを表している	Un lugar que conecta el mundo real con el del libro. Nos acerca al peligro acechante que nos espera.	Diese Welt verknüpft die Realität mit der Fantasiewelt des Buches und macht die drohende Gefahr mittels verstreuten Seiten deutlich.		Un mondo che connette il modo reale a quello del libro. Questo mostra come il pericolo si sta avvicinando.	Um mundo que conecta o mundo real ao do livro. As páginas espalhadas mostram como o perigo começa a se aproximar cada vez mais.	El espacio que conecta el libro con la realidad.\nLas páginas dispersas del libro representan que el mundo del libro corre peligro.	Świat, który łączy prawdziwy świat do tego z książki.To pokazuje, że zbliża się niebezpieczeństwo.	連結書本與現實的空間。散落的書頁象徵書中世界正面臨危機。 	Kayıp Başlangıç\nGerçek dünyayı kitaptaki dünyaya bağlayan bir dünya. Bu, tehlikenin giderek yaklaştığını gösteriyor.			Пространство, соединяющее книгу и реальность. Повсюду страницы книги, что показывает, что мир книги в опасности. 
spb_desc_ch5_2	An Arabian Nights project wouldn't be complete without a desert stage, would it?	プロジェクトの最初のころはアラビアンナイトのモチーフとしてまず砂漠から制作を始めた	A un proyecto basado en Las mil y una noches no le puede faltar un escenario desértico, ¿verdad?	Was wäre eine Geschichte über 1001 Nacht ohne ein Wüstenlevel?		Un progetto delle Mille ed una notte non sarebbe completo senza un deserto, vero?	Um projeto das Mil e Uma Noites não estaria completo sem uma fase no deserto, não é?	Al principio del proyecto, se empezó por crear el desierto como motivo de """Las mil y una noches""".	Projekt Arabskich Nocy nie byłby kompletny bez etapu pustynnego, prawda?	計畫初期以《一千零一夜》為主題，所以先從沙漠場景開始製作。	Kum Vahası\nBir Binbir Gece Masalları projesi çöl sahnesi olmadan tamamlanmış sayılmaz, değil mi?			В начале проекта игру начали создавать с пустыни, взяв её за основу """Тысячи и одной ночи""".
spb_desc_ch5_3	We thought sand by itself would be boring, so we used water and light to highlight the oasis.	ただの砂漠では単調ということで光と水の表現に力を入れたところ目指すオアシスの形が見えてきた	Pensamos que solo con arena sería aburrido, así que utilizamos el agua y la luz para que el oasis destacase.	Nur Sand allein hielten wir für langweilig, darum setzten wir Wasser und Licht ein, um die Oase hervorzuheben.		Abbiamo pensato che solo un deserto fosse noioso, quindi abbiamo usato l'acqua e la luce per evidenziare l'oasi.	Achamos que só a areia seria entediante, então usamos água e luz para destacar o oásis.	Como un simple desierto resultaba monótono, se puso énfasis en la representación de la luz y el agua, y así surgió la forma del oasis deseado.	Sądziliśmy, że piasek sam w sobie byłby nudny, więc użyliśmy wody i światła by podkreślić oazę.	由於單純的沙漠太過單調了，因此開始著重於光與水的表現，逐漸呈現出理想中的綠洲形象。	Kum Vahası\nKumun tek başına sıkıcı olacağını düşündük, bu yüzden vahayı vurgulamak için su ve ışık kullandık.			Просто пустыня - это неинтересно, поэтому сделали акцент на воде и свете и получился такой оазис, к какому стремились.
spb_desc_ch5_4	You can't have a jungle without plants that are typically found there, right?	ジャングルといえば密林。\nそれではつまらないので多肉植物のジャングルを制作した	Una jungla no es una jungla sin vegetación selvática, ¿no?	Kein Dschungel ohne Dschungelpflanzen, richtig?		Non si può avere una giungla senza avere le piante che vivono la, giusto?	Não se pode ter uma selva sem plantas típicas dela, certo?	Al hablar de jungla se piensa en un bosque denso.\nComo eso era aburrido, se creó una jungla de plantas suculentas.	Nie możesz mieć dżungli bez roślin które zazwyczaj by w niej były, nie?	提到Jungle就會想到叢林。但光那樣太無趣了，因此製作了以多肉植物為主的叢林。	Dinozor Ormanı\nOrmanda genellikle bulunan bitkiler olmadan orman olmaz, değil mi?			Обычно джунгли - это густой лес. Но это скучно, поэтому были добавлены суккуленты.
spb_desc_ch5_5	The stone pillars shown here were removed from the final version in favor of an all-natural theme.	イラストでは石柱や橋のようなものもあるが、大自然のコンセプトと異なるため削除となった	Descartamos los pilares de piedra en pro de una temática completamente basada en la naturaleza.	Die hier gezeigten Steinsäulen wurden aus dem Endentwurf zugunsten eines vollkommenen """Natur-Looks""" entfernt.		I pilastri di pietra che si vedono qui furono rimossi dalla versione finale a favore di un tema naturalistico.	Os pilares de pedra mostrados aqui foram removidos da versão final em favor de um tema totalmente natural.	En la ilustración hay elementos como pilares de piedra y puentes, pero se eliminaron por diferir del concepto de gran naturaleza.	Tutejsze filary kamienne były usunięte z finalnej wersji na korzyść w pełni naturalnego motywu.	插圖中曾有石柱與橋等元素，但因為和純大自然的概念不符而被刪除。	Dinozor Ormanı\nBurada gösterilen taş sütunlar, tamamen doğal bir tema lehine nihai konseptten çıkarıldı.			На изображении есть каменная колонна и мост, но это не соответствует природной концепции, поэтому их убрали.
spb_desc_ch5_6	The water posed some fun factor potential, so we came up with the log ride sequence.	水の表現を近くで見せた遊びを入れたいということで丸太でクルーズが生まれた	El agua suponía un elemento con potencial para algo divertido y se nos ocurrió la idea de montar el tronco.	Das Wasser bot einen gewissen Spaßfaktor, deshalb entwarfen wir die Sequenz mit dem Holzscheit.		L'acqua ha posto un potenziale fattore di divertimento, quindi abbiamo pensato alla sequenza della cavalcata del tronco.	A água tinha potencial para diversão, então criamos a sequência do passeio de troncos.	Querían incluir una mecánica para mostrar el agua de cerca, así que nació el viaje en troncos.	Woda miała potencjał, by wprowadzić element zabawy, więc wpadliśmy na pomysł o sekcji z kłodą.	為了近距離展現水的效果，而加入了木筏巡航的遊戲設計。	Dinozor Ormanı\nSuyun eğlenceli bir potansiyeli vardı, bu yüzden kütük yolculuğu sahnesini düşündük.			Хотелось добавить какое-то развлечение, чтобы поближе показать воду, поэтому появился этап с бревном.
spb_desc_ch5_7	An image showing cacti and other plants cutting through a waterfall.	竜をつきやぶる巨大なサボテンで水と植物の関連性を表現したイメージ	En esta imagen se muestran catcus y otras plantas que cortan una cascada..	Ein Bild mit Kakteen und weiteren Pflanzen, die durch einen Wasserfall wuchern.		Una immagine che mostra cactus e altre piante vicino alla cascata.	Uma imagem mostrando cactos e outras plantas atravessando uma cachoeira.	Imagen que representa la relación entre el agua y las plantas con un cactus gigante atravesando un dragón.	Obraz pokazujący kaktusy i inne rośliny przebijające się przez wodospad.	以刺穿瀑布的巨大仙人掌來表現水與植物的關聯性的圖片。	Dinozor Ormanı\nBir şelalenin içinden geçen kaktüsleri ve diğer bitkileri gösteren bir görüntü.			Огромный кактус, пробивающий водопад, показывает связь воды и растений.
spb_desc_ch5_8	The remains of machines can be seen cluttering the entrance.	たくさんの機械の残がいがエントランス付近にまであふれている	Pueden verse los restos de muchas máquinas abarrotando la entrada.	Der Eingang wird durch die Überreste unzähliger Maschinen versperrt.		I resti delle macchine si possono vedere ingombrare l'entrata.	Os restos de máquinas podem ser vistos espalhados pela entrada.	Montones de restos de maquinaria se desbordan hasta cerca de la entrada.	Ruiny maszyn zalegają przy wejściu.	入口附近散落著大量機械殘骸。	Kötü Dökümhane\nGirişte çok sayıda makinenin kalıntıları görülebilir.			Повсюду, вплоть до входа, детали разных устройств.
spb_desc_ch5_9	This is part of the front-half hallway. It's hard to see, but pipes are exposed through the ceiling.	前半の通路。\nこのあたりはまだ機械に侵食されていないがパイプが天井をはっている	Esto es parte del pasillo frontal. Aunque es difícil de ver, hay tuberías al aire libre en el techo.	Ein Teil des vorderen Eingangsbereichs. Wenn man genau hinsieht, kann man die Röhre durch die Decke erkennen.		Questa parte è la metà interiore del corridoio, è difficile vedere da vedere, ma si possono vedere dei tubi esposti ne soffitto.	Esta é a parte dianteira do corredor. É difícil de ver, mas canos estão expostos pelo teto.	El pasillo de la primera mitad.\nEsta zona aún no ha sido invadida por las máquinas, pero hay tuberías recorriendo el techo.	To część przedniego korytarza, Trudno to zauważyć, ale przez sufit prześwitują odsłonięte rury.	前半段的通道。這一區尚未被機械侵蝕，但天花板上已佈滿管線。	Kötü Dökümhane\nBu, ön koridorun bir kısmı. Görünmesi zor, ancak tavandan borular görünüyor.			Проход в первой половине уровня. Здесь пока нет устройств, но есть трубы на потолке.
spb_desc_ch5_10	A central spiral staircase hints at the castle's former glory, in contrast to the factory area.	中盤のらせん階段。\nこの城が栄えていたことを思わせる装飾と工場エリアとのギャップがねらい	La escalera en espiral es un resquicio de la antigua gloria del castillo y contrasta con los elementos industriales.	Eine zentral gelegene Wendeltreppe, die den einsttigen Glanz des Schlosses zeigt, im Gegensatz zur Fabrik.		Una scalinata centrale a spirale suggerisce alla passata gloria del castello, in contrasto all'area della fabbrica.	Uma escadaria central em espiral remete à antiga glória do castelo, em contraste com a área da fábrica.	La escalera de caracol de la zona intermedia.\nEl objetivo es el contraste entre la zona industrial y la decoración que evoca la antigua prosperidad de este castillo.	Centralna spiralna klatka schodowa przypomina o dawnej świetności zamku, kontrastując z przemysłową częścią fabryki.	中心的螺旋階梯。透過裝飾與工廠區的反差，展現城堡曾經繁榮的印象。 	Kötü Dökümhane\nFabrika alanının aksine, kalenin eski ihtişamını anımsatan merkezi bir spiral merdiven.			Винтовая лестница в середине уровня, чтобы показать, что раньше дворец процветал, и увидеть разницу с заводом.
spb_desc_ch5_11	In the center of the stage are a series of jutting iron ruins from the underground fortress.	ステージ中盤では城の地下で侵食がおきており、あちこちからとけた鉄がもれ出している	En el centro del escenario, sobresalen una serie de ruinas de acero pertenecientes a la fortaleza subterránea.	In der Mitte des Levels befindet sich eine Reihe hervorstehender Eisenruinen der unterirdischen Festung.		Al centro del livello è una serie serie di rovine di ferro sporgenti dalla fortezza sottosuolo.	No centro da fase há uma série de ruínas de ferro salientes da fortaleza subterrânea.	A mitad de la fase, la erosión está ocurriendo en el subsuelo del castillo, y hay fugas de hierro fundido por todas partes.	W środku etapu wyrastają wysuniete żelazne ruiny podziemnej twierdzy.	關卡中心的城堡地下正在遭受侵蝕，熔化的鐵從各處滲出。	Kötü Dökümhane\nSahnenin ortasında yeraltı kalesinden dışarı doğru uzanan bir dizi demir kalıntı yer alıyor.			В середине уровня на нижнем этаже замка началась эрозия, поэтому отовсюду течёт расплавленный металл.
spb_desc_ch5_12	This is the latter half of the stage. Giant smelting pots below continually create new genies.	ステージ後半。\n足場の下の大釜ではとけた鉄がにえたぎり、新たなマジンを作り出している	Esta es la segunda mitad del nivel. Hay jarrones de fundición y nuevos monstruos genio.	Dies zeigt die zweite Hälfte des Levels. Riesige Schmelzkessel darunter erschaffen immer wieder neue Geister.		Questa è la seconda metà del livello. Sotto si trovano Giganti pentole di fusione per la creazione di nuovi geni.	Esta é a segunda metade da fase. Grandes fornos de fundição abaixo criam continuamente novos gênios.	La segunda mitad de la fase.\nEn el gran caldero bajo la plataforma hierve el hierro fundido, creando nuevos majin.	To druga połowa etapu. Gigantyczne piece do wytapiania poniżej nie ustannie tworzą nowych dżinów.	關卡後段。平台下方有著沸騰熔鐵的大鍋，正在製造新的魔神。	Kötü Dökümhane\nBurası sahnenin ikinci yarısı. Altta yeni cin tipi canavarların bulunduğu dev eritme kazanları var.			Вторая половина уровня. В котле под платформой бурлит расплавленный металл и порождает новых злых джиннов.
spb_desc_ch5_13	In this concept, the Rukh keeps Sinbad prisoner in a floating tomb.	ロック鳥にシンドバットがとらわれているという設定から遺跡が空中となった	En este arte conceptual, el ruc mantiene a Simbad prisionero en un sepulcro levitante.	In diesem Entwurf hält der Rukh Sindbad in einem fliegenden Grab gefangen.		In questo concetto, la Rukh tiene Sinbad imprigionato nella tomba fluttuante.	Neste conceito, a Roca mantém Simbad prisioneiro em um túmulo flutuante.	Las ruinas se situaron en el aire debido a la historia de que Simbad había sido capturado por el ave Rokh.	W tym koncepcie, Rukh więzi Sinbada w lewitującym grobowcu.	由於設定為辛巴達被洛克鳥抓走，所以遺跡在天空中。	Havadaki Harabe\nBu konseptte Rukh, Sinbad'ı yüzen bir mezarda tutsak tutar.			Сначала задумывалось, что Синдбада похитит птица Рух, но позже добавили детали с парящими в воздухе руинами.
spb_desc_ch5_14	From the top of the tower, the Rukh's size and the other floating parts of the stage can be put in perspective.	塔の頂上に登ればロック鳥の巨大さと大編隊飛行が感じられるはずという意図から塔が建てられた	Desde la cima de la torre, se pone en perspectiva el tamaño de un ruc y otras partes del escenario.	Von der Bergspitze aus lässt sich die Größe des Rukh sowie der anderen schwebenden Objekte in Perspektive rücken.		Dalla cima della torre, la dimesione del Rukh e le altri part fluttuanti del livello si possono mettere in prospettiva.	Do topo da torre, é possível ter uma noção do tamanho da Roca e das outras partes flutuantes da fase.	La torre se construyó con la intención de que, al subir a la cima, se pudiera percibir la enormidad del Rokh y su gran vuelo en formación.	Z szczytu wieży można ocenić rozmiaw Rukha oraz innych unoszących się elementów etapu.	這座塔的建造意圖是為了讓人們登上塔頂時，能感受到洛克鳥的龐大與壯觀的編隊飛行。	Havadaki Harabe\nKulenin tepesinden, Rukh'un büyüklüğü ve sahnenin diğer havada yüzen kısımları perspektife oturtulabilir.			Башня была построена с целью показать, что, взобравшись на вершину, можно прочувствовать огромный размер Рух.
spb_desc_ch5_15	Unlike a traditional bird, the Rukh moves more like a giant manta ray.	従来の巨大鳥というロック鳥のイメージからぬけ、海中を飛びように泳ぐマンタがモチーフとなった	A diferencia de otros pájaros, el ruc se mueve de manera más similar a una manta taya.	Im Gegensatz zu einem gewöhnlichen Vogel bewegt sich der Rukh eher wie ein Mantarochen.		A differenza di un uccello tradizionale, il Rukh si muove come un manta gigante.	Ao contrário de uma ave tradicional, a Roca se move mais como uma arraia gigante.	Alejándose de la imagen tradicional del Rokh como un pájaro gigante, se tomó como motivo una mantarraya que vuela como si nadara en el mar.	W przeciwieństwie do tradycyjnego ptaka, Rukh porusza się bardziej jak gigantyczna płaszczka.	擺脫了傳統洛克鳥就是巨鳥的形象，改以在海中如飛行般游動的魔鬼魚為主題。	Havadaki Harabeler\nGeleneksel kuşlardan farklı olarak Rukh, dev bir manta vatozu gibi hareket ediyor.			Из образа Руха, огромной птицы, появилась Манта, плавающая так, как будто летит по небу.
														
spb_desc_ch6_1	Floating shipwrecks battered by the endless storms.	はげしい嵐が長い間やまないためいたるところに船の残がいがういている	Pecios flotantes atacados por tormentas interminables.	Schiffswracks werden durch die endlosen Stürme zerrüttet.		Relitti fluttuanti malconci dalle tempeste continue.	Naufrágios flutuantes castigados pelas tempestades incessantes.	Como la violenta tormenta no cesa desde hace mucho tiempo, hay restos de barcos flotando por todas partes.	Wraki statków poturbowane przez niekończące się sztormy.	Floating shipwrecks battered by the endless storms.	Korsan Fırtınası\nSonsuz fırtınaların hırpaladığı yüzen gemi enkazları.			Сильный шторм не прекращается, поэтому повсюду останки кораблей.
spb_desc_ch6_2	We added coral around the caves to incorporate more color to the dark, stormy scene.	嵐で暗いシーンが続くため、どうくつの中は明るくなるようさんごを地面に配置して、現実にはないシーンを作った	Incluímos corales en las cuevas para.añadir color al escenario oscuro y tormentoso	Um die Höhlen herum haben wir Korallen hinzugefügt. Dies sollte mehr Farben in die stürmische Szenerie bringen.		Abbiamo aggiunto corallo alle caverne per incorporare più colore all'oscura, tempestosa scena.	Adicionamos corais ao redor das cavernas para incorporar mais cor à cena escura e tempestuosa.	Como las escenas oscuras por la tormenta eran continuas, se colocaron corales en el suelo de la cueva para iluminarla, creando una escena irreal.	Dodaliśmy korale do jaskiń by dodać więcej koloru dla czarnej, sztormowej sceny.	We added coral around the caves to incorporate more color to the dark, stormy scene.	Korsan Fırtınası\nKaranlık ve fırtınalı sahneye daha fazla renk katmak için mağaraların etrafına mercan ekledik.			Из-за шторма не заканчиваются тёмные сцены, поэтому в пещере мы добавили светлые кораллы, создали сцену, которой нет в реальности.
spb_desc_ch6_3	We wanted this area to look like it was made by an ancient people.	昔、人がここを開拓していたというふんいきを出すため地形のところどころに橋などを配置している	Queríamos que esta zona pareciese construída por una civilización antigua.	Dieses Gebiet könnte vor sehr langer Zeit von einem antiken Volk besiedelt und aufgebaut worden sein.		Abbiamo voluto rendere questa area come se fosse fatta da un popolo antico.	Queríamos que esta área parecesse ter sido feita por um povo antigo.	Se colocaron puentes y otros elementos en el terreno para dar la sensación de que antiguamente la gente colonizó este lugar.	Chcieliśmy żeby ten obszar wyglądał, jakby był stworzony przez przez starożytnych ludzi.	We wanted this area to look like it was made by an ancient people.	Korsan Fırtınası\nBu alanın sanki kadim bir halk tarafından yapılmış gibi görünmesini istedik.			Чтобы было понятно, что люди раньше осваивали эти земли, в разных местах построены мосты.
spb_desc_ch6_4	The bones of ancient giant creatures form the terrain.	何億年も前にほろびた巨大生物がつもりつもって地形となったという設定	El terreno está conformado por los huesos de gigantes criaturas antiguas.	Das Gelände besteht aus den Knochen altertümlicher Kreaturen.		Le ossa di antiche creature giganti che modula il terreno.	Os ossos de antigas criaturas gigantes formam o terreno.	La premisa es que criaturas gigantes extintas hace millones de años se acumularon formando el terreno.	Kości pradawnych, gigantycznych stworzeń kształtują teren.	The bones of ancient giant creatures form the terrain.	İskelet Kubbesi\nAntik dev yaratıkların kemikleri araziyi oluşturuyor.			Здесь скопились останки огромных существ, вымерших несколько сотен миллионов лет назад.
spb_desc_ch6_5	Ancient mythical creatures died and their bony remains create this environment.	まわりの巨大な骨は何億年も前にいた架空の巨大生物。この土地でおきた何かが原因でほろんでしまった設定	Los restos óseos de antiguas criaturas míticas contituyen este entorno.	Die Überreste antiker mythischer Kreaturen charakterisieren diese Umgebung.		Antiche creature mitiche morirono e i loro resti del corpo crearono questo ambiente.	Antigas criaturas míticas morreram, e seus restos ósseos formam este ambiente.	Los huesos gigantes de los alrededores pertenecen a criaturas imaginarias de hace millones de años. Se extinguieron debido a algo que ocurrió en esta tierra.	Pradawne mityczne stworzenia zgineły i ich kostne resztki tworzą to środowisko.	Ancient mythical creatures died and their bony remains create this environment.	İskelet Kubbesi\nAntik mitolojik yaratıklar ölmüş ve onların kemik kalıntıları bu ortamı yaratmıştır.			Эти гигантские кости принадлежат огромным существам, которые жили в древние времена. Здесь что-то произошло, поэтому они вымерли.
spb_desc_ch6_6	In addition to the bones, we also decided to make this the king's hiding place.	王のかくれ家という設定にこのステージのコンセプトである「骨」を足して生まれたイメージ	Aparte de diseñarlo en base a huesos, decidimos convertirlo en el escondite del rey.	Die Kammer dient nicht nur als Aufbewahrungsort der Knochen, sondern auch als Versteck für den König.		In aggiunta alle ossa, abbiamo anche deciso di rendere questo posto dove risiede il re.	Além dos ossos, também decidimos que este seria o esconderijo do rei.	Una imagen nacida de añadir el concepto de """huesos""" de esta fase a la idea de la guarida del rey.	W związku z kośćmi, zdecydowaliśmy, że to będzie kryjówka króla.	In addition to the bones, we also decided to make this the king's hiding place.	İskelet Kubbesi\nKemiklerin yanı sıra burayı kralın saklanma yeri yapmaya da karar verdik.			На изображение тайной комнаты царя добавили концепцию этого уровня - кости.
spb_desc_ch6_7	The spiral corridor and central staircase serve as an entryway for the countless souls called upon by the king's magic.	らせん通路の中央。ふきぬけは王の魔力で呼びよせられた無数の魂の通り道という設定	El pasillo en espiral y las escaleras centrales sirven como entrada a las incontables almas invocadas por la magia del rey.	Über den spiralförmigen Korridor und die Treppe komen die unzähligen Seelen, gerufen durch den Zauber des Königs.		Il corridoio a spirale e la scalinata centrale servono come ingresso per le varie anime chiamate dalla magia del re.	O corredor em espiral e a escada central servem como entrada para as inúmeras almas convocadas pela magia do rei.	El centro del pasillo en espiral. El atrio es el camino de paso de innumerables almas convocadas por el poder mágico del rey.	Spiralny korytarz i centralna klatka schodowa służą jako wejście dla niezliczonych dusz przywołanych przez magię króla.	The spiral corridor and central staircase serve as an entryway for the countless souls called upon by the king's magic.	İskelet Kubbesi\nSarmal koridor ve merkezi merdiven, kralın büyüsüyle çağrılan sayısız ruh için giriş yolu görevi görüyor.			Середина винтовой лестницы. Лестничная клетка - это проход для бесчисленных душ, вызванных магией царя.
spb_desc_ch6_8	True to the """dome""" part of the stage's name, here you can see the coliseum where spirts gather.	ステージの名前にもある「ドーム」がこの巨大な広間。イメージは、霊達が集まるコロッセオ	Fiel al """domo""" en el nombre del escenario, aquí se observa el coliseo en el que se reúnen los espíritus.	Hier sieht man versammelte Geister im Kolosseum. Sie machen dem Levelnamen alle Ehre.		Fedele alla parte """Cupola""" del livello, qua puoi vedere il colosseo dove gli spiriti si riuniscono.	Fiel à parte “domo” do nome da fase, aqui você pode ver o coliseu onde os espíritos se reúnem.	El """Domo""" que da nombre a la fase es esta enorme sala. La imagen es la de un coliseo donde se reúnen los espíritus.	Zgodnie z nazwą etapu, która zawiera """kopuła""", tutaj można zobaczyć koloseum gdzie zbierają się duchy.	True to the """dome""" part of the stage's name, here you can see the coliseum where spirts gather.	İskelet Kubbesi\nSahnenin ismindeki 'kubbe' kısmına sadık kalarak, burada ruhların toplandığı kolezyumu görebilirsiniz.			Свод из названия этого уровня - вот эта огромная комната. Похожа на Колизей, где собираются призраки.
spb_desc_ch6_9	King Solomon has vast amounts of hidden treasure, and what you see in the stage is only a small portion of it.	王のかくれ家。ソロモン王がかくしもっていた大量の財宝はその一部	El rey Salomón tiene ocultas grandes riquezas y lo que se ve en el escenario solo es una pequeña parte de ellas.	King Solomon hat hier Unmengen an Schätzen versteckt. Doch diese sind nur ein Bruchteil seines Reichtums.		Re Solomone ha grandi quantità di tesori nascosti, e quello che vede nel livello e solo una piccola porzione.	O Rei Salomão possui grandes quantidades de tesouros escondidos, e o que você vê na fase é apenas uma pequena parte deles.	La guarida del rey. El gran tesoro que el rey Salomón mantenía oculto es parte de ella.	Król Solomon ma ogromne ilości ukrytych skarbów, i te które widnieją w etapie, to tylko ich mała część.	King Solomon has vast amounts of hidden treasure, and what you see in the stage is only a small portion of it.	İskelet Kubbesi\nKral Süleyman çok miktarda hazine saklamıştır ve sahnede gördüğünüz şey bunun sadece küçük bir kısmıdır. 			Тайная комната царя Соломона, в которой он спрятал множество сокровищ. Те, что вы видите - лишь их малая часть.
spb_desc_ch6_10	The marble floor is mirror-like, which creates an optical illusion of walking on glass.	床が鏡のようにみがかれた大理石でできているためガラスの上にいるかのような錯覚をうれる	El suelo de mármol actúa como un espejo, creando la ilusión de estar andando sobre cristal.	Der Marmorboden ähnelt einem Spiegel, was die Illusion erweckt, man ginge auf Glas.		Il suolo di marmo è a specchio, che crea una illusione ottica di camminare sul vetro.	O piso de mármore é espelhado, o que cria a ilusão óptica de andar sobre vidro.	Como el suelo es de mármol pulido como un espejo, se crea la ilusión de estar sobre cristal.	Marmurowa podłoga jest lustrzana, co tworzy optyczną iluzję chodzenia po szkle.	The marble floor is mirror-like, which creates an optical illusion of walking on glass.	Gece Sarayı\nMermer zemin ayna gibi olup, cam üzerinde yürüyormuşsunuz gibi bir optik illüzyon yaratıyor.			Пол сделан из отполированного до блеска мрамора, поэтому создаётся иллюзия, будто идёшь по стеклу.
spb_desc_ch6_11	Outside the palace, the eerie moonlight and winding road stir anxiety about what lies ahead.	宮殿の外部月明かりの妖しさと曲がりくねった道が先にあるものを不安にさせる	En el exterior del palacio, la siniestra luz de la luna y los caminos sinuosos despiertan ansiedad respecto a lo que está por venir.	Vor dem Palast. Das gespenstische Mondlicht und die kurvige Straße lösen ein Gefühl der Unsicherheit aus.		Fuori dal palazzo, l'inquietante chiaro di luna e la strada tortuosa danno ansia su cosa si aspetti.	Do lado de fora do palácio, a luz assustadora da lua e a estrada sinuosa despertam ansiedade sobre o que está por vir.	El misterio de la luz de la Luna en el exterior del palacio y el camino sinuoso crean inquietud sobre lo que hay más adelante.	Na zewnątrz pałacu, niepokojące światło księżyca i kręta droga wywołują niepokój dotyczący tego, co czeka dalej.	Outside the palace, the eerie moonlight and winding road stir anxiety about what lies ahead.	Gece Sarayı\nSarayın dışında, ürkütücü ay ışığı ve dolambaçlı yol, ileride ne olacağı konusunda endişe uyandırıyor.			Снаружи дворца. Подозрительный свет и извилистая дорожка внушают тревогу о том, что ждёт впереди.
spb_desc_ch6_12	The idea was to use soft blue moonlight to give an illusory air to the palace, as if it partly exists in another world.	月光をうけ青白い光をはなつ幻想的な空中宮殿。この先には現実世界とつながる異空間がある	La idea era usar la luz de la luna para darle un aspecto ilusorio al palacio, como si existiese parcialmente en otro mundo.	Das weiche, blaue Mondlicht sol die Illusion vermitteln, der Palast existiere zum Teil in einer anderen Welt.		L'idea era quella di usare il chiaro di luna blu per dare un'aria illusoria al palazzo, come se in parte esistesse in un altro mondo	A ideia era usar a luz suave da lua azul para dar um ar ilusório ao palácio, como se ele existisse parcialmente em outro mundo.	Un fantástico palacio aéreo que emite una luz pálida bajo la luna. Más adelante hay una dimensión alternativa que conecta con el mundo real.	Pomysł był, aby użyć lekkiego niebieskiego światła księżyca by oddać złudne wrażenie do pałacu, ponieważ częściowo istnieje w innym świecie.	The idea was to use soft blue moonlight to give an illusory air to the palace, as if it partly exists in another world.	Gece Sarayı\nFikir, saraya sanki başka bir dünyada varmış gibi yanıltıcı bir hava vermek için yumuşak mavi ay ışığı kullanmaktı.			Иллюзорный дворец, парящий в небе и излучающий сине-белый свет от Луны. Впереди ждёт необычное пространство, соединяющее миры.
spb_desc_ch6_13	From the palace corridors, the starry sky can be seen. Notice the light casts no shadows.	宮殿の回廊からは美しい夜空が広がる。もれる光はあたたかいが人かげはなく生活感も一切ない	Desde los pasillos del palacio, se avista el cielo estrellado.	In den Palastgängen ist der Sternenhimmel zu sehen. Beachte, wie das Licht dabei keinen Schatten wirft.		Dai corridoi del palazzo, il cielo stellato si può vedere. Si può scorgere che la luce non crea ombre.	Dos corredores do palácio, é possível ver o céu estrelado. Repare que a luz não projeta sombras.	Desde el corredor del palacio se extiende un hermoso cielo nocturno. La luz que se filtra es cálida, pero no hay nadie ni rastro alguno de vida.	Z korytarzy pałacu, można zauważyć gwieżdziste niebo. Zauważ, że światło nie tworzy cieni.	From the palace corridors, the starry sky can be seen. Notice the light casts no shadows.	Gece Sarayı\nSaray koridorlarından yıldızlı gökyüzü görülebiliyor. Işığın gölge oluşturmadığına dikkat et.			Из галереи дворца открывается вид на красивое ночное небо. Свет от него тёплый, но не похоже, что здесь кто-то обитает...
spb_desc_ch6_14	We wanted the map to convey a sense of mystery, too. This way, the player can encounter the metaphysical.	マップコンセプトは「不思議」感。宮殿内部を走りながら、世界の「精神」部分に接触するというイメージ	También queríamos darle al lugar un aura misteriosa. Así, el jugador puede encontrarse con lo metafísico.	Wir wollten auch mit der Karte ein mystisches Gefühl vermitteln, damit der Spieler ganz ins Geschehen eintauchen kann.		Abbiamo voluto pure dare alla mappa un senso di mistero. In questo modo, il giocatore può incotrare il metafisico.	Queríamos que o mapa também transmitisse uma sensação de mistério. Dessa forma, o jogador pode se deparar com o metafísico.	El concepto del mapa consiste en la sensación de """misterio""". La imagen es la de correr por el interior del palacio mientras se entra en contacto con el aspecto """espiritual""" del mundo.	Też chcieliśmy aby mapa oddawała nutkę tajemnicy w ten sposób, gracz może napotkać sferę metafizyczną.	We wanted the map to convey a sense of mystery, too. This way, the player can encounter the metaphysical.	Gece Sarayı\nHaritanın aynı zamanda bir gizem duygusu da taşımasını istedik. Bu sayede oyuncu metafizikle karşılaşabilir.			Концепция - """необычное""" ощущение. Пока бежишь по дворцу, должно складываться ощущение, будто соприкасаешься с """душой""" мира.
spb_desc_ch6_15	An image of the Spirit World. The glass walkway underscores the myseriousness of the space.	精神世界を表現したイメージ。ガラスの通路がこの空間の不思議さを強調している	Imagen del Mundo Espiritual. El camino cristalino enfatiza la sensación de misterio.	Ein Bild der Geisterwelt. Der gläserne Gang unterstreicht die geheimnisvolle Atmosphäre.		Una immagine del Mondo degli Spiriti. La passerella di vetro sottolinea la misteriosità del posto.	Uma imagem do Mundo dos Espíritos. A passarela de vidro ressalta o mistério do lugar.	Una imagen que representa el mundo espiritual. El pasillo de cristal acentúa la extrañeza de este espacio.	Obraz ze Świata Duchów. Szklane przejście podkreśla tajemniczość przestrzeni.	An image of the Spirit World. The glass walkway underscores the myseriousness of the space.	Gece Sarayı\nRuhlar Dünyası'nın bir görüntüsü. Cam yürüyüş yolu, mekanın gizemli ciddiyetini vurguluyor.			Изображение, показывающее мир душ. Стеклянный проход подчёркивает загадочность этого пространства.
														
spb_desc_ch7_1	This was the first boss created. At first we were unsure where to place it in the game.	一番最初に制作されたボス。このゲームにおけるボスの位置付けなどをなやみながら制作された	Este fue el primer jefe que creamos. Al principio, no sabíamos dónde introducirlo en el juego.	Diesen Boss schufen wir als Erstes. Anfangs waren wir uns nicht sicher, wo im Spiel wir ihn unterbringen würden.		Questo era il primo boss che abbiamo creato. All'inizio non sapevamo dove metterlo.	Este foi o primeiro chefe criado. No início, não tínhamos certeza de onde colocá-lo no jogo.	El primer jefe creado. Se hizo mientras se decidía el papel de los jefes en este juego.	To był pierwszy boss jakiego stworzyliśmy. Na początku nie byliśmy pewni, gdzie możemy go wstawić.	This was the first boss created. At first we were unsure where to place it in the game.	Kum Akrebi\nBu, yaratılan ilk boss'tu. İlk başta onu oyunda nereye yerleştireceğimizden emin değildik.			Босс, созданный в самом начале. Создавали, размышляя о том, куда поместить боссов в игре.
spb_desc_ch7_2	The Ifrit is mixed with discarded machinery. Look closely in the cauldron and you'll see a rubber ducky!	捨てられていた機械と炎のマジンが合体ていイフリート。よく見ると釜の中におもちゃのアヒル！	El ifrit combina su cuerpo con maquinaria desechada. ¡Mira con atención su caldera y podrás ver un patito de goma!	Der Ifrit besteht zum Teil aus Maschinenteilen. Wenn du genauer in den Kessel guckst, siehst du eine Gummiente!		L'Ifrit è mischiato con macchinari scartati. Guarda bene nel calderone e si può vedere una paperella di gomma!	O Ifrit está misturado com maquinário descartado. Olhe de perto no caldeirão e você verá um patinho de borracha!	El ifrit es la fusión de una máquina desechada y un majin de fuego. ¡Si miras bien, hay un patito de hule en el caldero!	Ifrit jest wymieszany z wyrzuconymi maszynami. Patrz uważnie, w środku kociołka jest gumowa kaczuszka!	The Ifrit is mixed with discarded machinery. Look closely in the cauldron and you'll see a rubber ducky!	İfrit Golemi\nİfrit, atılmış makinelerle karıştırılmıştır. Kazana dikkatlice bakarsanız, bir lastik ördek göreceksiniz!			Заброшенные устройства и злой дух огня соединились и получился Ифрит. Приглядитесь и обнаружите игрушечного утёнка!
spb_desc_ch7_3	This creature is born from an amalgamation of Slime Djinns.	スライム・ジンが寄せ集まり生まれた怪物という設定	Esta criatura nace de la amalgamación de Yinns Limo.	Diese Kreatur entstand aus der Fusion von Slime Djinns.		Questa creatura è nata dalla fusione di Geni di Melma.	Essa criatura nasceu de uma fusão de Slime Djinns.	Monstruos nacidos de la mezcla de majin de baba.	To stworzenie powstało w wyniku połączenia Dżinów Śluzowych.	This creature is born from an amalgamation of Slime Djinns.	Kaptan Bemoth\nBu yaratık Balçık Cinlerinin bir karışımından doğmuştur.			Существо, появившееся в результате слияния Джиннов Слизи.
spb_desc_ch7_4	Erazor's name is a pun on the words """eraser""" and """razor""" -- hence his weapon.	イレイザーの由来は「カミソリ」と「刈り取る」。だから、カミソリのような武器を持つ	El nombre de Erazor es un juego de palabras entre """eraser""" (borrador) y """razor""" (navaja) -- de ahí su arma.	Sein Name setzt sich im Englischen aus Eraser (Radierer) und Razor (Rasierer) zusammen - deswegen auch seine Waffe.		Il nome di Erazor è un gioco di parole sulle parole """eraser""" e """razor""" -quindi la sua arma.	O nome de Erazor é um trocadilho com as palavras 'eraser' (borracha) e 'razor' (lâmina) -- por isso ele usa essa arma.	El nombre Erazor deriva de """razor""" (navaja) e """erase""" (borrar/segar). Por eso lleva un arma parecida a una navaja.	Imię Erazora jest grą słów na podstawie słów """eraser (gumka do ścierania)""" oraz """razor (brzytwa)""", stąd też jego broń.	Erazor's name is a pun on the words """eraser""" and """razor""" -- hence his weapon.	Erazor Cin\nErazor'un adı """silgi""" ve """ustura""" kelimelerinin bir kelime oyunudur -- dolayısıyla silahı da budur.			Его имя образовано от слов """бритва""" и """жнец""". Поэтому у него в руках оружие, похожее на бритву.
spb_desc_ch7_5	After absorbing all 7 World Rings, his body is still incomplete because he cannot merge with Sonic.	７つの世界リングによって変身を試みるが、いけにえとなるはずのソニックと合体できず不完全な姿になった	Tras absorber los 7 Anillos Secretos, su cuerpo aún está incompleto porque no puede fusionarse con Sonic.	Er hat alle 7 Weltenringe in sich aufgenommen, aber da er sich nicht mit Sonic verbinden kann, bleibt er unvollkommen.		Dopo aver assorbito i 7 Anelli Mondiali, il suo corpo è ancora incompleto, visto che non si può unire a Sonic.	Após absorver os 7 Anéis do Mundo, o corpo dele ainda está incompleto, pois ele não consegue se fundir com o Sonic.	Intenta transformarse con los 7 Anillos mundiales, pero al no poder fusionarse con Sonic, que debía ser el sacrificio, adquiere una forma incompleta.	Po wchłonieniu wszystkich siedmiu Pierścieni Świata, jego ciało jest nadal niekompletne, ponieważ nie może złączyć się z Soniciem.	After absorbing all 7 World Rings, his body is still incomplete because he cannot merge with Sonic.	Alf Layla wa-Layla\nTüm 7 Dünya Halkasını emdikten sonra bile, Sonic ile birleşemediği için bedeni hala eksiktir.			7 Мировых колец должны были подарить ему силу, но Соник не принёс себя в жертву, поэтому форма претерпела изменения и получилась неполноценной.
spb_desc_ch7_6	The Rafflesia Djinn is an amalgamation of old plants. The Golem Djinn is made from an assortment of palace debris.	左から、太古の植物がマジンと化したラフレシア・ジンと城のガラクタが集まりマジンと化したゴーレム・ジン	El Yinn Rafflesia es una amalgama de plantas marchitas. El Yinn Gólem se compone de una variedad de escombros del palacio.	Der Rafflesia Djinn besteht aus alten Gewächsen; der Golem Djinn aus Palasttrümmern.		Il Genio Rafflesia è una fusione di vecchie piante. Il Genio Golem è fatto con un assortimento di detriti del palazzo.	O Rafflesia Djinn é uma fusão de plantas antigas. O Golem Djinn é feito a partir de uma mistura de destroços de um palácio.	De izquierda a derecha: Rafflesia, una planta antigua convertida en majin, y el majin Gólem, formado por la chatarra del castillo.	Dżin Rafflesia jest połączeniem starych roślin. Dżin Golem jest stworzony z mieszanki gruzu pałacu.	The Rafflesia Djinn is an amalgamation of old plants. The Golem Djinn is made from an assortment of palace debris.	Cin 1\nRafflesia Cin'i, eski bitkilerin bir karışımıdır. Golem Cin'i ise çeşitli saray kalıntılarından yapılmıştır.			Слева Раффлезия Джинн - древнее растение, превратившееся в злого духа, справа - Голем Джинн, злой дух, воплотившийся из мусора во дворце.
spb_desc_ch7_7	On the left is the Gargoyle Djinn, who is the tomb's guardian. On the right is the accursed Skeleton Djinn. 	左が、遺跡の番人をイメージしたガーゴイル・ジン。右が、王の封印されていた盗賊スケルトン・ジン	A la izquierda, el Yinn Gárgola, guardián de la tumba. A la derecha, el maldito Yinn Esquelético.	Links ist der Gargoyle Djinn zu sehen, der Hüter der Grabstätte. Rechts der verfluchte Skeleton Djinn.		Alla sinistra c'è il Genio Gargoyle, che è il guardiano della tomba. Alla destra c'è il Genio Scheletrico maledetto.	À esquerda está o Gargoyle Djinn, que é o guardião da tumba. À direita está o amaldiçoado Skeleton Djinn.	A la izquierda, el majin Gárgola, inspirado en un guardián de las ruinas. A la derecha, el majin Esqueleto ladrón, que había sido sellado por el rey.	Na lewo jest Dżin Gargulec, który jest strażnikiem grobowca. Na prawo jest przeklęty Dżin Szkielet.	On the left is the Gargoyle Djinn, who is the tomb's guardian. On the right is the accursed Skeleton Djinn. 	Cin 2\nSolda, mezarın bekçisi olan Gargoyle Cin, sağda ise lanetli İskelet Cin yer alıyor.			Слева Горгулья Джинн, напоминающая хранителя руин, справа - Скелет Джинн - пират, заточённый царём.
spb_desc_ch7_8	These appear in the Lost Prologue. These were created as common enemies during the game's inception.	ロストプロローグに出現するマジン。プロジェクトの初期に作った基本の形	Aparecen en el Prólogo Perdido. Fueron creados como enemigos comunes durante el comienzo del desarrollo del juego.	Diese erscheinen im Lost Prologue und entstanden als gewöhnliche Feinde im Anfangsstadium des Spiels.		Questi appaiono nel Prologo Perduto. Essi furono creati come nemici comuni durante l'inizio del gioco.	Eles aparecem em Lost Prologue. Foram criados como inimigos comuns durante a concepção do jogo.	Los majin que aparecen en el Prólogo Perdido. La forma básica creada al inicio del proyecto.	Te pojawiają się w Zaginionym Prologu. Zostały stworzone jako zwykli przeciwnicy podczas rozpoczynania gry.	These appear in the Lost Prologue. These were created as common enemies during the game's inception.	Cin 3\nBunlar Kayıp Prolog'da yer alır. Oyunun başlangıcında yaygın düşmanlar olarak yaratılmışlardır.			Злые духи, появляющиеся в Потерянном прологе. В таком виде были созданы в начале проекта.
spb_desc_ch7_9	Genies appearing in Sand Oasis. These were actually created very late in the development of the game.	サンドオアシスに出現するマジン。プロジェクトの終盤ギリギリにサンドオアシス用として制作された	Genios que aparecen en el Oasis de Arena. En verdad, fueron creados bastante tarde en el desarollo del juego.	Geister aus der Sand Oasis. Diese entstanden erst in der letzten Entwicklungsphase des Spiels.		Geni che appaiono in Oasi Sabbiose. Essi furono creati tardi nello sviluppo del gioco.	Gênios que aparecem em Sand Oasis. Na verdade, eles foram criados muito tarde no desenvolvimento do jogo.	Los majin que aparecen en el Oasis Arenoso. Fueron creados específicamente para esta etapa hacia final del proyecto.	Dżiny pojawiający się w Piaszczystej Oazie. Te akurat były stworzone bardzo póżno w pracy nad grą.	Genies appearing in Sand Oasis. These were actually created very late in the development of the game.	Cin 4\nKum Vahasında ortaya çıkan cinler. Bunlar aslında oyunun geliştirilmesinin çok geç bir aşamasında yaratıldı.			Злые духи, появляющиеся в Песчаном оазисе. Были созданы для Песчаного оазиса в самом конце проекта.
spb_desc_ch7_10	Genies from Dinosaur Jungle. They were given an organic design to match the image of the stage.	ダイナソージャングルに出現するマジン。ステージに合わせてマジンも太古の植物に侵食されているデザインになった。	Genios de la Jungla Jurásica. Les dimos un diseño orgánico para que encajasen con el escenario.	Geister aus dem Dinosaur Jungle. Wir gaben ihnen eine biologische Erscheinung, damit sie sich ins Gesamtbild fügen.		Geni della Giungla dei Dinosauri. Li abbiamo dato un design organico per combaciare con il tema del livello.	Gênios de Dinosaur Jungle. Eles receberam um design orgânico para combinar com a imagem do cenário.	Los majin que aparecen en la Dino Jungla. A juego con la fase, el diseño de los majin también está inspirado por plantas antiguas.	Dżiny z Dżungli Dinozaurów. Dano im organiczny design by wpasowały się w obraz etapu.	Genies from Dinosaur Jungle. They were given an organic design to match the image of the stage.	Cin 5\nDinozor Ormanı'ndan Cinler. Sahnenin görüntüsüne uyması için organik bir tasarıma sahipler.			Злые духи, живущие в Джунглях динозавров. Их изобразили слившимися с древними растениями под стиль уровня.
spb_desc_ch7_11	Genies from Evil Foundry. A gear-like accessory is on their heads.	イビルフャウンドリーに出現するマジン。頭に歯車のようなかざりがついている	Genios de la Forja Maligna. Llevan engranajes y tuercas como accesorio en sus cabezas.	Geister aus der Evil Foundry. Sie tragen ein zahnrad-artiges Gebilde auf dem Kopf.		Geni della Fonderia Maligna. Un accessorio a forma di ingranaggio si trova nella loro testa.	Gênios de Evil Foundry. Eles têm um acessório em forma de engrenagem na cabeça.	Los majin que aparecen en la Forja Maléfica. Llevan un adorno parecido a un engranaje en la cabeza.	Dżiny z Przeklętej Odlewni. Mają na głowie zębatkowe akcesorium.	Genies from Evil Foundry. A gear-like accessory is on their heads.	Cin 6\nKötülük Dökümhanesi'nden gelen cinler. Başlarında dişli benzeri bir aksesuar bulunur.			Злые духи, появляющиеся в Плавильне зла. На голове у них украшение в виде шестерёнки.
spb_desc_ch7_12	Genies from Levitated Ruin. They are based on the concepts of """Mimicry""" and """Large Wings."""	レビテイテッドルーインに出現するマジン。「擬態」と「大きな翼」というリクエストから生まれた	Diseñamos los genios de las Ruinas Levitantes de tal manera que pudiésemos incluír algo con grandes alas que se mimetizasen.	Wir wollten etwas mit großen Flügel und Nachahmungsfähigkeiten - so entstanden die Geister aus der Levitated Ruin.		Geni delle Rovine Levitate. Sono basati dal concetto di """mimica""" e """grandi ali."""	Gênios de Levitated Ruins. Eles são baseados nos conceitos de """Mimetismo""" e """Grandes Asas""".	Los majin que aparecen en las Ruinas Levitadas. Nacieron de la petición de que se pudieran mimetizar y tuvieran grandes alas.	Dżiny z Lewitującej Ruiny. Zostały stworzone na podstawie próśb o """Mimikę""" i """Duże Skrzydła""".		Cin 7\nHavadaki Harabede bu cinler, taklit edebilecek büyük kanatlı bir şey ekleyebilmemiz için tasarlandı.			Злые духи, появляющиеся в Парящих руинах. Нужно было объединить маскировку и большие крылья в одно существо.
spb_desc_ch7_13	Genies from Pirate Storm. We came up with enemies that fit the image of a pirate ghost ship.	パイレーツストームに出現するマジン。海賊の亡霊船のイメージにあわせて海賊の姿！	Para la Tormenta Pirata, creamos enemigos que encajasen con la imagen de un barco pirata fantasma.	Für Pirate Storm ließen wir uns Feinde einfallen, die zum Bild eines Piratengeistschiffes passen.		Geni della Tempesta Pirata. Abbiamo inventato dei nemici che andavano bene con il tema di una nave pirata fantasma.	Gênios de Pirate Storm. Criamos inimigos que combinam com a imagem de um navio fantasma pirata.	Los majin que aparecen en la Tormenta Pirata. ¡Con aspecto de pirata a juego con la imagen de los barcos fantasma!	Dżiny z Pirackiego Sztormu. Wymyśliliśmy wrogów pasujących do obrazu pirackiego statku widmo.	Genies from Pirate Storm. We came up with enemies that fit the image of a pirate ghost ship.	Cin 8\nKorsan Fırtınası için, korsan hayalet gemisinin imajına uyan düşmanlar tasarladık.			Злые духи, появляющиеся в Пиратском шторме. Сделали из них пиратов, использовав концепцию использовав концепцию кораблей-призраков.
spb_desc_ch7_14	Genies from Skeleon Dome. The bone motif carries over here. Check out those ribcages!	スケルトンドームに出現するマジン。ステージコンセプトに合わせて少し「骨」を入れている。お腹のアバラ骨が特徴的	Los huesos aparecen como motivo, igual que en el Domo Esquelético. ¡Fíjate en los huesos de la caja torácica!	Das Knochenmotiv des Skeleton Dome wird hier weitergeführt. Sieh dir mal die Rippen an!		Gene della Cupola Scheletrica. Il tema delle ossa viene riportato qui. Guarda quelle gabbie toraciche!	Gênios de Skeleton Dome. O tema ósseo continua aqui. Dê uma olhada nessas caixas torácicas!	Los majin que aparecen en el Domo Esquelético. Se les añadieron algunos huesos para encajar con el concepto de la fase. Las costillas del abdomen son su rasgo característico.	Dżiny z Kopuły Szkieletów. Motyw kości się tutaj przenosi. Obczaj te klatki żebrowe!	Genies from Skeleon Dome. The bone motif carries over here. Check out those ribcages!	Cin 9\nİskelet Kubbesinden kemik motifi buraya da aktarılıyor. Kaburga kemiklerine bakın!			Злые духи, появляющиеся в Скелетном своде. Добавили немного костей под концепцию уровня. Особенно выделяются рёбра.
spb_desc_ch7_15	Genies from Night Palace. They have a different air about them that sets them apart from the others.	ナイトパレスに出現するマジン。ラストステージに合わせ、その風ぼうに他のマジンとは異なる威厳（いげん）をもつ	Los genios del Palacio Nocturno tienen un cierto aura que los diferencia del resto.	Die Geister aus dem Night Palace haben ein anderes Erscheinungsbild, das sie von den anderen Geistern unterscheidet.		Geni del Palazzo Notturno. Hanno un'aria diversa rispetto che li rendono distint dagli altri.	Gênios de Night Palace. Eles têm um jeito diferente que os destaca dos demais.	Los majin que aparecen en el Palacio Nocturno. Al ser la última fase, su aspecto tiene una majestuosidad diferente a la de los otros majin.	Dżiny z Nocnego Pałacu. Mają w sobie coś innego, co odróżnia je od pozostałych.	Genies from Night Palace. They have a different air about them that sets them apart from the others.	Cin 10\nGece Sarayı'ndaki bu cinlerin, onları diğer cinlerden ayıran farklı bir havası vardır.			Злые духи, появляющиеся в Ночном дворце. Для последней сцены нарисовали именно таких духов, чтобы они были величественнее других.
														
spb_desc_ch8_1	Purposely 2D to reinforce the image of a real book.	はじまるのは冒険おちるのは恋？ソニックはシャーラに　連れられて古びた書の中へ	Hecho en 2D a propósito para reafirmar el aspecto de un libro real.	Absichtlich zweidimensional gehalten, um den Eindruck eines richtigen Buches zu erzeugen.		Intenzionalmente 2D per rinforzare l'idea di un vero libro.	Propositalmente 2D para reforçar a imagem de um livro de verdade.	¿Comienza una aventura, termina una historia de amor? Sonic es llevado por Shahra al interior de un libro antiguo.	Celowo 2D by wzmocnić obraz prawdziwej książki.	Purposely 2D to reinforce the image of a real book.	Kitabın Dünyası\nGerçek bir kitabın imajını güçlendirmek için özellikle 2 boyutlu olarak tasarlanmıştır.			Приключения начинаются, любовь увядает. Шахра ведёт Соника в мир старой книги.
spb_desc_ch8_2	This was a long and important scene, so a lot of cuts had to be made!	イレイザー登場。相応の罰で放たれた「裁きの矢」炎が消えるまえに７つの世界リングを探しだせ	Esta escena era larga e importante; ¡se tuvieron que hacer muchos arreglos!	Dies war eine lange, wichtige Szene, deshalb mussten viele Schnitte gemacht werden!		Questa era una scena lunga ed importante, quindi abbiamo dovuto tagliare un paio di scene!	Esta foi uma cena longa e importante, então muitos cortes tiveram que ser feitos!	Aparece Erazor. La """Flecha del Juicio""" es lanzada como castigo. ¡Encuentra los 7 Anillos mundiales antes de que se extinga la llama!	To była długa i ważna scena, więc musieliśmy zrobić dużo cięć.	This was a long and important scene, so a lot of cuts had to be made!	Erazor Görünüyor\nBu uzun ve önemli bir sahneydi, bu yüzden çok fazla kesinti yapılması gerekti!			Появление Эрейзора. """Стрела правосудия""", выпущенная в качестве наказания. Найдите\nсемь Мировых колец до того,\nкак пламя погаснет!
spb_desc_ch8_3	We tried a lot of different techniques to get the appearance of the pterosaur just right.	先にとうちゃくしたソニックだったがイレイザーに国王を連れさられてしまうしかし、あの国王みたことあるような	Probamos muchas técnicas diferentes con el fin de encontrar el aspecto adecuado para el pterosaurio.	Wir haben viel ausprobiert, um den Pterosaurus genau richtig aussehen zu lassen.		Abbiamo provato un sacco di tecniche per riuscire a fare uno pterosauro.	Testamos várias técnicas diferentes para acertar a aparência do pterossauro.	Sonic llegó primero, pero Erazor se llevó al sultán. Sin embargo, ese sultán me resulta familiar...	Próbowaliśmy wiele innych technik by odpowiednio oddać wygląd pterozaura.	We tried a lot of different techniques to get the appearance of the pterosaur just right.	Kral Bulundu!\nPterozorun görünümünü tam istediğimiz gibi elde etmek için birçok farklı teknik denedik.			Когда Соник оказался на месте, Эрейзор уже увёл царя. Однако, где-то этого царя он уже видел.
spb_desc_ch8_4	These are the same characters that appear when a genie is defeated.	困っている人形！かけつけて助ければアリババだった。力はないけど、器用なキツネ…？なにか困ったら聞きにこよう！	Estos personajes son los mismos que aparecen cuando un genio es derrotado.	Dies sind die gleichen Charaktere, die beim Sieg über Geister auftreten.		Questi sono gli stessi personaggi che appaiono quando un genio è sconfitto.	Estes são os mesmos personagens que aparecem quando um gênio é derrotado.	¡Un peluche en apuros! Al ir a ayudarle resultó ser Alí Babá. No es fuerte, pero es un zorro muy hábil... ¿o no? ¡Si tienes problemas, ve a preguntarle!	Te same postacie pojawiają się po pokonaniu dżina.	These are the same characters that appear when a genie is defeated.	Minnettar Ali-Baba\nBunlar bir cin yenildiğinde ortaya çıkan karakterlerle aynıdır.			У кого-то проблемы! Соник быстро спас персонажа, которым оказался Али-Баба. Не сильный, но ловкий лис? Если ты в беде, он может помочь!
spb_desc_ch8_5	Sonic and Shahra pinky-swear. This shows how alike these two worlds really are.	イレイザーが生みだした怪物が大あばれ\n指さきで約束するソニックとシャーラ悲しい顔はナシだ！	La promesa de dedo meñique de Sonic y Shara. Nos muestra lo parecidos que son en realidad estos dos mundos.	Sonic und Shahra geben sich einen Fingerschwur. So wird deutlich, wie ähnlich sich die Welten sind.		La promessa di Sonic e Shahra. Questo mostra come sono simili i due mondi.	Sonic e Shahra fazem um juramento de dedinho. Isso mostra o quanto esses dois mundos realmente são parecidos.	El monstruo creado por Erazor se descontrola.\nSonic y Shahra hacen una promesa con el dedo: ¡nada de caras tristes!	Przysięga na mały palec Sonica i Shahry. To pokazuje jak podobne do siebie są te światy.	Sonic and Shahra pinky-swear. This shows how alike these two worlds really are.	Kum Akrebi Ortaya Çıkıyor\nSonic ve Shahra küfür ediyor. Bu, iki dünyanın aslında ne kadar benzer olduğunu gösteriyor.			Соник и Шахра дают друг другу обещание не грустить!
spb_desc_ch8_6	When darkness comes, the world of the Arabian Nights legend says the blue hedgehog from another world will appear.	『アラビアンナイトに訪ねるとき外界より伝説の青きハリネズミきたる』	Una leyenda del mundo de Las mil y una noches dice que cuando llegue la oscuridad, aparecerá el erizo azul de otro mundo.	Die Zeichnung des Weltenrings entspricht genau dem Plan.		Quando l'oscurità viene, la leggenda delle mille ed una notte dice che il riccio blu di un altro mondo apparirà.	Quando a escuridão chegar, a lenda do mundo das Mil e Uma Noites diz que o ouriço azul de outro mundo surgirá.	"""Y al visitar las Mil y una noches, desde el mundo exterior llegó el legendario erizo azul."""	Gdy nadejdzie ciemność, legenda ze światów Arabskich Nocy mówi, że zjawi się niebieski jeż.	When darkness comes, the world of the Arabian Nights legend says the blue hedgehog from another world will appear.	Neşe Yüzüğü\nKaranlık çöktüğünde, Binbir Gece efsanesinin dünyasında, başka bir dünyadan mavi kirpinin ortaya çıkacağı söylenir.			Когда в """Тысяче и одной ночи""" наступит тьма, из другого мира придёт легендарный синий ёж.
spb_desc_ch8_7	We revised the scene of how the King's rescue would play out.	シャフリャール王の話こよれば、イレイザーは手下を増やすとぬかして古びた城へ…急げソニック！	Revisamos la escena de cómo sería el rescate del sultán.	Den Ablauf der Rettung des Königs im Spiel haben wir überarbeitet.		Abbiamo rivisto la scena in cui si sarebbe svolto il salvataggio del re. 	Revisamos a cena de como o resgate do rei aconteceria.	Según el sultán Shahriar, Erazor dijo que iba a conseguir más secuaces y se fue al viejo castillo... ¡Date prisa, Sonic!	Przeredagowaliśmy scenę, w której rozgrywałaby się akcja ratunku Króla.	We revised the scene of how the King's rescue would play out.	Kralın Kurtarılması\nKralın kurtarılmasının nasıl gerçekleşeceğine dair sahneyi yeniden düzenledik.			По словам царя Шахрияра, Эрейзор хочет заполучить больше подчинённых, поэтому отправился в старый дворец... Поторопись, Соник!
spb_desc_ch8_8	Making a wish upon the ring brings forth Shahra's devotion to her master.	マジンを狂わせる正体が、この世界リングかもしれない\n早くあつめなければこの世界が…	Pedirle un deseo al anillo saca a la luz la devoción de Shara por su maestro.	Als Sonic einen Wunsch an den Ring richtet, wird deutlich, wie treu Shahra ihrem Meister ist.		Esprimendo un desiderio sull'anello fa emergere a Shahra la sua devozione al suo padrone.	Fazer um pedido no anel desperta a devoção de Shahra por seu mestre.	Puede que la causa que enloquece a los majin sean estos Anillos mundiales\nSi no se reúnen pronto, este mundo...	Spełnienie życzenia za pomocą pierścienia wywołuje oddanie Shahry wobec jej mistrza.	Making a wish upon the ring brings forth Shahra's devotion to her master.	Nefret Yüzüğü\nYüzük üzerinde dilek tutmak, Şahra'nın efendisine olan bağlılığını ortaya çıkarır.			Возможно, именно это\nМировое кольцо свело\nс ума злых духов.
spb_desc_ch8_9	Sonic's power is no match for Erazor's scheme.	イレイザーが呼びだすのは、世の中を全て焼きつくすほどの大マジン！！『タイムブレイク』逃げるが勝ちだぜ！	El poder de Sonic no está a la altura de los planes de Erazor.	Sonic ist gegen Erazors üble Pläne machtlos.		Il potere di Sonic non è niente in confronto al piano di Erazor.	O poder de Sonic não é páreo para o plano de Erazor.	¡Lo que invoca Erazor es un majin colosal capaz de calcinar el mundo entero! """Time Break""". ¡Una retirada a tiempo es una victoria!	Moc Sonica nie ma szans ze spiskiem Erazora.	Sonic's power is no match for Erazor's scheme.	Ateş Ruhu Ortaya Çıkıyor\nSonic'in gücü Erazor'un planına karşı koyamıyor.			Эрейзор вызывает огромного злого духа, который может сжечь всё в этом мире! Соник использует замедление, чтобы сбежать, но выиграть.
spb_desc_ch8_10	Sonic and Shahra begin to become good friends.	冒険でこまったらアリババのともだちシンドバッドにきくのがよい…西の空を飛ぶルフ鳥を追え！	Sonic y Shara comienzan a forjar una buena amistad.	Der Beginn der engen Freundschaft zwischen Sonic und Shahra.		Sonic e Shahra iniziano a diventare buoni amici.	Sonic e Shahra começam a se tornar bons amigos.	Si tienes problemas en la aventura, es mejor preguntar a Simbad, el amigo de Alí Babá... ¡Sigue al ave Rokh que vuela por el cielo del oeste!	Sonic i Shahra stają się dobrymi przyjaciółmi.	Sonic and Shahra begin to become good friends.	Ali-Baba'nın Tavsiyesi\nSonic ve Shahra iyi arkadaş olmaya başlarlar.			Возникли сложности во время приключения, нужно обратиться к Синдбаду, другу Али-Бабы... Догоните Руха, который летает по западной части неба!
spb_desc_ch8_11	Sonic and Sinbad don't really hit it off with one another.	とらわれの身のシンドバッド。イレイザーの魔力ででられない…４つのカギをあれろ	Sonic y Simbad no hacen muy buenas migas.	Sonic und Sindbad verstehen sich nicht sonderlich blendend.		Sonic e Sinbad non vanno proprio d'accordo.	Sonic e Simbad não se dão muito bem.	Simbad está cautivo. No puede salir por la magia de Erazor... Reúne las 4 llaves.	Sonic i Sinbad nie do końca się lubią.	Sonic and Sinbad don't really hit it off with one another.	Sinbad ile Tanışma\nSonic ve Sinbad birbirleriyle pek iyi anlaşamıyorlar.			Заключённый Синдбад.\nНе может выйти из-за магии Эрейзора... Откройте 4 замка.
spb_desc_ch8_12	Ali-Baba forcing his way in between Sonic and Sinbad seems familiar somehow.	シンドバッド救出！カイゾクがもっているのは嵐をあやつる水色のリング！	La manera en la que Alí Babá se interpone entre Sonic y Simbad resulta familiar...	Wie Ali Baba sich in Sonics und Sindbads Streit einmischt kommt einem irgendwie bekannt vor.		Ali-Baba stando tra Sonic e Sinbad sembra familiare.	Ali Babá se intrometendo entre Sonic e Simbad parece familiar de alguma forma.	¡El rescate de Simbad! ¡Lo que tienen los piratas es el Anillo celeste que controla las tormentas!	Ali-Baba wpychający się między Sonica a Sinbada wydaje się jakoś znajomy.	Ali-Baba forcing his way in between Sonic and Sinbad seems familiar somehow.	Sinbad'ın Kurtarılması!\nAli-Baba'nın Sonic ve Sinbad'ın arasına zorla girmesi bir şekilde tanıdık geliyor.			Спасение Синдбада! У пиратов есть голубое кольцо, которое вызывает шторм!
spb_desc_ch8_13	What is the strange object that Shahra has?	大きな感情が　ながれこむ世界リング。地ごくの扉がひらくのか？そしてシャーラが渡したモノは一体…	¿Que es ese extraño objeto que porta Shara?	Was hat Shahra da für ein merkwürdiges Ding...?		Cosa è quell'oggetto strano che Shahra ha?	O que é esse objeto estranho que Shahra possui?	Grandes emociones fluyen hacia el Anillo mundial. ¿Se abrirán las puertas del infierno? ¿Y qué es lo que le entregó Shahra...?	Co to za dziwny przedmiot, który ma Shahra?	What is the strange object that Shahra has?	Dua Yüzüğü\nShahra'nın sahip olduğu garip nesne nedir?			Мировое кольцо, вызывающее сильные эмоции. Откроется дверь в ад? Что дала Шахра?
spb_desc_ch8_14	The pirate ship begins its long-range attack.	うたれる大砲。さすがはカイゾク。ほめるはソニック。怒るはシャーラ\n嵐をおこす水色のリングはあるのか？	La embarcación pirata despliega su ataque a larga distancia.	Das Piratenschiff startet einen Fernangriff.		La nave pirata inizia il suo attacco a distanza.	O navio pirata inicia seu ataque de longo alcance.	Disparos de cañón. Típico de piratas. Sonic los elogia. Shahra se enfada.\n¿Estará ahí el Anillo celeste que provoca tormentas?	Statek piracki rozpoczął swój długo-dystansowy atak.	The pirate ship begins its long-range attack.	Korsanlar Görüldü!\nKorsan gemisi uzun menzilli saldırısına başlıyor.			Пушки стреляют. Пираты такие пираты. Соник восторгается. Шахра злится.
spb_desc_ch8_15	What is the pirate leader's true form?	イカズチを背に立つその姿…。海賊をたばねるキャプテンとは！？	¿Cuál es la forma verdadera del líder pirata?	Welches ist die wahre Gestalt des Piratenanführers?		Quale è la vera forma del leader pirata?	Qual é a verdadeira forma do líder dos piratas?	Esa figura de pie con rayos a su espalda... ¡¿Quién es el capitán que lidera a los piratas?!	Jaka jest prawdziwa forma lidera piratów?	What is the pirate leader's true form?	Kaptan Bemoth Görünüyor\nKorsan liderinin gerçek formu nedir?			Стоит, а за спиной у него гроза... Капитан, управляющий пиратами?!
														
spb_desc_ch9_1	Sonic comes closer to realizing the true secret of the Rings.	外の異世界からきたソニックでないとふれられない世界リングの秘密とは！？	Sonic casi ha descubierto el verdadero secreto de los Anillos.	Sonic kommt dem Geheimnis der Ringe ein Stückchen näher.		Sonic comincia a capire il vero segreto degli Anelli.	Sonic se aproxima cada vez mais de descobrir o verdadeiro segredo dos Anéis.	¡¿Cuál es el secreto de los Anillos mundiales que solo Sonic, venido de un mundo exterior, puede tocar?!	Sonic zbliża się do odkrycia prawdziwego sekretu Pierścieni.	Sonic comes closer to realizing the true secret of the Rings.	Zevk Yüzüğü\nSonic, Yüzüklerin gerçek sırrını anlamaya yaklaşıyor.			В чём же секрет Мировых колец, к которым может прикасаться только Соник, пришедший из другого мира?
spb_desc_ch9_2	Sonic uses the power of the World Ring to even the playing field against the Ifrit.	水色の世界リングの力で、炎のマジンイフリートと再戦をこころみるソニックはたして！？	Sonic usa el poder del Anillo para igualar las fuerzas del ifrit a las suyas.	Sonic nutzt die Kraft des Weltenrings, um faire Verhältnisse im Kampf gegen den Ifrit zu schaffen.		Sonic usa il potere degli Anelli Mondiali per combattere lIfrit alla pari.	Sonic usa o poder do Anel do Mundo para equilibrar a luta contra o Ifrit.	Sonic busca la revancha contra el ifrit, el majin de fuego, usando el poder del Anillo mundial celeste. ¡¿Qué pasará?!	Sonic używa mocy Pierścieni Świata by wyrównać szanse z Ifritem.	Sonic uses the power of the World Ring to even the playing field against the Ifrit.	Ifrit ile Rövanş\nSonic, Ifrit'e karşı oyun alanını eşitlemek için Dünya Yüzüğünün gücünü kullanır.			Соник использует голубое Мировое кольцо и идет на повторную схватку с Ифритом. Кто же победит?!
spb_desc_ch9_3	Defeating the Ifrit is only half the battle...	イフリートの残がいから生まれた爆弾。さっそくのピンチ！さすがは、冒険の絶えない世界！急いで出口をめざせ	Derrotar al ifrit es solo la mitad del trabajo...	Mit dem Sieg über den Ifrit ist es noch nicht getan...		Sconfiggere lIfrit è solo metà della battaglia...	Derrotar o Ifrit ainda é só o começo...	Una bomba nacida de los restos del ifrit. ¡Vaya aprieto! ¡Típico de un mundo donde la aventura no cesa! Corre rápido a la salida.	Pokonywanie Ifrita to tylko połowa sukcesu...	Defeating the Ifrit is only half the battle...	Fabrikadan Kaçış\nİfrit'i yenmek savaşın sadece yarısıdır...			Из останков Ифрита появилась бомба. Тяжёлая ситуация!\nЭто и правда мир бесконечных приключений! Поскорее выберитесь отсюда!
spb_desc_ch9_4	Just what is the true power sealed away within these rings?	赤い世界リングには全ての怒りが…\n世界リングに秘められた謎とは…	Pero... ¿cuál es el verdadero poder sellado en estos anillos?	Wie groß ist die wahre Kraft, die in den Ringen steckt?		Ma qual è il vero potere racchiuso in questi anelli?	Afinal, qual é o verdadeiro poder selado dentro desses anéis?	Toda la furia reside en el Anillo mundial rojo...\n¿Qué misterio ocultan los Anillos mundiales?	Jaka jest prawdziwa moc zapieczętowana w tych pierścieniach?	Just what is the true power sealed away within these rings?	Öfke Yüzüğü\nBu yüzüklerin içinde saklı duran gerçek güç nedir?			В красном Мировом кольце кипит гнев... Что же за секрет скрыт в Мировых кольцах...
spb_desc_ch9_5	The great King Solomon was cursed by Erazor himself.	偉大なソロモン王もイレイザーによってあわれな姿に…骨をあつめて元にもどれ！	El gran Rey Salomón fue maldecido por el propio Erazor.	Der ehrwürdige König Solomon wurde von Erazor verflucht.		Il grande Re Solomon è stato maledetto proprio da Erazor.	O grande Rei Salomão foi amaldiçoado pelo próprio Erazor.	Incluso el gran rey Salomón ha quedado en un estado lamentable por culpa de Erazor... ¡Reúne los huesos para que vuelva a la normalidad!	Wielki Król Solomon był przeklęty przez samego Erazora.	The great King Solomon was cursed by Erazor himself.	Kral Solomon\nBüyük Kral Solomon, bizzat Erazor tarafından lanetlenmişti.			Даже великий царь Соломон из-за Эрейзора теперь выглядит вот так...\nСоберите все кости\nи верните их на место!
spb_desc_ch9_6	Sonic in one of his rare soliloquy scenes.	白い世界リングには全ての願望がつまっているらしい…。イレイザーは世界リングを集めてどうするつもりか？	Sonic en una de sus inusuales escenas de soliloquio.	Sonic in einer seiner wenigen Monologszenen.		Sonic in una delle sue rare scene di soliloquio.	Sonic em uma de suas raras cenas de monólogo.	Parece que el Anillo mundial blanco contiene todos los deseos... ¿Qué pretende hacer Erazor reuniendo los Anillos mundiales?	Sonic w jednym z jego rzadszych scen monologu wewnętrznego.	Sonic in one of his rare soliloquy scenes.	Dilek Yüzüğü\nSonic nadir monolog sahnelerinden birinde.			Белое Мировое кольцо наполнено всеми желаниями... Что же сделает Эрейзор, когда соберёт все кольца?
spb_desc_ch9_7	Shahra's expression shows that she is hiding something.	イレイザーを倒すには　キセキの力が…\n白い世界リングで空中宮殿の入口は開く！	La expresión de Shara revela que está ocultando algo...	Shahras Mimik zeigt, dass sie etwas verbirgt.		L'espressione di Shahra fa vedere che sta nascondendo qualcosa.	A expressão de Shahra mostra que ela está escondendo algo.	Para derrotar a Erazor hace falta un poder milagroso...\n¡La entrada al palacio aéreo se abre con el Anillo mundial blanco!	Wyraz twarzy Shahry ujawnia, że coś ukrywa.	Shahra's expression shows that she is hiding something.	Düşman Kalesi\nŞahra'nın yüz ifadesi bir şeyler sakladığını gösteriyor.			Чтобы победить Эрейзора, должно произойти чудо... Белое Мировое кольцо открывает вход во дворец!
spb_desc_ch9_8	Shahra shows concern for Sonic as the deadline approaches.	タイムリミットであとわずか！\nオレとオマエの約束わすれるなよ！	Shara muestra su preocupación por Sonic según se acerca su hora.	Die Zeit läuft ab und Shahra macht sich große Sorgen um Sonic.		Shahra si mostra preoccupata verso Sonic all'avvicinamento della scadenza.	Shahra demonstra preocupação com Sonic conforme o tempo se esgota.	¡Queda poco tiempo!\n¡No olvides nuestra promesa!	Shahra pokazuje zmartwienie o Sonica, kiedy zbliża się termin ostateczny.	Shahra shows concern for Sonic as the deadline approaches.	Saraya Giriş\nSon an yaklaşırken Shahra, Sonic'e karşı endişeli görünüyor.			Ограничение по времени и обещание, которое не забыть. Времени осталось совсем немного! Не забывай о нашем\nс тобой обещании!
spb_desc_ch9_9	Sonic is worried about Shahra's past. What really happened?	悲しみの封印された紫色の世界リング。イレイザーの正体はランプの精。その宿命からこの物語をにくむ気持ちが…	A Sonic le preocupa el pasado de Shara. ¿Qué ocurrió en realidad?	Sonic ist besorgt über Shahras Vergangenheit. Was geschah wirklich?		Sonic è preoccupato al passato di Shahra. Cosa è veramente accaduto?	Sonic está preocupado com o passado de Shahra. O que realmente aconteceu?	El Anillo mundial morado es donde está sellada la tristeza. La verdadera identidad de Erazor es el genio de la lámpara. El odio hacia esta historia nace de su destino...	Sonic martwi się o przeszłość Shahry. Co się tak naprawdę stało?	Sonic is worried about Shahra's past. What really happened?	Üzüntü Yüzüğü\nSonic, Shahra'nın geçmişinden endişe duyuyor. Peki gerçekte ne oldu?			Фиолетовое Мировое кольцо,\nв котором заточена грусть. Оказалось, что Эрейзор - джинн из лампы. Из-за этого он возненавидел этот мир...
spb_desc_ch9_10	No matter the odds, Sonic always plays it cool.	イレイザーの直接対決！きざまれるのはどっちだ！？	Incluso en las peores situaciones, Sonic siempre se muestra confiado.	Die Lage mag noch so brenzlig sein - Sonic bleibt immer cool!		In qualsiasi situazione, Sonic è sempre sicuro di sè.	Não importa as dificuldades, Sonic sempre mantém a calma.	¡El enfrentamiento contra Erazor! ¿Quién será el que perezca?	Nie ważne jakie są warunki, Sonic zawsze podchodzi do tego na spokojnie.	No matter the odds, Sonic always plays it cool.	Erazor'la Savaş\nNe olursa olsun, Sonic her zaman sakinliğini korur.			Схватка с Эрейзором один\nна один! Кто кого сделает?
spb_desc_ch9_11	The 7 World Rings are the key!	お約束の「ひらけゴマ」では開かない　この扉。７つの世界リングでこの扉はひらくか？	¡Los 7 anillos secretos son la clave!	Die 7 Weltenringe sind der Schlüssel!		I 7 Anelli Mondiali sono la chiave!	Os 7 Anéis do Mundo são a chave!	Esta puerta no se abre con el clásico """Ábrete, Sésamo""". ¿Se abrirá con los 7 Anillos mundiales?	7 Pierścieni Świata są kluczem!	The 7 World Rings are the key!	Gizemli Kapı\n7 Dünya Yüzüğü anahtardır!			Заклинание """Сезам, откройся!""" не срабатывает. Дверь откроется с помощью семи Мировых колец?
spb_desc_ch9_12	A sad scene. Darkspine Sonic appears and gets ready for the final showdown!	アルフ・ライラ・ワ・ライラとダークスパインソニック最後にたつのはどちらだ！？	Después de una trágica escena, ¡Sonic Sombrío se prepara para la batalla final!	Eine traurige Szene. Darkspine Sonic erscheint und macht sich für die letzte Kraftprobe bereit!		Una scena triste. Darkspine Sonic compare è si prepara alla battaglia finale!	Uma triste cena. Darkspine Sonic surge e se prepara para a batalha final!	Alf Leyla wa Leyla y Sonic Espinoscuro. ¿Quién quedará en pie al final?	Smutna scena. Darkspine Sonic pojawia się i szykuje się do ostatecznej konfrontacji!	A sad scene. Darkspine Sonic appears and gets ready for the final showdown!	Alf Layla wa-Layla\nÜzücü bir sahne. Darkspine Sonic ortaya çıkıyor ve son hesaplaşmaya hazırlanıyor!			Альф-Лейла-Ва-Лейла\nи Даркспайн Соник.\nКто же в итоге победит!?
spb_desc_ch9_13	Credits shown after defeating Alf Layla wa-Layla.	アルフ・ライラ・ワ・ライラを倒すと流れるスタッフロール	Los créditos que aparecen tras derrotar a Alf Leyla wa-Leyla.	Erscheint nach dem Sieg über Alf Layla wa-Layla.		Titoli di coda dopo aver sconfitto Alf Layla wa-Layla.	Créditos exibidos após derrotar Alf Layla wa-Layla.	Créditos que aparecen al derrotar a Alf Leyla wa Leyla.	Napisy końcowe pokazane po pokonaniu Alf Layla wa-Layla.	Credits shown after defeating Alf Layla wa-Layla.	Son Jenerik 2\nAlf Layla wa-Layla'yı yendikten sonra gösterilen Jenerik.			Титры, появляющиеся\nпосле победы над\nАльф-Лейла-ва-Лейла.
spb_desc_ch9_14	Meet the development team!	開発チームの様子を紹介！	¡Conoce al equipo detrás del proyecto!	Lerne das Team kennen!		Incontra il team di sviluppo!	Conheça a equipe de desenvolvimento!	¡Presentamos al equipo de desarrollo!	Poznaj drużynę deweloperów!	介紹開發團隊的樣子！	Geliştirme Ekibi Tanıtımı\nGeliştirme ekibiyle tanışın!			Команда разработчиков за работой!
spb_desc_ch9_15														
														
spb_desc_ch10_1	Animated storyboards revealing the Night Palace.	ＣＧムービー制作の前に確認用としてコンテを仮の動画とする。これおチェックしてイメージを固める	Escena en la que se muestra el Palacio Nocturno.	Animierte Storyboards, die den Night Palace zeigen.		Storyboard animati che mostrano il Palazzo Notturno.	Storyboards animados revelando Night Palace.	Antes de crear las secuencias CG, se hace un vídeo provisional con el guion gráfico para confirmación. Se revisa para consolidar la imagen.	Animowane plansze fabularne ujawniające Nocny Pałac.	顯現暗夜宮殿的動畫分鏡。	Açılış - Animatik\nGece Sarayı'nı ortaya çıkaran animasyonlu hikaye panoları			Перед созданием CG-видео для подтверждения сделали пробное видео с раскадровкой. Проверили его и подтвердили изображения.
spb_desc_ch10_2	Models and lighting are rough. Timing and positioning need adjusting.	モデルもライトもまだ仮。ただし、全体の雰囲気が想像できるもの。これから全体の調整を行う	Los modelos y la iluminación son aproximados. La sincronización y el posicionamiento necesitan trabajo.	Modelle und Licht, Zeitablauf und Positionierung müssen noch verbessert werden.		La luce e i modelli sono grezzi. La posizione e il tempismo hanno bisogno di aggiustamenti.	Os modelos e a iluminação ainda estão em estágio inicial. O timing e o posicionamento precisam ser ajustados.	Los modelos y la iluminación aún son provisionales. Sin embargo, permiten imaginar la atmósfera general. A partir de ahora se harán los ajustes globales.	Modele i oświetlenie wyglądają na kiepskie. Czasowanie i ustawienie wymagają korekty.	模型和光線都還沒好。 節拍和位置都需要調整。	Açılış - Yapım Aşamasında 1\nModeller ve ışıklandırmalar yetersiz. Zamanlama ve konumlandırmanın ayarlanması gerekiyor.			И модель, и свет пока предварительные. Но уже можно представить атмосферу в целом. Далее будет сделана корректировка.
spb_desc_ch10_3	This is pretty close to the final version.	レンダリングもし初めて、完成まであと一方の状態。エフェクトなど細かく修正を重ねる	Se asemeja bastante al resultado final.	Dies kommt dem fertigen Produkt schon sehr nah.		Questo è molto vicino alla versione finale.	Isso está bem próximo da versão final.	Comienza el renderizado y falta un paso para la finalización. Se realizan correcciones detalladas de efectos y demás.	To jest całkiem bliskie finalnej wersji.	開始進行渲染工作，距離完成只剩下一步了。我們還在不斷修正效果等細節。	Açılış - Yapım Aşamasında 2\nBu neredeyse son haline yakın.			Начали рендеринг, до завершения остался один шаг. Детально прорабатываются эффекты и всё остальное.
spb_desc_ch10_4	After trial and error, the ending went through a complete rewrite.	試行さくごの末のコンテ動画。これは全面描き直しの第２稿。本来はアルフ戦のシーンもあった	Despues de mucha prueba y error, reescribimos el final completamente.	Nach einigem Herumtüfteln wurde das Ende völlig umgeschrieben.		Dopo vari tentativi, il finale ricevette una riscrittura completa.	Após tentativa e erro, o final passou por uma reescrita completa.	Vídeo del guion gráfico tras mucho ensayo y error. Este es el segundo borrador, redibujado por completo. Originalmente incluía una escena de la batalla contra Alf.	Metodą prób i błędów, zakończenie przeszło przez kompletne przepisanie.	After trial and error, the ending went through a complete rewrite.	Bitiş - Animatik\nDeneme ve yanılma sonrasında son tamamen yeniden yazıldı.			Конечное видео с раскадровкой. Это вторая версия полностью перерисованной раскадровки. Изначально была ещё сцена схватки с Альфом.
spb_desc_ch10_5	This in-progress video still needs some tweaking to convey the right message.	まだまだ途中。完成形を想像しながらセツナイふんいきが伝わるように舗部を調整してもらう	Este vídeo en progreso aún necesitaba algunos ajustes para transmitir el mensaje adecuado.	Dieses Video befindet sich noch in der Entwicklung und muss bearbeitet werden.		Questo video in corso ha ancora bisogno di modifiche per dare il giusto messaggio.	Este vídeo em andamento ainda precisa de alguns ajustes para transmitir a mensagem correta.	Aún en proceso. Se ajustan los detalles imaginando la forma final para transmitir una atmósfera melancólica.	Te niedokończone wideo wciąż wymaga pewnych poprawek, aby przekazać właściwy przekaz.	This in-progress video still needs some tweaking to convey the right message.	Bitiş - Yapım Aşamasında 1\nBu yapım aşamasındaki videonun doğru mesajı iletebilmesi için bazı ayarlamalara ihtiyacı var.			Ещё в процессе. Есть представление о финальной версии, прорабатываются детали, чтобы передать тяжёлую атмосферу.
spb_desc_ch10_6	Portions that have been rendered start looking much better.	レンダリングされた部分は、かなり良い感じに。開発の期待も高まる瞬間！シャーラが可愛くなるといいなぁ	Las partes que ya han sido renderizadas empiezan a verse mucho mejor.	Durch 3D-Bearbeitung veränderte Teile sehen um Einiges besser aus.		Porzioni che erano renderizzati iniziano ad essere molto meglio.	As partes que já foram renderizadas começam a ficar muito melhores.	Las partes renderizadas tienen muy buena pinta. ¡El momento en que aumentan las expectativas del desarrollo! Ojalá Shahra quede linda.	Fragmenty, które zostały wyrenderowane, zaczynają wyglądać znacznie lepiej.	Portions that have been rendered start looking much better.	Bitiş - Yapım Aşamasında 2\nİşlenen bölümler çok daha iyi görünmeye başlıyor.			Отрендеренные части получились хорошо. Ожидания разработчиков выросли! Хорошо, если Шахра получится милой.
spb_desc_ch10_7	After just a bit more tweaking, we zero in on the finished version!	エフェクトに加え今回は、効果音や曲もがんばって作ってもらったのでクォリティーが高い！その辺にも注目だ	Despues de ajustar alguna que otra cosa, ¡hemos aquí la versión final!	Nach einigen kleinen Verbesserungen haben wir nun die fertige Version!		Dopo ancora un paio di modifiche, ci concentreremo alla versione finale! 	Após só mais alguns ajustes, chegamos à versão final!	Además de los efectos visuales, esta vez se ha trabajado duro en los efectos de sonido y la música, ¡así que la calidad es alta! Presten atención a eso también.	Po kilku poprawkach dochodzimy do wersji finalnej!	After just a bit more tweaking, we zero in on the finished version!	Açılış - Bitmiş Versiyonu\nBiraz daha ince ayar yaptıktan sonra, tamamlanmış sürüme odaklanıyoruz!			Помимо эффектов создали звуковые эффекты и мелодию и видео получилось высокого качества! Обратите внимание и на это.
spb_desc_ch10_8	Effects and music are added to make it complete!	細かい修正と調整をかけてやっと完成！風の吹く方や英語にあらせた口の動きバッチリ	Añadiendo efectos y musica, ¡completamos la escena!	Zu guter Letzt werden noch Effekte und Musik hinzugefügt!		Effetti e musica sono aggiunti per renderlo completo!	Efeitos e música são adicionados para finalizar!	¡Por fin terminado tras pequeñas correcciones y ajustes! La dirección del viento y el movimiento de la boca adaptado al inglés están perfectos.	Efekty i muzyka są dodane, aby materiał był kompletny!	Effects and music are added to make it complete!	Bitiş - Bitmiş Versiyonu\nEfektler ve müzikler eklenerek tamamlandı!			После мелких корректировок и доработок, видео готово! Дуновение ветра и движения рта в английской версии получились прекрасно!
spb_desc_ch10_9	Here are some springs and thorns. What's with that banana peel, anyway?	企画者が書く仕様のなかでも面白いものをチョイス。バネやトゲなどのしかけのメモ。バナナの皮なんてのも…	Toda serie de trampas y... ¿una monda de plátano?	Hier sind einige Federn und Dornen. Was hat es mit der Bananenschale auf sich?		Qua ci sono un paio di molle e spine. Comunque, che senso ha quella buccia di banana?	Aqui estão algumas molas e espinhos. Afinal, o que aquela casca de banana está fazendo aí?	Selección de las cosas más interesantes de las especificaciones escritas por los planificadores. Notas sobre trucos como resortes y picos. Incluso cáscaras de plátano...	Tutaj mamy sprężyny i kolce. O co w ogóle chodzi z tą skórką od banana?	Here are some springs and thorns. What's with that banana peel, anyway?	Nesne Notu\nİşte birkaç yay ve diken. Bu arada, o muz kabuğu da neyin nesi?			Выбрали интересные заметки разработчиков. Здесь мы работали над пружинами и шипами. И кто-то нарисовал банановую кожуру...
spb_desc_ch10_10	This planning map is eventually used for the actual game.	企画者のイラストのマップがそのままゲームに再現されているのがわらる。ここまで描ける人はそういませんけど	Estos bocetos se utilizan después como referencia para el juego.	Diese Plankarte wurde schließlich im Spiel eingesetzt.		Questa mappa di pianificazione è stata eventualmente usata nel gioco.	Este mapa de planejamento é usado posteriormente no jogo.	Se puede ver que el mapa ilustrado por el planificador se reproduce tal cual en el juego. No hay mucha gente que pueda dibujar así de bien.	Ta mapa planistyczna jest ostatecznie użyta w samej grze.	This planning map is eventually used for the actual game.	Dinozor Ormanı Notu\nBu planlama haritası sonunda gerçek oyun için kullanılır.			По этому рисунку разработчика понятно, что он был взят в игру прямо в таком виде. Мало кто может так нарисовать.
spb_desc_ch10_11	This rough sketch is given to an artist, and reworked to match the stage.	このラクガキをアーティストに。よりステージにふさわしい姿へと改造してもらうのだ	Se le da a los artistas un boceto simple, sobre el que luego se trabaja para hacer que encaje con el escenario.	Dieser grobe Entwurf wird an den Künstler weitergeleitet und an das Level angepasst.		Questo schizzo approssimativo è dato ad un'artista, e rielaborato per abbinarlo.	Este esboço inicial é entregue a um artista e retrabalhado para combinar com a fase.	Se entrega este boceto rápido al artista, para que lo transforme en una forma más apropiada para la fase.	Ten szorstki szkic dajemy do artysty, potem przerobiony by wpasował się w etap.	This rough sketch is given to an artist, and reworked to match the stage.	Golem Djinn Notu\nBu kaba taslak sanatçıya verilmiş ve sahneye uyacak şekilde yeniden işlenmiştir.			Эти заметки передали художнику, чтобы он преобразовал изображение в более подходящее для игры.
spb_desc_ch10_12	Although this looks completely different from the final version, the basic idea is still the same.	見た目はずいぶんちがっているが釜の中から出現するアイディアは生きている	Aunque no se parece en nada a la versión final, la idea general es la misma.	Er hat mit der endgültigen Version zwar wenig gemeinsam, baut aber auf der gleichen Idee auf.		Anche se è completamente diverso alla versione finale, l'idea di base è la stessa.	Embora isso pareça completamente diferente da versão final, a ideia básica ainda é a mesma.	El aspecto es muy diferente, pero la idea de salir de dentro de un caldero se mantiene.	Mimo, że to wygląda kompletnie inaczej niż w finalnej wersji, pomysł nadal jest taki sam.	Although this looks completely different from the final version, the basic idea is still the same.	Ifrit Golem Notu\nBu, son versiyondan tamamen farklı görünse de temel fikir hala aynı.			Выглядит совсем по-другому, но идея его появления из котла сохранилась.
spb_desc_ch10_13	A quick sketch to show how the stage itself would be laid out.	ステージの構成が細かく書かれている企画メモ\n何が書いてあるかわかるかな？	Un boceto rápido para mostrar como sería el nivel.	Eine grobe Skizze, die den Aufbau des Levels zeigt.		Uno schizzo veloce per vedere come il livello sarebbe stato disposto.	Um esboço rápido para mostrar como a própria fase seria organizada.	Notas de planificación donde se detalla la composición de la fase\n¿Puedes entenderlas?	Szybki szkic by pokazać jak etap sam w sobie byłby ułożony.	A quick sketch to show how the stage itself would be laid out.	Havadaki Harabeler Notu\nSahnenin nasıl düzenleneceğini gösteren hızlı bir çizim.			Заметки, в которых подробно описана структура уровня. Вам понятно, что там написано?
spb_desc_ch10_14	If you look closely, you can see how this actually made it into the game!	こんなていどでゲームは作られる。ゲーム企画の仕事ができると思った君！まってるぞ	¡Si te fijas atentamente, podrás ver cómo esto se incorporó en el juego!	Sieh mal genau hin, dann erkennst du es vielleicht aus dem Spiel wieder!		Se guardi attentamente, puoi vedere come questo è riuscito ad essere nel gioco!	Se você olhar de perto, pode ver como isso acabou entrando no jogo!	Los juegos se hacen a partir de cosas así. ¡Tú, que crees que puedes trabajar en la planificación de juegos! ¡Te esperamos!	Jeśli przyjrzysz się uważnie, możesz jak to rzeczywiście dostało się do gry!	If you look closely, you can see how this actually made it into the game!	Havadaki Harabeler Notu 2\nDikkatli bakarsanız, bunun oyuna nasıl dahil edildiğini görebilirsiniz!			Вот так создаются игры. Если Вы думали, что можете заниматься разработкой игр, мы Вас ждём!
spb_desc_ch10_15	What a mysterious and grim feeling this conveys...	なにやらアイデアに迷っている様子…産みの苦しみが伝わってくるような	Qué sensación más misteriosa y desalentadora transmite esto...	Bei dem Anblick stehen einem ja regelrecht die Haare zu Berge...		Che sensazione misteriosa e cupa trasmette questo...	Que sensação misteriosa e sombria isso transmite...	Parece estar luchando con las ideas... Casi se puede sentir la agonía de la creación...	Co to za tajemnicze i ponure wrażenie to wywołuje...	What a mysterious and grim feeling this conveys...	İskelet Kubbesi Notu\nNe kadar gizemli ve kasvetli bir duyguyu yansıtıyor...			Похоже, здесь возникли сложности с идеями... Хорошо видны страдания от их недостатка...
														
spb_desc_ch11_1				APM\nSandstorm					APM\nSandstorm		APM\nSandstorm			APM\nSandstorm
spb_desc_ch11_2				APM\nSeven Rings In Hand					APM\nSeven Rings In Hand		APM\nSeven Rings In Hand			APM\nSeven Rings In Hand
spb_desc_ch11_3				APM\nThe Lost Prologue					APM\nThe Lost Prologue		APM\nThe Lost Prologue			APM\nThe Lost Prologue
spb_desc_ch11_4				APM\nLet The Speed To Mend It					APM\nLet The Speed To Mend It		APM\nLet The Speed To Mend It			APM\nLet The Speed To Mend It
spb_desc_ch11_5				APM\nThe Wicked Wild					APM\nThe Wicked Wild		APM\nThe Wicked Wild			APM\nThe Wicked Wild
spb_desc_ch11_6				APM\nThe Palace That Was Found					APM\nThe Palace That Was Found		APM\nThe Palace That Was Found			APM\nThe Palace That Was Found
spb_desc_ch11_7				APM\nHigh And Broken					APM\nHigh And Broken		APM\nHigh And Broken			APM\nHigh And Broken
spb_desc_ch11_8				APM\nNo Way Through					APM\nNo Way Through		APM\nNo Way Through			APM\nNo Way Through
spb_desc_ch11_9				APM\nThe White Of Sky					APM\nThe White Of Sky		APM\nThe White Of Sky			APM\nThe White Of Sky
spb_desc_ch11_10				APM\nUnawakening Float					APM\nUnawakening Float		APM\nUnawakening Float			APM\nUnawakening Float
spb_desc_ch11_11				APM\nPoison Spear					APM\nPoison Spear		APM\nPoison Spear			APM\nPoison Spear
spb_desc_ch11_12				APM\nHow It Started					APM\nHow It Started		APM\nHow It Started			APM\nHow It Started
spb_desc_ch11_13				APM\nBlue On The Run					APM\nBlue On The Run		APM\nBlue On The Run			APM\nBlue On The Run
spb_desc_ch11_14				APM\nIt Has Come To This					APM\nIt Has Come To This		APM\nIt Has Come To This			APM\nIt Has Come To This
spb_desc_ch11_15				APM\nResult					APM\nResult		APM\nResult			APM\nResult
														
spb_desc_ch12_1				APM\nThe Legendary Blue Hedgehog					APM\nThe Legendary Blue Hedgehog		APM\nThe Legendary Blue Hedgehog			APM\nThe Legendary Blue Hedgehog
spb_desc_ch12_2				APM\nJudgment					APM\nJudgment		APM\nJudgment			APM\nJudgment
spb_desc_ch12_3				APM\nKing Of Kings					APM\nKing Of Kings		APM\nKing Of Kings			APM\nKing Of Kings
spb_desc_ch12_4				APM\nSeven Rings In Hand\nGuitar Solo					APM\nSeven Rings In Hand\nSolówka na Gitarze		APM\nSeven Rings In Hand\nGitar Solo			APM\nSeven Rings In Hand\nGitar Solo
spb_desc_ch12_5				APM\nShimmer Of Hot Air					APM\nShimmer Of Hot Air		APM\nShimmer Of Hot Air			APM\nShimmer Of Hot Air
spb_desc_ch12_6				APM\nMisgiving					APM\nMisgiving		APM\nMisgiving			APM\nMisgiving
spb_desc_ch12_7				APM\nWorth A Chance\nPiano Solo					APM\nWorth A Chance\nSolówka na Pianinie		APM\nWorth A Chance\nPiyano Solo			APM\nWorth A Chance\nPiyano Solo
spb_desc_ch12_8				APM\nWorth A Chance\nAcoustic Guitar Solo					APM\nWorth A Chance\nSolówka na Gitarze Akustycznej		APM\nWorth A Chance\nAkustik Gitar Solo			APM\nWorth A Chance\nAcoustic Gitar Solo
spb_desc_ch12_9				APM\nWorth A Chance					APM\nWorth A Chance		APM\nWorth A Chance			APM\nWorth A Chance
spb_desc_ch12_10				APM\nYellow Sneakers					APM\nYellow Sneakers		APM\nYellow Sneakers			APM\nYellow Sneakers
spb_desc_ch12_11				APM\nWhite Gloves					APM\nWhite Gloves		APM\nWhite Gloves			APM\nWhite Gloves
spb_desc_ch12_12				APM\nPurple Pants					APM\nPurple Pants		APM\nPurple Pants			APM\nPurple Pants
spb_desc_ch12_13				APM\nBlue Shirt					APM\nBlue Shirt		APM\nBlue Shirt			APM\nBlue Shirt
spb_desc_ch12_14				APM\nParty Dress					APM\nParty Dress		APM\nParty Dress			APM\nParty Dress
spb_desc_ch12_15				APM\nAdvertise					APM\nAdvertise		APM\nAdvertise			APM\nAdvertise
														
spb_desc_ch13_1	Composition/Arrangement by Aoi		Composición/Arreglo de Aoi	Komposition/Arrangement von Aoi		Composizione\Accordo Aoi	Composição/Arranjo por Aoi	Composición y arreglo de Aoi	Kompozycja/Aranżacja przez Aoi	作曲/編曲者：Aoi	APM\nKum Vahası Bölüm 2\nKumulların Fırtınası\nBeste/Aoi Tarafından Hazırlandı			Композиция/Аранжировка от Aoi
spb_desc_ch13_2	Composition/Arrangement by Aoi		Composición/Arreglo de Aoi	Komposition/Arrangement von Aoi		Composizione\Accordo di Aoi	Composição/Arranjo por Aoi	Composición y arreglo de Aoi	Kompozycja/Aranżacja przez Aoi	作曲/編曲者：Aoi	APM\nKum Vahası Bölüm 3\nBeste/Aoi Tarafından Hazırlandı			Композиция/Аранжировка от Aoi
spb_desc_ch13_3	Composition/Arrangement by Zakkujo		Composición/Arreglo de Zakkujo	Komposition/Arrangement von Zakkujo		Composizione\Accordo di Zakkujo	Composição/Arranjo por Zakkujo	Composición y arreglo de Zakkujo	Kompozycja/Aranżacja przez Zakkujo	作曲/編曲者：Zakkujo	APM\nDinozor Ormanı Bölüm 2\nBeste/Zakkujo Tarafından Hazırlandı			Композиция/Аранжировка от Zakkujo
spb_desc_ch13_4	Composition/Arrangement by Stuart Woolley		Composición/Arreglo de Stuart Woolley	Komposition/Arrangement von Stuart Woolley		Composizione\Accordo di Stuart Woolley	Composição/Arranjo por Stuart Woolley	Composición y arreglo de Stuart Woolley	Kompozycja/Aranżacja przez Stuart Wooley	作曲/編曲者：Stuart Woolley	APM\nDinozor Ormanı Bölüm 3\nBeste/Stuart Woolley Tarafından Hazırlandı			Композиция/Аранжировка от Stuart Woolley
spb_desc_ch13_5	Composition/Arrangement by Stuart Woolley		Composición/Arreglo de Stuart Woolley	Komposition/Arrangement von Stuart Woolley		Composizione\Accordo di Stuart Woolley	Composição/Arranjo por Stuart Woolley	Composición y arreglo de Stuart Woolley	Kompozycja/Aranżacja przez Stuart Wooley	作曲/編曲者：Stuart Woolley	APM\nKötü Dökümhane Bölüm 2\nBeste/Stuart Woolley Tarafından Hazırlandı			Композиция/Аранжировка от Stuart Woolley
spb_desc_ch13_6	Composition/Arrangement by Aoi.\nGuitar/Mixing by Stuart Woolley		Composición/Arreglo de Aoi.\nGuitarra/Mezcla de Stuart Woolley	Komposition/Arrangement von Aoi\nGitarre/Mixing von Stuart		Composizione\Accordo di Aoi.\nChitarra/Mixing di Stuart Woolley	Composição/Arranjo por Aoi.\nGuitarras/Mixagem por Stuart Woolley	Composición y arreglo de Aoi,\nguitarra y mezcla de Stuart Woolley	Kompozycja/Aranżacja przez Aoi\nGitara/Miksowanie przez Stuart Wooley	作曲/編曲者：Aoi\n吉他/混音：Stuart Woolley	APM\nKötü Dökümhane Bölüm 3\nBeste/Aoi Tarafından Hazırlandı.\nGitar/Stuart Woolley Tarafından Hazırlandı			Композиция/Аранжировка от Aoi.\nГитара/Микширование - Stuart Woolley
spb_desc_ch13_7														
spb_desc_ch13_8														
spb_desc_ch13_9														
spb_desc_ch13_10														
spb_desc_ch13_11														
spb_desc_ch13_12														
spb_desc_ch13_13														
spb_desc_ch13_14														
spb_desc_ch13_15	Composition/Arrangement by Aoi		Special Book\nComposición/Arreglo de Aoi	Komposition/Arrangement von Aoi		Composizione\Accordo di Aoi.	Composição/Arranjo por Aoi	Composición y arreglo de Aoi	Kompozycja/Aranżacja przez Aoi	作曲/編曲者：Aoi	APM\nÖzel Kiyap\nBeste/Aoi Tarafından Hazırlandı			Композиция/Аранжировка от Aoi
														
spb_desc_ch14_1	Defeated Erazor Djinn!	イレイザー・ジンを倒した証！	¡Derrotaste a Erazon el Yinn!	Hat den Erazor Djinn besiegt.		Sconfitto Erazor Djinn!	Derrotou Erazor Djinn.	¡Prueba de haber derrotado a Erazor, el Genio!	Pokonano Erazora Dżina!	打倒伊萊薩！	Erazor Cin'i yen!			Вы победили Эрейзора Джинна!
spb_hint_ch14_1	Defeat Erazor Djinn...	イレイザー・ジンを倒せ…	Derrota a Erazor el Yinn...	Besiege Erazor Djinn...		Sconfiggi Erazor Djinn...	Derrote Erazor Djinn...	Derrota a Erazor, el Genio...	Pokonaj Erazora Dżina...		Erazor Cin'i yen!			Победите Эрейзора Джинна...
spb_desc_ch14_2	Defeated Alf Layla wa-Layla!	アルフ・ライラ・ワ・ライラを倒した証！	¡Derrotaste a Alf Leyla wa-Leyla!	Hat Alf Layla wa Layla besiegt.		Sconfitto Alf Layla wa-Layla!	Derrotou Alf Layla wa-Layla.	¡Prueba de haber derrotado a Alf Leyla wa Leyla!	Pokonano Alf Layla wa-Layla!	打倒一千零一夜！	Alf Layla wa-Layla'yı yenerek kazanılır!			Вы победили\nАльф-Лейла-ва-Лейла!
spb_hint_ch14_2	Defeat Alf Layla wa-Layla...	アルフ・ライラ・ワ・ライラを倒せ…	Derrota a Alf Leyla wa-Leyla	Besiege Alf Layla wa Layla...		Sconfiggi Alf Layla wa-Layla	Derrote Alf Layla wa-Layla...	Derrota a Alf Leyla wa Leyla...	Pokonaj Alf Layla wa-Layla...		Alf Layla wa-Layla'yı yen...			Победите Альф-Лейла-ва-Лейла...
spb_desc_ch14_3	Ran 500km (310.7 miles)!	ソニックの走行距離が合計５００ｋｍ超えた証！	¡Recorriste un total de 500km (310,7 millas)!	Ist 500km (310.7 Meilen) gerannt.		Corso 500km (310.7 miglia)!	Correu 500 km (310.7 milhas).	¡Prueba de que Sonic recorrió más de 500 km!	Przebiegnięto 500km!	達到 500 公尺步行路程！	500 km (310,7 mil) yol koştum!			Вы пробежали Соником 500 километров!
spb_hint_ch14_3	Run 500km (310.7 miles)...	５００ｋｍを走る...	Recorre un total de 500km (310,7 millas)...	Renne für 500km (310.7 Meilen)...		Corri 500km (310.7 miglia!)	Corra 500 km (310.7 milhas)...	Recorre 500 km...	Przebiegnij 500km...		500km koş...			Пробегите Соником 500 километров...
spb_desc_ch14_4	Grinded 30km (18.64 miles)!	グラインドの滑走距離が合計３０ｋｍ超えた証！	¡Te deslizaste en raíles un total de 30 km (18,64 millas)!	Ist für 30km (18.64 Meilen) gegrindet.		Grindato 30km (18.64 miglia)!	Deslizou em Trilhos por 30 km (18.64 milhas).	¡Prueba de que te deslizaste por más de 30 km de rieles!	Przejeżdzono 30km na Szynach!	達到 30 公尺滑軌路程！	30 km (18,64 mil) mesafeyi kat ettim!			Вы проскользили по рельсам 30 километров!
spb_hint_ch14_4	Grind 30km (18.64 miles)...	３０ｋｍをグラインドする...	Deslízate en raíles un total de 30 km (18,64 millas)...	Grinde für 30km (18.64 Meilen)...		Grinda per 30km (18.64 miglia)...	Deslize em Trilhos por 30 km (18.64 milhas)...	Deslízate por 30 km de rieles...	Przejedż 30km na Szynach...		30 km (18,64 mil) mesafeyi kat et...			Проскользите по рельсам 30 километров...
spb_desc_ch14_5	Obtained 10,000 Rings!	リングの獲得数が合計１００００個突破した証！	¡Obtuviste un total de 10.000 Anillos!	Hat 10.000 Ringe eingesammelt.		Ottenuto 10,000 Anelli!	Coletou 10,000 Anéis.	¡Prueba de que obtuviste más de 10,000 Anillos!	Zdobyto 10,000 Pierścieni!	收集 10,000 枚金環！	10.000 Yüzük elde ettim!			Вы получили 10.000 колец!
spb_hint_ch14_5	Obtain 10,000 Rings...	リング１００００個集める…	Obtén un total de 10.000 Anillos...	Sammel 10.000 Ringe...		Ottieni 10,000 Anelli...	Colete 10,000 Anéis...	Obtén 10,000 Anillos...	Zdobądż 10,000 Pierścieni...		10.000 Yüzük elde et...			Получите 10.000 колец...
spb_desc_ch14_6	Defeated 1,000 genies!	倒したマジンの数が合計１０００体突破した証！	¡Derrotaste a un total de 1.000 genios!	Hat 1.000 Geister besiegt.		Sconfitto 1,000 geni!	Derrotou 1,000 Gênios.	¡Prueba de que derrotaste a más de 1000 majin!	Pokonano 1,000 dżinów!	打倒 1,000 隻精靈！	1.000 cini yendim!			Вы победили 1.000\nзлых духов.
spb_hint_ch14_6	Defeat 1,000 genies...	マジン１０００体倒す…	Derrota a un total de 1.000 genios...	Besiege 1.000 Geister...		Sconfiggi 1,000 geni...	Derrote 1,000 Gênios...	Derrota a 1000 majin...	Pokonaj 1,000 dżinów...		1.000 cini yen...			Победите 1.000 злых духов...
spb_desc_ch14_7	Used Speed Break 50 times!	スピードブレイクの使用回数が合計５０回突破した証！	¡Utilizaste el Impulso un total de 50 veces!	Hat 50-mal Speed Break eingesetzt.		Usato la Rottura della Velocità 50 Volte!	Usou Impulso Veloz 50 vezes.	¡Prueba de que quebraste la velocidad más de 50 veces!	Użyto Zryw Pędu 50 razy!	使用 50 次速度突破！	50 kez Hız Kırma kullandım!			Вы использовали ускорение 50 раз!
spb_hint_ch14_7	Use Speed Break 50 times...	スピードブレイク５０回使う…	Utiliza el Impulso un total de 50 veces...	Setze 50-mal Speed Break ein...		Usa la Rottura della Velocità 50 volte...	Use Impulso Veloz 50 vezes...	Usa Speed Break 50 veces...	Użyj Zryw Pędu 50 razy...		50 kez Hız Kırma kullan...			Используйте ускорение 50 раз...
spb_desc_ch14_8	Used Time Break for 300 seconds!	タイムブレイクの使用時間が合計３００秒突破した証！	¡Utilizaste la Ralentización durante un total de 300 segundos!	Hat Time Break für 300 Sekunden eingesetzt.		Usato la Rottura della Velocità per 300 secondi!	Usou Atraso Temporal por 300 segundos.	¡Prueba de que quebraste el tiempo por más de 300 segundos!	Użyto Zryw Czasu przez 300 sekund!	使用時間突破達 300 秒！	300 saniye boyunca Hız Kırma özelliğini kullandım!			Вы  использовали замедление суммарно на 300 секунд!
spb_hint_ch14_8	Use Time Break for 300 seconds...	タイムブレイク３００秒使う…	Utiliza la Ralentización durante un total de 300 segundos...	Setze Time Break für 300 Sekunden ein...		Usa la Rottura della Velocità per 300 secondi...	Use Atraso Temporal por 300 segundos...	Usa Time Break 300 segundos...	Użyj Zryw Czasu przez 300 sekund...		300 saniye boyunca Hız Kırma özelliğini kullan...			Используйте замедление суммарно на 300 секунд...
spb_desc_ch14_9	Performed 200 Ring chains!	リングチェインを２００チェイン突破した証！	¡Obtuviste un total de 200 cadenas de Anillos!	Hat 200 Ring-Ketten erhalten.		Effettuato la Concatenazione di Anelli 200 volte!	Fez 200 Sequências de Anéis.	¡Prueba de que obtuviste más de 200 cadenas de Anillos!	Wykonano 200 Łańcuchów Pierścieni!	連續獲得 200 枚金環！	200 Yüzük zinciri aldım!			Вы собрали 200 цепей\nиз колец!
spb_hint_ch14_9	Perform 200 Ring chains...	２００回のリングチェーンを実行する...	Obtén un total de 200 cadenas de Anillos...	Erhalte 200 Ring-Ketten...		Effettua la Concatenazione di Anelli 200 volte...	Faça 200 Sequências de Anéis...	Obtén 200 cadenas de Anillos...	Wykonaj 200 Łańcuchów Pierścieni...		200 Yüzük zinciri al...			Соберите 200 цепей из колец...
spb_desc_ch14_10	Cleared 30 Missions using less than 100 SP!	ＳＰ１００ポイント以内で３０ミッションクリアした証！	¡Superaste 30 Misiones usando menos de 100 puntos de habilidad!	Hat 30 Missionen mit weniger als 100 SP geschafft.		Completato 30 Missioni usando meno di 100 Punti Abilità!	Completou 30 Missões usando menos que 100 Pontos de Habilidade.	¡Prueba de que completaste 30 misiones con menos de 100 PH!	Ukończono 30 Misji używając mniej niż 100 PT!	使用 100 點以下的技能點數通過 30 個任務！	100 SP'nin altında 30 Görevi tamamlayarak kazandım!			Вы прошли 30 миссий с очками навыков меньше 100! 
spb_hint_ch14_10	Clear 30 Missions using less than 100 SP...	ＳＰ１００ポイント以内で３０ミッションをクリアする...	Supera 30 misiones usando menos de 100 puntos de habilidad...	Schaffe 30 Missionen mit weniger als 100 SP...		Completa 30 Missioni usando meno di 100 Punti Abilità...	Complete 30 Missões usando menos que 100 Pontos de Habilidade...	Completa 30 misiones usando menos de 100 PH...	Ukończ 30 Misji używając mniej niż 100 PT...		100 SP'nin altında 30 Görevi tamamlayarak kazan...			Пройдите 30 миссий с очками навыков меньше 100...
spb_desc_ch14_11	Obtained a Gold Medal without using any SP!	ＳＰ０ポイントでゴールドメダルをゲットした証！	¡Obtuviste una Medalla de Oro sin usar Puntos de Habilidad!	Hat eine Goldmedaille erhalten ohne SP zu benutzen!		Ottenuto una Medaglia d'Oro senza usare alcun Punto Abilità!	Obteve uma Medalha de Ouro sem usar Pontos de Habilidade.	¡Prueba de haber obtenido una Medalla dorada sin usar PH!	Zdobyto Złoty Medal bez użycia PT!		Hiçbir SP harcamadan Aştın Madalya kazandım!			Вы получили золотую медаль, не использовав ни одного навыка!
spb_hint_ch14_11	Obtain a Gold Medal without using any SP...	ＳＰ０ポイントでゴールドメダルをゲットする…	Obtén una Medalla de Oro sin usar Puntos de Habilidad...	Erhalte eine Goldmedaille ohne SP zu benutzen...		Ottieni una Medaglia d'Oro senza usare alcun Punto Abilità...	Obtenha uma Medalha de Ouro sem usar Pontos de Habilidade...	Obtén una Medalla dorada sin usar PH...	Zdobądż Złoty Medal bez użycia PT...		Hiçbir SP harcamadan Aştın Madalya kazan...			Получите золотую медаль, не используя ни одного навыка...
spb_desc_ch14_12	Cleared 20 Missions with only fire skills!	炎属性のスキルだけで２０ミッションクリアした証！	¡Superaste 20 Misiones usando tan solo habilidades de fuego!	Hat 20 Missionen mit nur Feuer-Skills geschafft.		Completato 20 Missioni usando solo Abilità di Fuoco!	Completou 20 Missões com apenas habilidades de fogo.	¡Prueba de que completaste 20 misiones sólo con habilidades de fuego!	Ukończono 20 Misji używając tylko Ognistych Talentów!	僅裝備炎屬性技能通過 20 個任務！	Sadece ateş türü Becerileri kullanarak 20 Görevi tamamladım!			Вы прошли 20 миссий\nтолько с навыками пламени!
spb_hint_ch14_12	Clear 20 Missions with only fire skills...	炎属性のスキルだけで２０ミッションクリアする…	Supera 20 Misiones usando tan solo habilidades de fuego...	Schaffe 20 Missionen mit nur Feuer-Skills...		Completa 20 Missioni usando solo Abilità di Fuoco...	Complete 20 Missões com apenas habilidades de fogo...	Completa 20 misiones usando solo habilidades de fuego...	Ukończ 20 Misji używając tylko Ognistych Talentów...		Sadece ateş türü Becerileri kullanarak 20 Görevi tamamla...			Пройдите 20 миссий только с навыками пламени...
spb_desc_ch14_13	Cleared 20 Missions with only wind skills!	風属性のスキルだけで２０ミッションクリアした証！	¡Superaste 20 Misiones usando tan solo habilidades de viento!	Hat 20 Missionen mit nur Wind-Skills geschafft.		Completato 20 Missioni usando solo Abilità di Vento!	Completou 20 Missões com apenas habilidades de vento.	¡Prueba de que completaste 20 misiones sólo con habilidades de viento!	Ukończono 20 Misji używając tylko Wiatrowych Talentów!	僅裝備風屬性技能通過 20 個任務！	Sadece rüzgar türü Becerileri kullanarak 20 Görevi tamamladım!			Вы прошли 20 миссий\nтолько с навыками ветра!
spb_hint_ch14_13	Clear 20 Missions with only wind skills...	風属性のスキルだけで２０ミッションクリアする…	Supera 20 Misiones usando tan solo habilidades de viento...	Schaffe 20 Missionen mit nur Wind-Skills...		Completa 20 Missioni usando solo Abilità di Vento...	Complete 20 Missões com apenas habilidades de vento...	Completa 20 misiones usando solo habilidades de viento...	Ukończ 20 Misji używając tylko Wiatrowych Talentów...		Sadece rüzgar türü Becerileri kullanarak 20 Görevi tamamla...			Пройдите 20 миссий только с навыками ветра...
spb_desc_ch14_14	Cleared 20 Missions with only dark skills!	闇属性のスキルだけで２０ミッションクリアした証！	¡Superaste 20 Misiones usando tan solo habilidades oscuras!	Hat 20 Missionen mit nur Finsternis-Skills geschafft.		Completato 20 Missioni usando solo Abilità di Tenebre!	Completou 20 Missões com apenas habilidades de escuridão.	¡Prueba de que completaste 20 misiones sólo con habilidades sombrías!	Ukończono 20 Misji używając tylko Ciemnych Talentów!	僅裝備闇屬性技能通過 20 個任務！	Sadece karanlık türü Becerileri kullanarak 20 Görevi tamamladım!			Вы прошли 20 миссий\nтолько с навыками темноты!
spb_hint_ch14_14	Clear 20 Missions with only dark skills...	闇属性のスキルだけで２０ミッションクリアする…	Supera 20 Misiones usando tan solo habilidades oscuras...	Schaffe 20 Missionen mit nur Finsternis-Skills...		Completa 20 Missioni usando solo Abilità di Tenebre...	Complete 20 Missões com apenas habilidades de escuridão...	Completa 20 misiones usando solo habilidades sombrías...	Ukończ 20 Misji używając tylko Ciemnych Talentów...		Sadece karanlık türü Becerileri kullanarak 20 Görevi tamamla...			Пройдите 20 миссий только с навыками темноты...
spb_desc_ch14_15	Defeated Erazor Djinn at Level 25 or below!	レベル２５以下でイレイザー・ジンを倒した証！	¡Derrotaste a Erazor el Yinn con un Nivel inferior a 26!	Hat Erazor Djinn mit Level 25 oder weniger besiegt.		Sconfitto Erazor Djinn a livello 25 o meno!	Derrotou Erazor Djinn no Nível 25 ou menos.	¡Prueba de que venciste a Erazor, el Genio, con nivel 25 o menos!	Pokonano Erazora Dżina na Poziomie 25 lub niższym!	以 25 或以下的等級打倒伊萊薩！	25. Seviye veya altında Erazor Cin'i yendim!			Вы победили Эрейзора Джинна при уровне ниже 25!
spb_hint_ch14_15	Defeat Erazor Djinn at Level 25 or below...	レベル２５以下でイレイザー・ジンを倒せ…	Derrota a Erazor el Yinn con un Nivel inferior a 26...	Besiege Erazor Djinn mit Level 25 oder weniger...		Sconfiggi Erazor Djinn a livello 25 o meno...	Derrote Erazor Djinn no Nível 25 ou menos...	Derrota a Erazor, el Genio, con nivel 25 o menos...	Pokonaj Erazora Dżina na Poziomie 25 lub niższym...		25. Seviye veya altında Erazor Cin'i yen...			Победите Эрейзора Джинна при уровне ниже 25...
														
spb_desc_ch15_1	Reached Level 99!	ソニックのレベルが９９になった証！	¡Alcanzaste el Nivel 99!	Hat Level 99 erreicht.		Raggiunto il Livello 99!	Chegou ao Nível 99.	¡Prueba de que alcanzaste el nivel 99!	Osiągnięto Poziom 99!	達到等級 99！	99. Seviyeye ulaştım!			Повышено до 99 уровня!
spb_hint_ch15_1	Reach Level 99...	レベル９９になる…	Alcanza el nivel 99...	Erreiche Level 99...		Raggiungi il Livello 99...	Chegue ao Nível 99...	Alcanza el nivel 99...	Osiągnij Poziom 99...		99. Seviyeye ulaş...			Повысьте до 99 уровня...
spb_desc_ch15_2	Obtained every skill!	スキルを全てゲットした証！	¡Desbloqueaste todas las Habilidades!	Hat jeden Skill erhalten.		Ottenuto ogni abilità!	Obteve todas as habilidades.	¡Prueba de que obtuviste todas las habilidades!	Zdobyto każdy Talent!	獲得所有技能！	Tüm becerileri elde ettim!			Получены все навыки!
spb_hint_ch15_2	Obtain every skill...	スキルを全てゲットする…	Desbloquea todas las habilidades...	Erhalte jeden Skill...		Ottieni ogni abilità...	Obtenha todas as habilidades...	Obtén todas las habilidades...	Zdobądż każdy Talent...		Tüm becerileri elde et...			Получите все навыки...
spb_desc_ch15_3	Collected every Fire Soul!	ファイヤーソウルを全てゲットした証！	¡Obtuviste todas las Almas Ígneas!	Hat jede Feuerseele erhalten.		Collezzionato ogni Anima di Fuoco!	Coletou todas as Almas de Fogo.	¡Prueba de que obtuviste todas las Almas de fuego!	Zdobyto każdą Ognistą Duszę!	獲得所有焰魂！	Tüm Ateş Ruhlarını elde ettim!			Собраны все души огня!
spb_hint_ch15_3	Collect every Fire Soul...	ファイヤーソウルを全てゲットする…	Obtén todas las Almas Ígneas...	Erhalte jede Feuerseele...		Collezziona ogni Anima di Fuoco...	Colete todas as Almas de Fogo...	Obtén todas las Almas de fuego...	Zdobądż każdą Ognistą Duszę...		Tüm Ateş Ruhlarını elde et...			Соберите все души огня...
spb_desc_ch15_4	Obtained every Gold Medal in Adventure Mode!	アドベンチャーモードでゴールドメダルを全てゲットした証！	¡Obtuviste una Medalla de Oro en todas las Misiones del modo Aventura!	Hat jede Goldmedaille erhalten		Ottenuto ogni Medaglia d'Oro!	Obteve todas as Medalhas de Ouro no Modo Aventura.	¡Prueba de que obtuviste todas las Medallas doradas!	Zdobyto każdy Złoty Medal!	獲得所有金牌！	Tüm Altın Madalyaları aldım!			Получены все золотые медали!
spb_hint_ch15_4	Obtain every Gold Medal in Adventure Mode...	アドベンチャーモードでゴールドメダルを全てゲットする…	Obtén una Medalla de Oro en todas las Misiones del modo Aventura...	Erhalte jede Goldmedaille...		Ottieni ogni Medaglia d'Oro	Obtenha todas as Medalhas de Ouro no Modo Aventura...	Obtén todas las Medallas doradas...	Zdobądż każdy Złoty Medal...		Tüm Altın Madalyaları al...			Получите все золотые медали...
spb_desc_ch15_5	Played for 24 hours!	プレイ時間が２４時間超えた証！	¡Llegaste a las 24 horas de tiempo de juego!	Hat für 24 Stunden gespielt.		Giocato per 24 ore!	Jogou por 24 horas!	¡Prueba de que jugaste por 24 horas!	Przegrano 24 godziny!	遊玩時間超過 24 小時！	24 saat oynadım! 			Наиграно в игре более 24 часов!
spb_hint_ch15_5	Play for 24 hours...	２４時間プレイする…	Juega un total de 24 horas o más...	Spiele für 24 Stunden...		Gioca per 24 ore...	Jogue por 24 horas...	Juega por 24 horas...	Graj przez 24 godziny...		24 saat oyna...			Играйте в игру более 24 часов...
spb_desc_ch15_6	Played party games 200 times.		¡Jugaste a minijuegos un total de 200 veces!	Hat 200-mal Party-Spiele gespielt.		Giocato la modalità Party 200 volte!	Jogou Minigames 200 vezes.	¡Prueba de que jugaste juegos de fiesta 200 veces!	Zagrano w gry imprezowe 200 razy!	遊玩 200 次派對遊戲！	200 kez parti oyunları oynadım.			Сыграйте 200 раз в игры в режиме """Вечеринка""".
spb_hint_ch15_6			Juega a minijuegos un total de 200 veces...	Spiele 200-mal Party-Spiele...			Jogue Minigames 200 vezes...	Juega juegos de fiesta 200 veces...	Zagraj w gry imprezowe 200 razy...					
spb_desc_ch15_7	Earned by playing attractions a total of 35 times.		¡Jugaste a las atracciones un total de 35 veces!	Erhalten, indem man 35-mal Attraktionen gespielt hat.		Ottenibile giocando con le attrazzioni 35 volte in totale.	Jogou as atrações 35 vezes.	¡Prueba de que jugaste en las atracciones 35 veces!	Zagrano w atrakcje łącznie 35 razy!	遊玩 35 次遊樂設施！	Toplam 35 kez eğlence oyunları oynayarak kazandım.			Сыграйте в аттракционы 35 раз.
spb_hint_ch15_7			Juega a las atracciones un total de 35 veces...	Spiele 35-mal Attraktionen...			Jogue as atrações 35 vezes...	Juega en las atracciones 35 veces...	Zagraj w atrakcję łącznie 35 razy...					
spb_desc_ch15_8	Earned by winning World Bazaar a total of 7 times.		¡Ganaste en el Bazar Internacional un total de 7 veces!	Erhalten, indem man 7-mal im World Bazaar gewonnen hat.		Ottenibile se vinci nel Mondo Bazaar 7 volte in totale.	Venceu 7 vezes no Bazar Mundial.	¡Prueba de ganar en el Bazar internacional 7 veces!	Wygrano Światowy Bazar łącznie 7 razy!	在 世界市集 中獲得 7 次優勝！	Dünya Çarşısı'nı toplam 7 kez kazanarak kazandım.			Выиграйте 7 раз в играх в Мировом базаре.
spb_hint_ch15_8			Gana un total de 7 veces en el Bazar Internacional...	Gewinne 7-mal im World Bazaar...			Vença 7 vezes no Bazar Mundial...	Gana en el Bazar internacional 7 veces...	Wygraj Światowy Bazar łącznie 7 razy...					
spb_desc_ch15_9	Earned by winning Tournament Palace a total of 7 times.		¡Ganaste en el Palacio de los Torneos un total de 7 veces!	Erhalten, indem man 7-mal im Tournament Palace gewonnen hat.		Ottenibile se vinci nel Torneo del Palazzo 7 volte in totale.	Venceu 7 vezes no Palácio do Torneio.	¡Prueba de ganar en el Palacio de los torneos 7 veces!	Wygrano Pałac Turniejowy łącznie 7 razy!	在 競技宮殿 中獲得 7 次優勝！	Turnuva Sarayı'nı toplam 7 kez kazanarak kazandım.			Выиграйте 7 раз в играх в Турнирном дворце.
spb_hint_ch15_9			Gana un total de 7 veces en el Palacio de los Torneos...	Gewinne 7-mal im Tournament Palace...			Vença 7 vezes no Palácio do Torneio...	Gana en el Palacio de los torneos 7 veces...	Wygraj Pałac Turniejowy łącznie 7 razy...					
spb_desc_ch15_10	Earned by winning at Pirates Coast a total of 7 times.		¡Ganaste en la Costa Pirata un total de 7 veces!	Erhalten, indem man 7-mal bei Pirates Coast gewonnen hat.		Ottenibile se vinci nella Costa dei Pirati 7 volte in totale.	Venceu 7 vezes na Costa dos Piratas.	¡Prueba de ganar en la Costa pirata 7 veces!	Wygrano na Pirackim Wybrzeżu łącznie 7 razy!	在 海盜之岸 中獲得 7 次優勝！	"""Korsan"""\nKorsan Sahili'nde toplam 7 kez kazanarak kazanılır!			Выиграйте 7 раз в играх в Пиратском шторме.
spb_hint_ch15_10			Gana un total de 7 veces en la Costa Pirata...	Gewinne 7-mal bei Pirates Coast...			Vença 7 vezes na Costa dos Piratas...	Gana en la Costa pirata 7 veces...	Wygraj na Pirackim wybrzeżu łącznie 7 razy...					
spb_desc_ch15_11	Earned by winning at Genie's Lair a total of 7 times.		¡Ganaste en la Guarida del Genio un total de 7 veces!	Erhalten, indem man 7-mal bei Genie's Lair gewonnen hat.		Ottenibile se vinci nella Dimora del Genio 7 volte in totale.	Venceu 7 vezes no Covil dos Gênios.	¡Prueba de ganar en la Guarida del genio 7 veces!	Wygrano na Legowisku Dżina łącznie 7 razy!	在 精靈魔穴 中獲得 7 次優勝！	Cinlerin İni'nde toplam 7 kez kazanarak kazandım.			Выиграйте 7 раз в играх в Логове джиннов.
spb_hint_ch15_11			Gana un total de 7 veces en la Guarida del Genio...	Gewinne 7-mal bei Genie's Lair...			Vença 7 vezes no Covil dos Gênios...	Gana en la Guarida del genio 7 veces...	Wygraj na Legowisku Dżina łącznie 7 razy...					
spb_desc_ch15_12	Earned by winning at Treasure Hunt a total of 7 times.		¡Ganaste en la Búsqueda del Tesoro un total de 7 veces!	Erhalten, indem man 7-mal bei Treasure Hunt gewonnen hat.		Ottenibile se vinci nella Caccia al Tesoro 7 volte in totale.	Venceu 7 vezes na Caça ao Tesouro.	¡Prueba de ganar la Búsqueda del tesoro 7 veces!	Wygrano w Poszukiwaniu Skarbów łącznie 7 razy!	在 寶藏狩獵 中獲得 7 次優勝！	"""Kaşif"""\nHazine Avı'nda toplam 7 kez kazanarak kazanılır!			Выиграйте 7 раз в играх в Охоте за сокровищами.
spb_hint_ch15_12			Gana un total de 7 veces en la Búsqueda del Tesoro...	Gewinne 7-mal bei Treasure Hunt...			Vença 7 vezes na Caça ao Tesouro...	Gana en la Búsqueda del tesoro 7 veces...	Wygraj w Poszukiwaniu Skarbów łącznie 7 razy...					
spb_desc_ch15_13	Earned by getting #1 in party games a total of 120 times.		¡Quedaste de primero en los minijuegos un total de 120 veces!	Erhalten, indem man 120-mal den ersten Platz in Party-Spielen gewonnen hat.		Ottenibile arrivando 1° nei giochi party 120 volte in totale.	Ficou em primeiro lugar nos minigames 120 vezes.	¡Prueba de ganar en los juegos de fiesta 120 veces!	Zdobyto pierwsze miejsce w grach imprezowych łącznie 120 razy!	在派對遊戲中獲得 120 次第一名！	Parti oyunlarında toplam 120 kez 1. olarak kazandım.			Займите первое место в играх в режиме """Вечеринка""" 120 раз.
spb_hint_ch15_13			Queda de primero en los minijuegos un total de 120 veces...	Gewinne 120-mal den ersten Platz in Party-Spielen...			Fique em primeiro lugar nos minigames 120 vezes...	Gana en los juegos de fiesta 120 veces...	Zdobądż pierwsze miejsce w grach imprezowych łącznie 120 razy...					
spb_desc_ch15_14	Earned by using Sonic a total of 30 times.		¡Escogiste a Sonic en los minijuegos un total de 30 veces!	Erhalten, indem man Sonic 30-mal gespielt hat.		Ottenibile se usi Sonic 30 volte in totale.	Jogou como Sonic 30 vezes.	¡Prueba de que jugaste con Sonic 30 veces!	Użyto Sonica łącznie 30 razy!	使用索尼克 30 次！	Sonic'i toplam 30 kez kullanarak kazandım!			Выберите Соника 30 раз.
spb_hint_ch15_14				Spiele 30-mal als Sonic...			Jogue como Sonic 30 vezes...	Juega con Sonic 30 veces...	Użyj Sonica łącznie 30 razy...					
spb_desc_ch15_15	Earned by beating every record in Time Attack Mode.		¡Superaste todos los récords en el modo Contrarreloj!	Erhalten, indem man jeden Rekord in Zeit-Angriff gebrochen hat.		Ottenibile se batti ogni record nella modalità Sfida a Tempo.	Superou todos os recordes no modo Contra o Tempo.	¡Prueba de romper todos los récords del modo contrarreloj!	Pokonano każdy rekord w Trybie Ataku Czasowego!	在所有項目創造新成績！	Her rekoru kırarak kazandım.			Получается за побитие всех рекордов в режиме ""Забег на время"".
spb_hint_ch15_15	Beat every record in Time Attack Mode...		Supera todos los récords en el modo Contrarreloj...	Breche jeden Rekord in Zeit-Angriff...		Batti ogni record nella modalità Sfida a Tempo...	Supere todos os recordes no modo Contra o Tempo...	Rompe todos los récords del modo contrarreloj...	Pokonaj każdy rekord w Trybie Ataku Czasowego...		Zaman Hücumu Modundaki her rekoru kır...			Побейте все рекорды в режиме ""Забег на время""...
														
spb_desc_ch16_1	A fairy told me, """So you're the blue hedgehog.""" I've ended up somewhere strange. Where is this place...?	しらない妖精さんが「あなたが　あおいはりねずみね」ってぼくをこんなトコにつれてきたんだ\nフシギなトコだなぁ\n…で、ここはどこ？	Un hada me dijo, """Así que tú eres el erizo azul""". He acabado en un sitio extraño... ¿Dónde estoy?	Eine Fee sagte mir """Du bist also der blaue Igel""". Dies ist ein seltsamer Ort. Wo bin ich...?		Una fata mi ha detto, """Quindi sei tu il riccio blu.""" Sono finito in un posto strano. Dove mi trovo...?	Uma fada me disse, “"Então você é o ouriço azul."” E então vim parar em um lugar estranho. Que lugar é esse...?	Un hada desconocida me trajo acá y me preguntó\n"""Eres el erizo azul, ¿verdad?"""\nQué lugar tan extraño. ¿Dónde estoy...?	Wróżka powiedziała mi """Więc ty jesteś niebieskim jeżem.""" Znalazłem się w jakimś dziwnym miejscu. Gdzie to jest?	有位仙子告訴我「所以你就是那位藍色刺蝟。」然後我就到了一個奇怪的地方。這裡是哪裡…？	BIG’İN SEYAHAT GÜNLÜĞÜ 1\nBir peri bana, “Demek sen mavi kirpisin,” dedi. Kendimi garip bir yerde buldum. Burası neresi...?			Незнакомая фея сказала """Это же ты - синий ёж?""" и привела меня сюда. Необычное место... ...а где это я?
spb_desc_ch16_2	I've come to a beautiful oasis. It's so clear I can see everything, but it seems like there are no fish.	きれいなみずのオアシスにきたよ\nすきとおっててよくみえるけどおさかないるかなぁ	Llegué hasta un precioso oasis. El agua es tan clara que se ve todo a través, pero parece que no hay peces...	Ich bin in einer traumhaften Oase. Das Wasser ist glasklar, aber Fische scheint es keine zu geben.		Sono arrivato a un'oasi meravigliosa. È così chiara che posso vedere tutto, ma non sembrano esserci pesci.	Cheguei a um belo oásis. A água é tão cristalina que consigo ver tudo, mas pelo visto não há nenhum peixe.	Llegué a un hermoso oasis de agua.\nEs cristalina, se ve a través de ella,\npero me pregunto si hay peces.	Przybyłem do pięknej oazy. Jest tak czysta że wszystko widzę, ale wygląda na to, że nie ma rybek.	我來到一座美麗的沙漠綠洲。這裡的水清澈地可以看見所有東西，但就是看不見任何魚隻。	BIG’İN SEYAHAT GÜNLÜĞÜ 2\nGüzel bir vahaya geldim. Suyu o kadar berrak ki her şeyi görebiliyorum, ama galiba hiç balık yok			Я попал в оазис с чистой водой. Прозрачный, всё видно, но есть ли тут рыба?..
spb_desc_ch16_3	I was fishing and I saw Froggy's friend swimming. It looks like fun. I think I'll swim too!	おさかな釣ってたらかえるくんのともだちがおよいでいたよ\nきもちよさそう\n	Estaba pescando y vi a un amigo de Froggy nadando. Parece divertido... ¡A lo mejor me doy yo también un chapuzón!	Ich war Angeln und sah, wie Froggys Freund geschwommen ist. Sah aus, als würde es Spaß machen!		Stavo pescando e ho visto l'amico di Froggy che nuotava. Sembra divertente. Penso che proverò a nuotare anch'io!	Eu estava pescando e vi o amigo do Froggy nadando. Parece divertido. Acho que eu também vou nadar!	Mientras pescaba, el amigo de Froggy nadaba cerca.\nParecía tan cómodo.\n¡Yo también voy a nadar con él!	Łowiłem i widziałem jak kolega Froggiego pływa. Wygląda fajnie. Też popływam!	我在釣魚，然後我看見小蛙蛙的朋友在游泳。看樣子很好玩呢。我也想去游！	BIG’İN SEYAHAT GÜNLÜĞÜ 3\nBalık tutuyordum ve Froggy’nin bir arkadaşının yüzdüğünü gördüm. Epey eğlenceli görünüyor. Sanırım ben de biraz yüzeceğim!			Пока ловил рыбу, тут плавали друзья Лягушика. Им было так весело, и я решил поплавать вместе с ними!
spb_desc_ch16_4	Well, there weren't any fish. Not one. Monsters must have eaten them. That's not good...	ぼくもいっしょにおよいじゃうぞぉ	Vaya, no había ningún pez... Ni uno. Deben de habérselos comido unos monstruos. Qué mal...	Es gab keinen einzigen Fisch. Sie wurden sicher von Monstern gefressen. Gar nicht gut...		Beh, non c'era nessun pesce. Neanche uno. I mostri li avranno mangiati. Così proprio non va...	Bem, não havia nenhum peixe. Nem um sequer. Os monstros devem tê-los comido. Isso não é bom...	Mmm, parece que no hay ningún pez.\nSupongo que los monstruos se los comieron todos.\nLos glotones son un fastidio, ¿no?	Cóż, nie ma żadnych ryb. Ani jednej. Potwory musiały je wszystkie zjeść. To nie dobrze...	這裡沒有魚，一隻都沒有。他們肯定是被怪物們吃掉了。這下不妙了…。	BIG’İN SEYAHAT GÜNLÜĞÜ 4\nHiç balık yoktu. Bir tane bile.Canavarlar hepsini yemiş olmalı. Bu hiç iyi değil…			Хмм, рыбы здесь совсем нет. Наверняка, её съел какой-то монстр. Какие обжоры тут обитают, ужас...
spb_desc_ch16_5	What...? I was chased all the way by a giant lizard! Which way did I come from...?	あれ～？\nおっきなとかげにおいかけられてこんなとこまで\nきちゃったよ～\nどっちからきたんだっけ～？	¿Pero qué...? ¡Me persiguió hasta aquí un lagarto gigante! ¿Y yo por dónde vine...?	Was...? Eine riesige Eidechse hat tmich gejagt! Aus welcher Richtung kam ich doch gleich?		Cosa...? Sono stato inseguito da tutto il tempo da una lucertola gigante! Da che parte sono arrivato...?	O quê...? Fui perseguido o tempo todo por um lagarto gigante! De que lado eu vim mesmo...?	¿Eh?\n¡Un lagarto enorme me persiguió hasta aquí!\n¿Por dónde vine?	Co...? Całą tą drogę byłem goniony przez gigantyczną jaszczurkę! Z której strony przyszedłem...?	什麼…？我被一隻大蜥蜴一路追到這裡！我是從哪條路過來了…？	BIG’İN SEYAHAT GÜNLÜĞÜ 5\nNe…? Kocaman bir kertenkele beni yol boyunca kovaladı! Hangi taraftan gelmiştim…?			М? За мной гналась огромная ящерица и в итоге я оказался тут. Откуда я пришёл?
spb_desc_ch16_6	It's a little hot, but it seems like a good place to fish. Come out, come out, little fish!	ちょっとあついけどここはすごいのが釣れちゃうヨカンがするぞう～\nでてこい　でてこいおさかなさん～	Hace algo de calor, pero este parece un buen lugar para pescar. ¡Venid, venid, pececillos!	Es ist sehr heiß, aber dies scheint ein guter Angelplatz zu sein. Kommt, Fischchen, kommt!		È un pò caldo, però mi sembra un buon posto per pescare. Venite fuori, venite fuori, pesciolini!	Está um pouco quente, mas parece ser um bom lugar para pescar. Apareçam, apareçam, peixinhos!	Hace un poco de calor, pero tengo la sensación\nde que aquí pescaremos algo increíble.\n¡Vengan, vengan, pececitos!	Jest trochę gorąco, ale to wygląda na dobre miejsce, żeby sobie połowić. Pokażcie się, pokażcie, małe rybki!	這裡有點熱，但看樣子是個釣魚的好地方呢。來吧來吧，小魚兒！	BIG’İN SEYAHAT GÜNLÜĞÜ 6\nBiraz sıcak ama balık tutmak için güzel bir yer gibi görünüyor.Hadi bakalım küçük balıklar, ortaya çıkın!			Здесь жарковато, но чувствую, что смогу поймать что-то крупное! Ловись, рыбка, большая и маленькая!
spb_desc_ch16_7	Uh-oh! That's not a fish! Sorry...!	わわわっ\nこれはおさかなじゃないんだな～\nごめんなさい～	¡Ups! ¡Eso no era un pez! ¡Perdón...!	Oh je! Das sind ja gar keine Fische! Pardon...!		Uh-oh! Quello non è un pesce! Scusa...!	Ih, não! Isso não é um peixe! Foi mal...!	¡Guaa...!\n¡Ese no es un pez!\nPerdón...	O-oh. To nie jest ryba! Przepraszam...!	糟了！那不是魚！對不起啦…！	BIG’İN SEYAHAT GÜNLÜĞÜ 7\nAman Tanrım! Bu bir balık değil! Üzgünüm...!			Ой-ой-ой. Это же совсем не рыба... Извините!
spb_desc_ch16_8	W-What's this? I've been carried here by the wind! Somebody help! Actually, this feels pretty good.	あれれ～\nかぜにとばされてひっかかっちゃたよ\nだれかたすけて～\nでもなんだかちょっといいきぶん	¿Q-qué ha pasado? ¡Me ha llevado hasta aquí el viento! ¡Socorro...! Pues en verdad, no se está tan mal.	Was ist denn nun los? Der Wind hat mich hergeweht! Hilfe! Obwohl, es ist gar nicht so übel.		C-cos'è successo? Sono stato trasportato qui dal vento! Qualcuno mi aiuti! Anzi, è una sensazione piacevole.	O-o que é isso? Fui trazido até aqui pelo vento! Alguém me ajude! Na verdade, isso até que é bom.	¿Pero qué...?\nEl viento me voló y me quedé aquí.\nAlguien ayúdeme.\nAunque creo que me siento mejor.	C-co to? Wiatr mnie tu przywiał! Niech ktoś mi pomoże! W sumie to całkiem fajne uczucie.	怎麼回事？我被風吹到這裡了！誰來救救我啊！不過老實說，這樣還蠻舒服的。	BIG’İN SEYAHAT GÜNLÜĞÜ 8\nN-Bu ne? Rüzgar beni buraya sürükledi! Biri yardım etsin! Aslında bu oldukça iyi hissettiriyor.			Вот это да! Меня сдуло ветром и я зацепился! Кто-нибудь, спасите! Но знаете, мне это даже нравится.
spb_desc_ch16_9	I got in line...but I don't seem to be fitting in. Maybe I need to sit differently?	ぼくもいっしょにならんでみたよ～\nでもなかなか羽がはえないな～\nすわりかたがちがうのかな～？	Me puse en fila... pero no parezco encajar; ¿A lo mejor debería sentarme de otra manera?	Ich habe mich auch angestellt, aber mir wachsen keine Flügel. Vielleicht sitze ich falsch...		Mi sono messo in fila, ma non sembra che io ci stia. Forse devo sedermi in un altro modo?	Entrei na fila... mas parece que não estou encaixando direito. Será que eu preciso me sentar de outro jeito?	Intente sentarme a su lado...\nPero no me crecen alas...\n¿Será que estoy en mala posición?	Stanąłem w kolejce... ale chyba tutaj się nie mieszcze. Może muszę inaczej usiąść?	我排好隊了…但總覺得自己不太合群。我是不是該換個坐姿？	BIG’İN SEYAHAT GÜNLÜĞÜ 9\nSıraya girdim... ama uyum sağlayamıyorum. Belki de farklı oturmam gerekiyor?			Я тоже решил так сесть! Но у меня почему-то не появились крылья... Может, я сижу как-то не так?
spb_desc_ch16_10	Whoa! Climbing up here was fun and all, but now how do I get down...?	うわ～い！\nのぼったのはいいけれどどうやったらここからおりられるのかな～	¡Hala! Escalar hasta aquí arriba fue divertido y tal, pero ¿ahora cómo bajo...?	Hui! Der Aufstieg war ja toll, aber wie komme ich jetzt wieder runter?!		Whoa! Arrampicarmi fino a qui su era divertente, si, ma ora come scendo?	Uau! Subir aqui até que foi divertido e tals, mas agora como eu vou descer...?	¡Guau...!\nPude subir acá, ¿pero ahora cómo bajaré de aquí?	Łał! Wspinanie się tutaj było fajne i w ogóle, ale jak mam stąd zejść...?	哇喔！爬上來是很好玩啦，但我現在要怎麼下去…？	BIG’İN SEYAHAT GÜNLÜĞÜ 10\nWhoa! Buraya tırmanmak çok eğlenceliydi, ama şimdi aşağı nasıl ineceğim...?			Ого! Я смог сюда забраться, но вот как я буду отсюда слезать?
spb_desc_ch16_11	Whoa! This'll be my hideout. I won't tell anyone, except for maybe Froggy...	うわ～い！\nだぁ～れもいないぼくのひみつきち！\nだれにもナイショさ\nだけどカエルくんにはおしえなきゃ～	¡Guau! Este será mi escondite. No se lo enseñaré a nadie, excepto quizás a Froggy...	Nicht schlecht! Das wird mein Versteck. Ich sag's keinem weiter, außer vielleicht Froggy.		Whoa! Questo sarà il mio nascondiglio. Non lo dirò a nessuno, tranne forse a Froggy.	Uau! Esse será o meu esconderijo. Não vou contar para ninguém, talvez só para o Froggy...	¡Guau!\n¡Mi escondite privado!\nEs un secreto para todos...\nAunque tengo que decirle a Froggy.	Łał! To będzie moja kryjówka. Nikomu nie powiem, może oprócz Froggiemu.	哇喔！這裡就是我以後的秘密基地啦！我不會告訴任何人，除了小蛙蛙吧…	BIG’İN SEYAHAT GÜNLÜĞÜ 11\nWhoa! Burası benim saklanma yerim olacak. Kimseye söylemeyeceğim, belki Froggy hariç...			Ура! Никого нет! Это моя тайная база! Никому не рассказывайте! Разве что только Лягушику...
spb_desc_ch16_12	I befriended the old skeleton. He said he used to be a huge fish. That's amazing!	骨のおじさんとおともだちになったよ\nむかしは　おおきなおさかなだったんだって～\nすごいんだなぁ～	Hice buenas migas con este viejo esqueleto. Me contó que fue antaño un gran pez. ¡Qué pasada!	Ich habe mich mit einem alten Skelett angefreundet. Es war früher ein großer Fisch. Toll!		Ho fatto amicizia con quel vecchio scheletro. Ha detto che un tempo era un grande pesce. È fantastico!	Fiz amizade com o velho esqueleto. Ele disse que costumava ser um peixe enorme. Que incrível!	Me hice amigo del señor Huesos.\nParece que alguna vez fue un gran pez.\nQué genial.	Zaprzyjażniłem się ze starym szkieletem. Mówił że kiedyś był dużą rybą. To niesamowite!	我和一位老骷髏頭變成朋友了。他說他以前是一隻巨大的魚欸。好厲害喔！	BIG’İN SEYAHAT GÜNLÜĞÜ 12\nYaşlı iskeletle arkadaş oldum. Eskiden kocaman bir balık olduğunu söyledi. Harika!			Я подружился с дяденькой из костей. Говорит, что раньше он был большой рыбой... Так круто!
spb_desc_ch16_13	Before the old skeleton turned to bone, he was a colorful fish who could sing too! I wish I could have caught him.	骨のおじさんが骨になる前はきれいなおさかなでおうたもじょうずにうたったんだって\nぼくおじさんを釣ってみたかったな	¡Antes de convertirse en un puñado de huesos, el viejo esqueleto era un colorido pez que podía cantar! Ojalá hubiese podido pescarlo.	Das alte Skelett war einst ein bunter Fisch, der sogar singen konnte! Hätte ich ihn doch geangelt!		Prima che il vecchio scheletro diventasse solo ossa, era un pesce molto colorato che poteva anche cantare! Vorrei averlo potuto catturare.	Antes de o velho esqueleto se transformar em ossos, ele era um peixe colorido que também sabia cantar! Queria ter conseguido pescá-lo.	Antes de que el señor Huesos se volviera un esqueleto, era un hermoso pez que cantaba maravillosamente.\nOjalá hubiera podido pescarlo.	Zanim stary szkielet zamienił się w kośći, był kolorową rybą która potrafiła śpiewać! Fajnie by było go takiego złapać.	老骷髏頭以前還在魚世間時，他曾是一隻會歌唱的彩色魚呢！我好希望能釣到他喔。	BIG’İN SEYAHAT GÜNLÜĞÜ 13\nYaşlı iskelet kemiğe dönüşmeden önce, şarkı söyleyebilen rengarenk bir balıktı! Keşke onu yakalayabilseydim.			Дяденька из костей перед тем, как стать таким, был красивой рыбой и умел петь. Вот бы я тогда поймал его...
spb_desc_ch16_14	I've come all the way to the Milky Way...I heard this is where I can find Pisces. I'd like to meet him.	あまのがわにきちゃった～\nここには「ウオザ」っていうおさかながいるってきいたんだ～\nはやくあいたいな～	He llegado hasta la Vía Láctea... Dicen que aquí puedo encontrar a Piscis. Me gustaría conocerlo.	Ich bin auf der Milchstraße... Hier soll es das Sternbild Fische geben. Ich freu mich schon!		Sono arrivato fino alla Via Lattea... Ho sentito che qui è dove posso trovare "Piscis". Mi piacerebbe incontrarlo	Cheguei até a Via Láctea... Ouvi dizer que é aqui que posso encontrar o Peixes. Gostaria de conhecê-lo.	Llegué a la Vía Láctea.\nEscuché que aquí hay un pez llamado "Piscis".\nEstoy ansioso por conocerlo.	Przybyłem całą drogę aż do Drogi Mlecznej... Słyszałem, że tutaj mogę znależć Rybę. Chciałbym ją poznać.	我一路來到了銀河系…我聽說這裡是可以找到雙魚座的地方。我想去見見他。	BIG’İN SEYAHAT GÜNLÜĞÜ 14\nSamanyolu'na kadar geldim... Balık burcunu burada bulabileceğimi duydum. Onunla tanışmak isterim.			Я оказался на Млечном Пути! Говорят, что здесь есть """Рыбы""". Вот бы мне посмотреть на этих рыб...
spb_desc_ch16_15	When I look up at the sky, I miss Froggy. I've got to go now. Wait for me, Froggy!	おそらをみていたらなんだかかえるくんを思いだしちゃったぞ\nもうかえらなきゃ～\nかえるく～んまっててね～	Cuando miro al cielo, hecho en falta a Froggy. Ahora debo marcharme. ¡Espera por mí, Froggy!	Wenn ich mir den Himmel ansehe, fehlt mir Froggy sehr. Ich muss los. Warte auf mich, Froggy!		Quando guardo il cielo, mi manca Froggy. Devo andare ora. Aspettami, Froggy!	Quando olho para o céu, sinto falta do Froggy. Preciso ir agora. Espere por mim, Froggy!	Mirar al cielo de alguna manera me hizo pensar en ti, Froggy.\n¡Debo irme ya!\nFroggy, espérame.	Kiedy patrze w niebo, tęsknie za Froggym. Muszę już iść. Czekaj na mnie, Froggy!	當我抬頭望向天空時，我就好想念小蛙蛙。我得走了。等等我啊，小蛙蛙！	BIG’İN SEYAHAT GÜNLÜĞÜ 15\nGökyüzüne baktığımda Froggy'yi özlüyorum. Şimdi gitmeliyim. Beni bekle, Froggy!			Пока смотрел на небо, вспомнил Лягушика. Мне уже пора обратно... Лягушик, жди меня!
														
														
														
event01_name	The World of the Book	アラビアンナイトを救う伝説のはじまり	El Mundo del Libro	Die Welt des Buches		La Leggenda per Salvare le Mille e Una Notte Inizia.	O Mundo do Livro	Comienza la leyenda para salvar\n"""Las mil y una noches"""	Świat Książki	世界之書	Kitap Dünyası		The Legend to Save the Arabian Nights Begins.	Начало истории спасения\n"""Тысячи и одной ночи""".
event01_1	ZZZ...	ＺＺＺ…	¡Zzz...!	ZZZ...		Zzz...	Zzz...	Zzz...	ZZZ...	ZZZ…	ZZZ…			Хрр... Хрр...
event01_2	Um...	あの…	Disculpa...	Ähm...		Uhm...	Hmm...	Disculpa...	Em...	嗚…	Um...			Эм...
event01_3	ZZZ...	ＺＺＺ…	¡Zzz... !	ZZZ...		Zzz...	Zzz...	Zzz...	ZZZ...	ZZZ…	ZZZ…			Хрр... Хрр...
event01_4	Hmph!	もう…	Lo que hay que ver...	Hmpf!		Hmph!	Hum!	¡Ash!	Hpmf!	哼！	Hmph! 		Come on...	Хм...
event01_5	Hey, wake up!	ねぇ　おきて	¡Oye!, ¡despierta!	Hey, wach auf!		Hey, svegliati!	Ei, acorde!	¡Oye, despierta!	Hej, obudż się!	嘿，醒來啊！	Hey, uyan!			А ну просыпайся!
event01_6	Yaaaaawwn! Boy, is it that late\nalready? What time is it?	ふぁあああ…　もうこんな時間か\nいま何時だ？	¡Uaaaaa! ¡Vaya! Me he pasado\ndurmiendo... ¿Qué hora es?	Gääähn! Junge, wer hat denn an der Uhr\ngedreht? Wie spät ist es eigentlich?		Yaaaaawn! Mamma, è già così tardi? Che ora è?	Aaaahhh... Cara, já tá tão tarde assim?\nQue horas são?	*bostezo* ¿Oh, ya anocheció? ¿Qué hora es?	(Ziewanie) O chłopie, już tak póżno?\nKtóra to godzina?	哈啊啊啊！哇已經這麼晚啦？現在幾點了？	Yaaaaawwn! Dostum, bu kadar\n geç mi oldu? Saat kaç?		Yaaaaawwn! Is it that late already?\nWhat time is it?	Уа-а-а-а! Неужели пора вставать?\nКоторый час?
event01_7	Huh?	ん！？	¿Eh?	Huh?!		Huh?	Hã?	¿Mmm?	Hę?	嗯？	Huh?		Hm?	М-м?
event01_8	You are the blue hedgehog.	あなたが　青いハリネズミさんね	Así que tú eres el erizo azul...	Du bist der blaue Igel!		Tu sei il riccio blu!	Você é o ouriço azul.	Eres ese erizo azul, ¿no?	Ty jesteś tym niebieskim jeżem.	你就是那位藍色刺蝟。	Sen mavi kirpisin.		You must be the blue hedgehog.	Это же ты - синий ёж?
event01_9	Ahh...What the...!	ウァアアアアーオ！！	¡Aaah!	Uaah! Was zur...?!		Ahh... Ma cosa...!	Ah! Mas que...!	¡Guau...!	Uaah!... Co do...!	啊… 什麼…！	Ahh... Bu da ne...!		Whoaaaa!	А-а-а-а-а-а!
event01_10	Do not be alarmed!\nI am Shahra, the Genie of the Ring.	そんなに　おどろかないで！\n私はリングの精『シャーラ』	¡No tengas miedo!\nYo soy Shara, la Genio del Anillo.	N-nur die Ruhe! Ich bin Shahra,\nder Dschinni des Rings.		Non essere allarmato!\nIo sono Shahra, Genio dell'Anello.	Não se assuste!\nMe chamo Shahra, a Gênia do Anel.	¡No te asustes! Soy el espíritu del anillo, Shahra.	Nie masz się czego bać! Jestem Shahra,\nDżiną Pierścienia.	別被嚇到了！\n我是戒指精靈，夏拉。	Korkma!\nBen Yüzük Cini Shahra.		Do not be frightened!\nI am Shahra, the Genie of the Ring.	Не стоит так пугаться.\nЯ джинния, Шахра.
event01_11	...You know,\nlike """Aladdin and the Magic Lamp"""...?	…というか\n「アラジンと魔法のランプ」は…？	Una genio como el de\nAladino y la lámpara maravillosa, ¿sabes?	Du weißt schon, wie in\n"""Aladin und die Wunderlampe"""?		...Sai, come\n """Aladdin e la Lampada Magica"""...?	...Sabe, tipo\n"""Aladim e a Lâmpada Maravilhosa"""...?	Ya sabes... la de """Aladino y la lámpara maravillosa""".	... Wiesz, w coś w stylu\n"""Alladyn i Magiczna Lampa"""...?	…呃\n就像是「阿拉丁神燈」那樣的精靈？	...Bilirsin, """Alaaddin ve\nSihirli Lambası""" gibi...?			Ну, знаешь, как в """Аладдине и волшебной лампе"""...
event01_12	Don't think I've read that.	まだ読んでない	Aún no me lo he leído.	Nie gelesen.		Non penso di averlo letto.	Não lembro de ter lido.	Aún no lo leo.	Nie żebym to kiedyś przeczytał.	我還沒讀過那個故事。	Onu okuduğumu sanmıyorum.		I haven't read that yet.	А я ещё не читал.
event01_13	What?\nYou've got to be kidding me!	えぇ～\nもう　大丈夫かなぁ…	¿¡Qué!?\nPues empezamos con buen pie...	Was? Das meinst du nicht ernst!		Cosa?\n Mi stai prendendo in giro!	O quê?\nSó pode estar brincando!	¡¿Eh?! Ash, ¿cómo es posible?	Że co?\nChyba Sobie żartujesz!	什麼？\n你在開玩笑吧！	Ne?\nŞaka yapıyor olmalısın!		What? Will this be okay, I wonder...	Серьёзно? Уму непостижимо...
event01_14	It's the best story of all the Arabian\nNights! Or, at least the second best...	アラビアンナイトの中でも１・２を\nあらそう　おもしろさ…	¡Es una de las mejores historias de\nLas mil y una noches, y...!	Das ist die beste Geschichte in 1001 Nacht!\nOder zumindest die zweitbeste.		È la migliore storia delle Mille e una Notte! O almeno, la seconda...	É a melhor história das Mil e uma Noites!\nOu, pelo menos a segunda melhor...	Es una de las historias más interesantes\nde """Las mil y una noches""".	To najlepsza historia z wszystkich Arabskich Nocy!\nAlbo, przynajmniej druga najlepsza...	那可是天方夜譚裡最棒的故事！\n至少也是第二好的…	Binbir Gece Masalları'nın en iyi\nhikayesi! Ya da en azından ikinci en iyi...		It's one of the most interesting\nstories of the Arabian Nights...	Это же одна из самых интересных сказок\nв книге """Тысяча и одна ночь"""!
event01_15	...But that's besides the point.\nPlease, look at this!	ってそんな説明はともなく\nこれを見てください！	...Bueno, ahora eso es lo de menos;\n¡mira lo que está pasando aquí!	Doch ich schweife ab.\nBitte. Sieh dir das an.		Ad ogni modo, per favore,\ndai un'occhiata a questo!	Mas isso não importa.\nPor favor, dê só uma olhada!	...bueno, eso da igual. ¡Sólo mira esto!	... Ale mniejsza z tym.\nProszę, spójrz na to!	…那不是重點啦。\n請您看看這！	...Ama bu konunun dışında.\nLütfen, şuna bak!		...But anyway, please look at this!	Так, это потом обсудим. \nСмотри сюда!
event01_16	Hey, the page is blank!	ページが　白紙になってるぜ！？	¿¡Las páginas están en blanco!?	Hey, die...\nDie Seite ist leer!		Hey, la pagina è vuota!	Ei, a página tá em branco!	¡¿Las páginas están en blanco?!	Hej, ta strona jest pusta!	嘿，這頁是空白的！	Hey, sayfa boş!		The pages are blank!?	На страницах ничего... они пустые!
event01_17	Our world...	私たちの世界が…	Nuestro mundo,	Unsere Welt...		Il nostro mondo...	Nosso mundo...	Nuestro mundo...	Nasz świat...	我們的世界…	Dünyamız...			Наш мир...
event01_18	...The world of the Arabian Nights is vanishing.	アラビアンナイトの世界が\n消されつつあるんです	el mundo de Las mil y una noches,\nse desvanece...	...Die Welt von Tausendundeine Nacht löst sich auf.		...Il mondo delle Mille e Una Notte, sta scomparendo.	...O mundo das Mil e uma Noites está desaparecendo.	...el mundo de """Las mil y una noches""" está siendo borrado.	... Świat Arabskich Nocy zanika.	…天方夜譚的世界正在逐漸消滅。	...Binbir Gece Masalları dünyası yok oluyor.			Мир """Тысячи и одной ночи""",\nмедленно исчезает.
event01_19	Vanishing? But how?	消される？　なぜ？	¿Se desvanece? ¿Por qué?	Löst sich auf? Aber wie?		Scomparendo? Ma come?	Desaparecendo?\nMas como?	¿Borrado? ¿Por qué?	Zanika? Jak to?	逐漸消滅？怎麼會這樣？	Yok mu oluyor? Ama nasıl?		Vanishing? Why?	Исчезает? Почему?
event01_20	This is the work of an incredibly\nevil spirit...The Erazor Djinn.	それは…　あしきマジン…\n『イレイザー・ジン』のしわざです	Es obra de un malvado ser mágico... Erazor el Yinn.	Dies ist das Werk eines unfassbar\nboshaften Geistes, des Erazor Djinns.		Questa è opera di un genio\nincredibilmente malvagio... Erazor Djinn.	Isso é obra de um espírito maligno, o Erazor Djinn...	Es culpa... de un malvado majin.\nErazor, el Genio.	To robota niesamowicie\nzłego ducha... Erazora Dżina.	這都是一個非常邪惡的精靈… 伊萊薩害的。	Bu inanılmaz derecede kötü bir\nruhun eseridir... Erazor Cin.		That..is the work of an evil genie...Erazor Djinn.	Это... из-за злого духа...\nЭрейзор Джинн - так его зовут.
event01_21	Erazor...Djinn?	イレイザー…　ジン？	¿Erazor... el Yinn?	Erazor... Djinn?		Erazor... Djinn?	Erazor... Djinn?	¿Erazor, el Genio?	Erazora... Dżina?	伊… 萊薩？	Erazor...Cin mi?			Эрейзор... Джинн?
event01_22	Yes.	そうです	Así es.	Ja.		Si.	Sim.	Así es.	Tak.	沒錯。	Evet.			Именно.
event01_23	He used his evil magic\nto become even more powerful.	カレは強力な魔力をもったマジン\nそれゆえに、自分の力をもてあまし	Es un genio que posee una\nmagia tan poderosa que	Er bediente sich seiner dunklen Magie,\num noch mächtiger zu werden.		Ha usato la sua magia malefica\nper diventare ancora più potente.	Ele usou sua magia maligna\npara se tornar ainda mais forte.	Es un majin con poderosas habilidades mágicas.	Użył swojej przeklętej magii\nby stać się jeszcze potężniejszym.	他利用了他的邪惡魔法使他變得更加強大。	Kötü büyüsünü kullanarak daha\nda güçlü hale geldi.		He is a genie with powerful magical abilities.	Он обладает огромной духовной силой,\nс которой тяжело совладать.
event01_24	He could not bear to simply\nremain in the book any longer.	本の中に　とどまっていることに\nがまん　できなくなったんです	ya no soportaba estar atrapado\ncon ella dentro del libro.	Er konnte seine bloße Existenz in\neinem Buch nicht länger erdulden.		Non riusciva più a sopportare\ndi stare in un libro.	Ele não está mais satisfeito em\nficar apenas dentro do livro.	Por eso, su propio poder lo abrumó y\nno pudo soportar seguir encerrado en el libro.	Nie mógł już dłużej znieść\npozostawania w książce.	他無法忍受繼續被困在書中。	Artık kitabın içinde kalmaya\ndayanamıyordu.		He has so much power that he can\nno longer stand being stuck inside a book.	Он не вынес своего заточения в книге.
event01_25	And so he has begun to\nset the inscriptions free,	カレは本の文字を刈りとり	En consecuencia, ha comenzado a arrancar	Und so hat er begonnen,\ndie Inschriften freizusetzen,		Così ha iniziato a liberare\ntutte le iscrizioni,	Então ele começou a libertar as inscrições,	Empezó a cosechar las letras del libro	Więc zaczął uwalniać inskrypcje.	所以他開始釋放書裡的文字，	Ve böylece yazıtları serbest\nbırakmaya başladı,		He has begun harvesting the inscriptions,	И тогда он начал стирать из неё буквы.
event01_26	Absorbing the power of\nthe book itself.	本の力を吸収しはじめました	los caracteres del libro\npara absorber todo su poder.	und die Macht des Buches\nin sich aufzunehmen.		Assorbendo il potere del libro in se.	e a absorver o poder do livro.	y a absorber su poder.	Pochłaniając moc samej książki.	並將書的力量占為己有	Kitabın kendi gücünü\nözümseyerek.		Absorbing the book's power.	А потом поглощать её силу.
event01_27	The power of the book?	本の力を吸収…	Absorber... el poder del libro...	Die Macht des Buches?		Il potere del libro?	O poder do livro?	¿Absorbe el poder del libro?	Moc książki?	書的力量？	Kitabın gücü?		Absorbing the book's power...	Поглощать её силу...
event01_28	If our world ceases to exist,	このまま私たちの世界がなくなれば	Si nuestro mundo desaparece,\nno solo nunca más	Sollte unsere Welt wirklich vergehen,		Se il nostro mondo scompare..	Se o nosso mundo deixar de existir,	Si nuestro mundo desapareciera así,	Jeżeli nasz świat przestanie istnieć,	如果放任我們的世界消失殆盡，	Eğer dünyamız var olmaktan çıkarsa,		If our world disappears...	Если наш мир исчезнет,
event01_29	Then not only will those stories be silenced forever,	もう二度と　この物語をよむことが\nできなくなるだけでなく	se podrán leer sus historias,\nsino que, además,	wären nicht nur ihre Geschichten\nfür immer verloren. Nein,...		Allora non solo quelle storie verranno\nsilenziate per sempre,	não só as histórias sumirão para sempre,	no solo nunca más se podría volver a leer esta historia,	Nie tylko te historie bedą wyciszone na zawsze.	不僅那些故事將被永遠抹煞，	O zaman bu hikayeler sonsuza dek susturulmakla kalmayacak,		Then not only will these stories\nnever be read again,	мало того, что никто никогда\nбольше не прочтёт эти сказки,
event01_30	But the Erazor Djinn will then be\nunleashed into your world.	力を吸収したカレは　あなたのいる\nこの世界にもやってくるでしょう	Erazor se hará con el poder suficiente\npara viajar a tu mundo.	...das würde den Erazor Djinn\nsogar auf deine Welt loslassen.		Ma Erazor Djinn verrà\nrilasciato dentro al tuo mondo.	mas o Erazor Djinn será solto em seu mundo.	sino que él, habiendo absorbido su poder,\npodría venir a su mundo.	Ale wtedy Erazor Dżin zostanie\nwypuszczony na twój świat.	伊萊薩也將被釋放到你的世界中。	Bu inanılmaz derecede kötü bir\nruhun eseridir... Erazor Cin.		But with the power he absorbs,\nhe will come to your world as well.	но и он, поглотивший всю силу,\nзахочет стереть и другие миры.
event01_31	That definitely sounds like trouble.\nBut, what do you want me to do?	たしかにそいつは大変だ\nで？　オレにどうしてほしいんだ？	Pues vaya lío que se ha armado...\nVale, ¿qué quieres que haga?	Dann sitzen wir aber wirklich in der Tinte...\nAber was soll ich dagegen tun?		Di sicuro non porta bene.\nQuindi, cosa vuoi che ci faccia io?	Isso realmente parece encrenca.\nMas o que você quer que eu faça?	Eso suena problemático.\nBien, ¿en qué puedo ayudar?	To na pewno brzmi jak kłopoty.\nAle co ja mam z tym zrobićł?	聽起來是個問題呢。\n但你想要我怎麼做？	Bu kesinlikle sorun gibi görünüyor.\nPeki, benden ne yapmamı istiyorsun?		That definitely sounds like trouble.\nSo? What do you want me to do?	Да, звучит неприятно.\nНу так что ты хочешь от меня?
event01_32	I want you to stop him...	あなたには　カレを…	Quiero que tú...	Ich möchte, dass du ihn aufhältst.		Io voglio che tu lo fermi...	Eu quero que você o impeça...	Quiero que...	Chcę żebyś go powstrzymał.	我想要你阻止他…	Onu durdurmanı istiyorum...		I want you...	Я хочу, чтобы ты...
event01_33	You must stop the Erazor Djinn.	イレイザー・ジンを\nとめて欲しいんです	...detengas a Erazor el Yinn.	Du musst dem Erazor Djinn Einhalt gebieten.		Tu devi fermare Erazor Djinn.	Você precisa impedir o Erazor Djinn.	...detengas a Erazor, el Genio.	Ty musisz powstrzymać Erazora Dżina.	你必須阻止伊萊薩。	Erazor Cinini durdurmalısın.		...to stop Erazor Djinn.	...остановил Эрейзора Джинна.
event01_34	Only you, the blue hedgehog, can do it.	それができるのは\n「青いハリネズミ」あなただけです	El único que puede hacerlo eres\ntú, el """erizo azul""".	Nur du, der blaue Igel, bist dazu in der Lage.		Solo tu, il riccio blu, ci puoi riuscire.	Apenas você, o ouriço azul, é capaz.	Sólo tú, el erizo azul, puedes hacerlo.	Tylko ty, niebieski jeż, może to zrobić.	藍色刺蝟，只有你才能辦到。	Bunu ancak sen, mavi kirpi, başarabilirsin.		Only you, the """blue hedgehog,""" can do that.	Это под силу только синему ежу,\nто есть, только тебе!
event01_35	Hmm.	フン	¡Hum!	Hmm.		Hmm.	Hmm.	Jum.	Hm.	哼。	Hmm.			Хм.
event01_36	So this guy needs someone\nto put him in his place, does he?	ちょっとワガママな坊やと\n遊んでほしいってことか	Así que quieres que juegue un\nrato con ese """crío""" egoísta, ¿eh?	Dieser Typ braucht also jemanden, der\nihm 'nem Denkzettel verpasst, was?		Quindi a questo tipo gli serve qualcuno\nche gli faccia vedere dove sta il suo posto, non è così?	Então esse cara precisa entrar nos eixos, né?	Así que quieres que juegue\ncon un niñito malcriado, ¿eh?	Więc, gościowi brakuje kogoś,\nkto ustawi go na swoim miejscu, co?	所以這傢伙需要別人來\n教訓教訓他，是吧？	Yani bu adamın birinin onu yerine\nkoymasına ihtiyacı var, öyle mi?		So you want me to play\nwith some egotistic brat, huh?	То есть, мне надо поиграть с одним\nзазнавшимся эгоистом...
event01_37	I suppose I can help out with that.\nIt might even be fun.	ただ　助けるといっても	Aun así, en el fondo,	Schätze das lässt sich einrichten.\nVielleicht wird's sogar ganz witzig!		Immagino che potrei dare una mano.\n Potrebbe anche rivelarsi divertente.	Eu acho que posso ajudar, pode até ser divertido.	Pero, aunque quisiera ayudarte,	Niby mogę z tym pomóc.\nTo może być nawet fajne.	我想我幫得上忙喔。\n可能還很有趣呢。	Sanırım bu konuda yardımcı olabilirim.\nHatta eğlenceli bile olabilir.		I'd like to say I can help,	Мне, конечно, не трудно,
event01_38	But...this is all just something\nout of a storybook, right?	しょせんは本の中のできごとだろ？	todo esto ocurre dentro de un libro, ¿no?	Nur... Die ganze Sache spielt sich\ndoch in 'nem Buch ab, oder?		Ma...questa è tutta una storia\nda un libro di fiabe, giusto?	Mas... Isso tudo vem de um livro, certo?	todo eso es parte de un libro, ¿no?	Ale... to wszystko jest czymś\nz książki, racja?	但…這都是\n故事書裡的事，對吧？	Ama... bunların hepsi bir masal\nkitabından fırlamış gibi, değil mi?		But this is all happening in a book, right?	но ведь события происходят в книге.
event01_39	How am I supposed to do anything\nabout that?	どうすればいいんだ？	¿Cómo se supone que\nhe de ayudarte?	Wie soll ich da von hier aus helfen?		E allora, io che ci posso fare?	Como eu posso fazer algo a respeito disso?	¿Qué puedo hacer?	Jak mam cokolwiek z tym zrobić?	我該怎麼辦呢？	Bu konuda nasıl bir şey\nyapabilirim?		What should we do about that?	И что же нам делать?
event01_40	That's easy.	かんたんです	Es simple.	Ganz einfach.		È semplice.	É bem simples.	Es sencillo.	To proste.	很簡單。	Bu kolay.		That's simple.	Всё очень просто.
event01_41	You are my master, having called\nforth the Genie of the Ring.	リングの精である私は\n呼びだした人をご主人さまとし	Yo, la Genio del Anillo, tomo como\namo a aquel que me invoca	Du bist mein Meister, da du den\nDschinni des Rings beschworen hast.		Tu sei il mio maestro, avendo evocato\nil Genio degli Anelli.	Você é o meu mestre, aquele que\nme invocou como a Gênia do Anel.	Como espíritu del anillo,\nconsidero a quien me invoca mi amo	Zostałeś moim mistrzem,\nwzywając Dżinę Pierścienia.	在招喚出戒指精靈時，\n你就是我的主人了。	Sen benim efendimsin,\nYüzük Cinini çağırdın.		As the Genie of the Ring,\nwhoever summons me becomes my master,	Тот, кто меня вызывает,\nстановится моим господином.
event01_42	As such,\nI am able to grant your wishes.	その方の願いをかなえることが\nできるんです	y soy capaz de\nhacer sus deseos realidad.	Als solcher bin ich in der Lage,\ndeine Wünsche zu erfüllen!		Come tale,\nsono capace di esprimere i tuoi desideri.	Sendo assim, eu posso\nlhe conceder seus desejos.	y puedo concederle sus deseos.	Dzieki temu, jestem w stanie\nspełnić twoje życzenia.	因此，我能夠達成你的心願。	Bu nedenle dileklerini\nyerine getirebilirim.		And I can grant that person's wishes.	И я, как джинния, могу исполнять его желания.
event01_43	Simple wishes, at any rate.	かんたんな　願いに\n限られますけど…	Aunque solo puedo\nconceder deseos sencillos,	Einfache Wünsche zumindest.		Nonostante posso solo gestire desideri semplici,	Desejos simples, pelo menos.	Aunque sólo puedo conceder deseos sencillos,	W każdym razie, tylko te proste.	只要是簡單的願望都可以。	Basit dilekler bunlar, en azından.		Although I can only handle simple wishes,	Пусть я могу исполнить только простые желания,
event01_44	Bringing you into the world of the\nArabian Nights is within my power.	あなたをアラビアンナイトの世界に\nつれていくことぐらいはできます	puedo transportarte al mundo de\nLas mil y una noches sin problema.	Dich in die Welt von Tausendundeiner\nNacht zu bringen, liegt in meiner Macht.		I miei poteri permettono comunque\ndi portarti nel mondo delle Mille e una Notte.	Levar você para o mundo das Mil e Uma Noites\nestá ao meu alcance.	sin duda puedo llevarte al mundo de """Las mil y una noches""".	Jest to w mojej mocy, aby przenieść\nCię do świata Arabskich Nocy.	帶領你進入天方夜譚的世界\n也在我的能耐之中。	Seni Binbir Gece Masalları dünyasına götürmek benim elimde.		I can at least take you\nto the world of the Arabian Nights.	но переместить тебя в мир\n"""Тысячи и одной ночи""" мне под силу.
event01_45	What?! Inside that book?	えぇ！？　本の中に？	¿Qué? ¿Dentro de ese libro?	Was?! In das Buch?		Cosa?! Dentro a quel libro?	O quê!? Pra dentro do livro?	¡¿Qué?! ¿Dentro del libro?	Co?! Do środka tej książki?	什麼？！進入那本書？	Ne?! O kitabın içine mi?		Huh?! Inside the book?	Серьёзно? В книгу?
event01_46	Now please,\nplace the ring on your finger!	さぁ！\nこのリングを指にはめてください！	Primero,\nponte este anillo en el dedo	Bitte, steck den Ring\nnun an deinen Finger!		Ora, per favore,\nmettiti l'anello sul dito!	Agora por gentileza, coloque\no anel em seu dedo!	Ahora, ponte este anillo en el dedo.	Teraz, proszę,\nzałóż pierścień na swój palec!	請你現在戴上戒指！	Şimdi lütfen yüzüğü\nparmağına tak!		Now, put this ring on your finger!	Вот, надень на палец это кольцо!
event01_47	Like this?	…こうか？	... ¿Así está bien?	Etwa... so?		...Così?	Tipo... assim?	¿Así...?	O tak?	像這樣嗎？	Böyle mi?		...Like this?	А... вот так?
event01_48	OUCH!\nHey, take it easy!	ＯＵＣＨ！\nいててて	¡Ay! ¡Eso duele!	AUTSCH!\nHey, chill doch mal!		OW!\nHey, con calma!	AI! Ei, pega leve!	¡Auch! ¡D-Duele!	Auć!\nHej, wyluzuj!	好痛！嘿，下手輕一點嘛！	OUCH!\nHey, sakin ol!		OUCH!\nOw-ow-ow...	Ай!\nБольно!
event01_49	My apologies, O Master,\nbut now the contract has been sealed.	すみません　ご主人さま\nこれで契約は完了です	Mis más sinceras disculpas, amo.\nAhora el contrato está sellado.	Verzeihung, mein Meister.\nNun ist der Vertrag besiegelt.		Le mie scuse, maestro.\nora il contratto è stato firmato.	Perdão, ó Mestre.\nMas agora, o contrato está selado.	Lo siento, amo. El contrato ya está hecho.	Moje przeprosiny.\nOh Mistrzu, teraz umowa została zawarta.	主人啊，容我向你道歉，\n但現在契約已經生效了。	Özür dilerim, Efendim,\nama artık sözleşme imzalandı.		I am sorry, Master.\nThe contract has been made.	Извините, мой Господин.\nМы заключили контракт.
event01_50	Contract?	契約？	¿Eh? ¿Contrato?	Vertrag?		Contratto?	Contrato?	¿Contrato?	Umowa?	契約？	Sözleşme mi?			Контракт?
event01_51	Yes. As Master of the Ring,\nI am now bound to protect you.	そう　そして…　これで\nあなたをお守りすることもできます	Sí, así es.\nGracias a él podré protegerte.	Ja. Da du jetzt der Meister des Ringes bist,\nbin ich verpflichtet dich zu beschützen.		Si. Come Maestro dell'Anello,\nora sono portata a proteggerti.	Sim. Como Mestre do Anel, agora\ndevo lhe proteger.	Sí... Y ahora también puedo protegerte.	Tak. Jako Mistrz Pierścienia,\njestem teraz zobowiązana, by Cię chronić.	沒錯，我現在有義務要保護\n身為戒指主人的你。	Evet. Yüzüklerin Efendisi olarak,\nartık seni korumakla yükümlüyüm.		Yes... And thanks to it,\nnow I can protect you as well.	Да. И теперь, я смогу вас защищать.
event01_52	Now, rub the ring!	さぁ　リングをこすってください	Ahora, frota el anillo.	Nun, reibe an dem Ring!		Ora, strofina l'anello!	Agora, esfregue o anel!	Bien, frota el anillo, por favor.	Teraz, potrzyj pierścień!	現在摩擦戒指吧！	Şimdi yüzüğü ov!		Now then, please rub the ring.	А теперь потрите кольцо.
event01_53	Like...Like this?	これでいいのか？	¿Así?	...Meinst du etwa so?		Tipo... così?	Tipo... assim?	¿Así está bien?	W... taki sposób?	像… 像這樣嗎？	Tıpkı...Tıpkı böyle mi?		Will this do?	Так пойдёт?
event01_54	"""O Master of the ring, what is thy wish?"""	「なにがお望みでしょう？\nご主人さま　なんなりとご命令を」	"""A su servicio, mi amo.\nSus deseos son órdenes""".	"""Oh, Meister des Ringes,\nwie lautet dein Wunsch?"""		""Oh, Maestro dell'anello, qual'è il vostro desiderio?""	Ó, Mestre do Anel, qual é o seu desejo?	"""¿Qué es lo que desea, mi amo?\nSus deseos son órdenes"""	"""Oh Mistrzu Pierścienia,\njakie jest twoje życzenie?"""	「戒指之主啊，您有何願望？」	"""Ey Yüzüklerin Efendisi, dileğin nedir?"""		"""What do you wish for, my Master?\nI am at your command."""	Чего желаете, мой Господин?\nТолько скажите, и желание исполнится.
event01_55	Achoo!\nAchoo!	ヘックシュ\nヘックシュ	¡Achís!\n¡Achís!	Hatschi!\nHaaaaaatschi!		Achoo!\nAchoo!	Atchim! Atchim!	¡AH...chú! ¡Achú!	A psik!\nA psik!	哈啾！\n哈啾！	Achoo!\nAchoo!			Апчхи!\nАпчхи!
event01_56	How about a handkerchief for starters!\nMake that a few!	ハンカチをくれ！たくさん	Pues dame un pañuelo...\nNo; ¡muchos!	Ein paar Taschentücher wären echt nice.\nMüssen auch nicht viele sein.		Dammi qualche fazzoletto, per iniziare!\nAnzi, molti.	Que tal um lencinho pra começar?\nAlguns, na verdade!	Pañuelos... ¡Un bonchecito!	Może zacznijmy od hustki!\nA nawet ich kilka!	那我第一個願望要手帕！\n來多一點！	Başlangıç olarak bir mendile ne dersin!\nBirkaç tane!		Give me some hankies!\nLots of them.	Платочков бы.\nПобольше.
event01_57	Thanks! You're a lifesaver! You see,\nI caught this cold yesterday, and...	いやーマジたすかったぜ！\nじつは昨日から風邪ぎみで…	¡Uf!, ¡me salvas la vida!\nEs que llevo resfriado desde ayer y...	Danke! Bist echt 'ne Lebensretterin! Weißt du, ich hab\nmir gestern diesen fiesen Schnupfen eingefangen, und...		Phew, sei la mia salvatrice!, Vedi,\nMi sono preso questo raffreddore da ieri, e...	Valeu! Quebrou o galho!\nEu peguei um resfriado ontem, então...	¡Ah, me salvas la vida! La verdad, ayer me dio gripita...	Dzięki! Życie mi ratujesz!\nWidzisz, przeziębiłem się wczoraj i...	謝啦！你是我的救命恩人！\n因為我昨天感冒了，然後…	Teşekkürler! Hayat kurtardın! Bak,\ndün soğuk algınlığına yakalandım ve...		Phew, you're a real lifesaver! Actually,\nI've had this cold since yesterday, and...	Ах... Ты мне правда очень помогла!\nМеня вчера продуло, и...
event01_58	Please, be serious!!	マジメにやってください！！	¡¡Esto es serio!!	Bitte, bleib bei der Sache!		Per favore, sii serio!!	Por favor, leve isso a sério!	¡Por favor, tómalo en serio!	Proszę, bądż poważny!	能請你認真點嘛！！	Lütfen, ciddi ol!!		Take this seriously, please!!	Давай серьёзнее!
event01_59	Okay, okay.\nThanks for the hankies, though.	わかってるって\nハンカチぐらいいいだろ	Sí, lo sé, pero no pasa nada\npor pedir unos pañuelos, ¿no?	Okay, okay.\nTrotzdem danke für die Tempos!		Si, lo so.\nPerò grazie per i fazzoletti.	Ok, ok. Mas, valeu pelos lenços.	Lo sé. ¿Estuvo mal lo de los pañuelos?	Okej, okej.\nAle dzięki za husteczki.	好啦，好啦。\n不過手帕真的謝囉。	Tamam, tamam.\nAma mendiller için teşekkürler.		Yeah, I know.\nNothing wrong with a few hankies though, right?	Да, конечно.\nНо платочки же можно попросить!
event01_60	Oh please, someone tell me that\nthis isn't really happening...	もう…　まったく\nほんとうに大丈夫かしら…	¡Buf! Lo que hay que oír...\nA ver si sale todo bien...	Bitte, sag mir, dass das gerade\nnicht wirklich passiert...		Oh, per favore...\nqualcuno mi dica che non sta succedendo veramente...	Ah, por favor, alguém me diz que\nisso não está acontecendo.	¡Ash, me lleva...! ¿En serio es el indicado...?	Błagam, niech ktoś mi powie,\nże to się nie dzieje na serio...	拜託誰來把我捏醒…	Aman lütfen, biri bana bunun\ngerçekten olmadığını söylesin...		Oh, honestly...\nWill this actually work out...	Ох, что же будет...\nНадеюсь, всё получится.
event01_61	Alright, let's go!	じゃ　いくぜ	¡Venga!,	Alles klar... Dann mal los!		Va bene, Andiamo.	Beleza, vamos nessa!	Bueno, vamos.	Dobrze już, lećmy!	好啦，我們走！	Pekala, hadi gidelim!		All right, let's go.	Что ж, идём!
event01_62	Take me to this world of\nthe Arabian Nights!	オレをアラビアンナイトの世界に\n連れていってくれ！	¡llévame al mundo de\nLas mil y una noches!	Bring mich in diese Welt von\nTausendundeine Nacht!		Portami in questo mondo\ndelle Mille e una Notte!	Me leve para esse mundo das Mil e uma Noites!	¡Llévame al mundo de """Las mil y una noches"""!	Zabierz mnie do tego świata\nArabskich Nocy!	帶我去天方夜譚的世界！	Beni Binbir Gece Masalları\ndünyasına götür!		Take me to the world of\nthe Arabian Nights!	Перенеси меня в мир\n"""Тысячи и одной ночи"""!
event01_63	As you wish, Master!	わかりました　ご主人さま！！	¡¡Como usted desee, mi amo!!	Wie du wünschst, Meister.		Come desideri, Maestro!	Como quiser, Mestre!	¡A la orden, amo!	Jak sobie życzysz, mój panie!	如你所願，主人！	Siz nasıl isterseniz, Efendim!		Understood, Master!	Слушаюсь, мой Господин!
event01_64	Quit it, will you!	よせよ！	¡Deja eso de """amo"""!	Hey, bleib cool!		Dacci un taglio!	Corta essa, beleza?	¡Párale!	Przestań z tym, proszę Cię!	別再叫我主人了！	Bırak artık şunu!		Stop that!	Только давай без этого.
event01_65	My name's Sonic.\nSonic the Hedgehog!	オレはソニック！\nソニック・ザ・ヘッジホッグだ	Yo soy """Sonic"""...\n¡Sonic el Erizo!	Mein Name ist Sonic.\nSonic der Igel!		Il mio nome è Sonic.\nSonic il Riccio.	Meu nome é Sonic! Sonic o Ouriço!	Soy Sonic. ¡Sonic, el Erizo!	Mam na imie Sonic.\nJeż Sonic!	我的名字叫索尼克。\n刺蝟索尼克！	Benim adım Sonic.\nKirpi Sonic!		I'm Sonic!\nSonic the Hedgehog!	Меня зовут Соник!\nЁжик Соник!
event01_66	Very well then, Sonic.	わかりました　ソニック	Ya veo.\nConque Sonic...	Nun gut, Sonic.		Molto bene, Sonic.	Muito bem, Sonic.	Entendido, Sonic...	W porządku więc, Sonic.	好吧，索尼克。	Pekala o zaman, Sonic!		Understood, Sonic!	Слушаюсь, Соник.
event01_67	...The legendary hedgehog.	…伝説のハリネズミ	...El legendario erizo.	...Der legendäre Igel.		...Il riccio leggendario.	...O Lendário Ouriço...	...el Erizo... de la leyenda.	... Legendarny jeżu.	…傳說中的刺蝟。	...Efsanevi kirpi.			...легендарный ёж.
event01_68	Here we go!\nInto the world of the Arabian Nights!	ではいきますよ！\nアラビアンナイトの世界へ	¡Dirijámonos al mundo de Las mil y una noches!	Auf geht's! In die Welt von\nTausendundeine Nacht!		Adesso, andiamo nel\nmondo delle Mille e una Notte!	Vamos lá! Para o mundo das Mil e uma Noites!	Hora de partir...\n¡al mundo de """Las mil y una noches"""!	Dobrze więc!\nDo świata Arabskich Nocy!	走囉！進入天方夜譚的世界！	İşte gidiyoruz!\nBinbir Gece Masalları dünyasına!		Now then, let us go into\nthe world of the Arabian Nights!	Итак, отправляемся в мир\n"""Тысячи и одной ночи"""!
event01_69	OK!	ＯＫ	¡OK!	OK!		OK!	Ok!	Okey.	Okej!	OK！	TAMAM!		OK.	Отлично!
event01_70	Now THIS is first-class!	ファーストクラスでたのむぜ！	¡Llévame en primera clase!	Na, das nenn' ich doch\nmal """Business-Class"""!		Questa si che è prima classe!	Isso sim é primeira classe!	¡Esto sí es primera clase!	No, i TO jest pierwsza klasa!	這才叫頭等艙嘛！	İşte BU birinci sınıf!		First-class, please!	Первым классом, пожалуйста!
event01_71	Here we go!!	Ｈｅｒｅ　Ｗｅ　Ｇｏ！！	¡¡Allá vamos!!	Ab die Post!!		Andiamo!!	Vamos nessa!	¡Aquí vamos!	Lecimy!	我們走！	İşte gidiyoruz!			Ну, вперёд!
														
event02_name	Erazor Appears	世界を刈りとる者と書きこまれた者	Aparece Erazor	Erazor erscheint	Erazor apparait !	Appare Erazor	Erazor Surge	El segador del mundo y aquel del que se escribió	Erazor Nadchodzi	伊萊薩現身	Erazor Görünüyor		The World's Reaper and the One Who is Written	Тот, кто стирает мир,\nи тот, кого в него вписали.
event02_1	Okay, so who's this guy who's trying\nto make the world disappear again?	この世界を消そうとしているヤツ\nだれだっけ…	¿Quién dijiste que era el tipo que\nquiere borrar este mundo?	Okay, also wer ist nochmal der Kerl,\nder diese Welt auslöschen will?		Okay, quindi chi è questo tipo che sta cercando\ndi far scomparire il mondo?	Beleza, quem é esse cara que tá tentando \nfazer o mundo desaparecer mesmo?	¿Quién es el que está intentando borrar este mundo?	Dobra, więc kim był ten gościu\nco chciał wymazać świat?	所以你說要消滅這個世界的傢伙叫什麼來著？	Peki, dünyayı tekrar yok etmeye çalışan bu adam kim?		Who's this guy trying\nto erase this world, again?	А тот, кто пытается стереть этот мир...\nКак там его?
event02_2	You mean the Erazor Djinn?	イレイザー・ジンのことですか？	¿Preguntas por Erazor el Yinn?	Du meinst... den Erazor Djinn?		Intendi Erazor Djinn?	Você quer dizer o Erazor Djinn?	¿Hablas de Erazor, el Genio?	Masz na myśli Erazora Dżina?	你是說伊萊薩嗎？	Erazor Cini mi kastediyorsun?		You mean Erazor Djinn?	Ты об Эрейзоре Джинне?
event02_3	Yeah, that's right.\nCan you take me to him?	そう　ソイツのところまで\nこのまま運んでくれ	Sí, ese.n\Llévame hasta él.	Ja, genau den.\nKannst du mich zu ihm bringen?		Si, esatto.\nPuoi portarmi da lui?	É, isso mesmo. \nVocê pode me levar até ele?	Ese mero. Llévame a dónde se encuentra.	Ta, dokładnie.\nMożesz mnie do niego zabrać?	對，就是他。你能帶我去找他嗎？	Evet, doğru.\nBeni ona götürebilir misin?		Yeah. Take me to where he is.	Да. В общем, доставь меня прямо к нему.
event02_4	There is no need.	…その心配は無用のようです	...Parece que no será necesario.	Das ist gar nicht nötig...		Non ce n'è bisogno.	Não será necessário.	Parece que eso no será necesario.	Nie ma takiej potrzeby.	沒有那個必要。	Gerek yok.		...Seems like there's no need\nto worry about that.	В этом нет особой необходимости.
event02_5	Whaddya mean?	なんだって?	¿Qué quieres decir?	Was meinst du?		In che senso?	Como assim?	¿Cómo dices?	W sensie...?	什麼意思？	Ne demek istiyorsun?		Come again?	В смысле?
event02_6	He's here!!	きました！！	¡Ha venido hasta aquí!	Er ist hier!!		È qui!	Ele está aqui!!	¡Está aquí!	Jest tutaj!	因為他來了！！	O burada!!		He's here!	Он здесь!
event02_7	What's that all about...\nTalk about close shaves...	オイオイ\nひげそりなら間にあってるんだよ	¡Oye! Si querías afeitarme la barba,\nque sepas que no hace falta.	Was geht denn jetzt ab?!\nDas nenne ich mal haarscharf...		Qual'è il suo problema? Per un pelo...	O que foi isso? \nQuer cortar o meu barato?	¡Vaya, esa sí que es una navaja!	No co jest...\nnie prosiłem się o fryzjera...	搞什麼啊…真是千鈞一髮…	Bu da neyin nesi...\nUcuz atlattık resmen...		Well, well! Perfect timing for a shave, huh?	Эй-эй, вообще-то я сегодня уже брился!
event02_8	Maybe you know where I could get\nmy quills sharpened, too?	トゲそりなら　なおのこと…	Aún menos si era por las púas; ¿o te parece que no están afiladas?	Hast du eine Ahnung, wo ich auch\nmeine Stacheln geschärft kriege?!		Magari sai anche dove posso\nfarmi affilare gli aculei?	Sabe dizer onde posso afiar meus espinhos?	¡Espero que sirva en púas!	Ale może wiesz gdzie mógłbym\nnaostrzyć swoje kolce?		Belki kalemlerimi nerede\nbiletebileceğimi de biliyorsundur?		It'd be great if you can sharpen my quills too...	И иглы наточить тоже успел...
event02_9	Sonic!\nThat's him!	ソニック！\nカレです…	¡Sonic! Es él...	Sonic!\nDas ist er!		Sonic!\nÈ lui!	Sonic!\nÉ ele!	¡Sonic! Es él...	Sonic! To on!	索尼克！就是他！	Sonic!\nBu o!			Соник! Это он...
event02_10	He's the evil spirit who is striking\nthe words of our world from the pages!	この世界から文字を消しさり\n物語のページを刈りとるマジン！	¡El genio que se está deshaciendo de las letras y\nlas páginas de las historias de este mundo!	Das ist der bösartige Geist, der die Worte\naller Welten aus den Seiten entfernt!		Lui è lo spirito malvagio che sta attaccando\nle parole del nostro mondo da dentro le pagine!	Ele é o espirito maligno que está\napagando as palavras das paginas do nosso mundo!	¡El majin que borra las letras de este mundo\ny arranca las páginas de sus historias!	On jest złym duchem który atakuje\nsłowa ze stron naszego świata!	把文字從這世界抹除的邪惡精靈就是他！	O, dünyamızın kelimelerini\nsayfalardan silen kötü ruh!		The genie erasing the words from this world\nand reaping the story's pages!	Злой дух, стирающий буквы\nи поглощающий силу книги!
event02_11	You...you must be that blue rat that\njust got added to the story...	お前か…　物語に書きこまれた\nあらたな青いネズミとやらは…	Así que esa tal "rata azul" que se\nha añadido a la historia... eres tú.	Du...! Du musst diese blaue Ratte sein, die\nso eben der Geschichte hinzugefügt wurde.		Tu...tu devi essere quel ratto blu che\nè appena stato aggiunto alla storia...	Você... você deve ser aquele rato azul\nque foi adicionado à história...	Tú... Esa rata azul que acaba de añadirse a la historia.	Ty... Ty musisz być tym niebieskim szczurem\nktórego dodano do powieści...		Sen... sen hikayeye yeni eklenen o\nmavi fare olmalısın...		So, is it you...?\nThe blue rat who was just added to the story...	А ты, значит, та самая синяя крыса,\nкоторую добавили в эту книгу?
event02_12	Don't you know anything?	みてわかるだろ？	¿Tú estás ciego?	Lebst du etwa hinter'm Mond?!		Non sai proprio nulla?	Você é cego ou o quê?	¡Fíjate bien!	Ślepy jesteś?	你什麼都不知道嗎？	Hiçbir şey bilmiyor musun?		Can't you see?	Ты слепой, что ли?
event02_13	I'm not a rat!\nI'm a hedgehog.	ネズミじゃない\nハリネズミだ	No soy una rata. ¡Soy un erizo!	Ich bin keine Ratte!\nSondern ein Igel!		Non sono un ratto!\nSono un riccio.	Eu não sou um rato!\nSou um ouriço.	¡No soy una rata!\n¡Soy un erizo!	Nie jestem szczurem!\nJestem jeżem.	我是刺蝟！才不是什麼老鼠！	Ben bir fare değilim!\nBen bir kirpiyim.		I'm not a rat. I'm a hedgehog.	Я не крыса!\nЯ ёж!
event02_14	Ahaha!\nI am Erazor Djinn!	ふふふ\nわが名は　イレイザー・ジン	Je, je, je.\n¡Me llamo Erazor el Yinn!	Ahaha!\nIch bin Erazor Djinn!		Ahaha!\nIo sono Erazor Djinn!	Ahaha!\nEu me chamo Erazor Djinn!	Ja, ja, ja, ja, ja... Soy Erazor, el Genio.	Ahaha!\nZwą mnie Erazor Dżin!		Ahaha!\nBen Erazor Cin!		Heheheh. My name is Erazor Djinn.	Ха-ха-ха!\nМеня зовут Эрейзор Джинн.
event02_15	I am the one who shall carve up\nthis world as I see fit.	この世界を刈りとる者	Soy quién siega este mundo.	Ich werde diese Welt so zerstückeln,\nwie ich es für richtig halte!		Sono colui che scolpirà questo mondo\na mio piacimento.	Sou eu quem irá ceifar\neste mundo como bem entender.	El segador de este mundo.	Ja będę tym, który wyrzeżbi ten świat\nw sposób jaki tylko zechcę.		Bu dünyayı dilediğim gibi\nşekillendirecek olan benim.		The one who reaps this world.	И я собираюсь поглотить этот мир.
event02_16	Yeah...well if you're going to do that,	よせよ	¡Espera!	Tja, nun... Schön für dich.		Si...beh se lo devi fare,	É… bom, se você vai fazer isso,	Detente.	Jasne... cóż,\njeśli już nie zmienisz zdania,		Evet... madem öyle yapacaksın,		Stop it.	Не стоит.
event02_17	Can you at least wait until\nI'm done reading it, first?	やるなら\nオレが読みおわってからにしろって	Si te vas a deshacer de este mundo,\n¿no podrías esperar a que acabe de leerlo?	Aber könntest du damit noch warten,\nbis ich fertig mit Lesen bin?		Puoi almeno aspettare\nfino a che non ho finito di leggere?	Dá pra pelo menos esperar eu terminar de ler o livro?	Si vas a hacerlo, ¿podrías esperar\na que termine de leerlo?	Możesz najpierw poczekać\naż skończe czytać?		En azından ben okumayı bitirene\nkadar bekleyebilir misiniz? 		If you're gonna do it,\ndo it after I finish reading.	Хотя ладно, но дай я сначала всё дочитаю.
event02_18	Sonic...	ソニック…	Sonic...	Sonic...		Sonic...	Sonic...	Sonic...	Sonic...	索尼克...	Sonic...			...Соник.
event02_19	One hundred of the One Thousand	すでに　千夜一夜の	Ya he cosechado las letras de	Einhundert der Tausendundeinen Nacht		Cento delle Mille e una Notte	Cem das Mil	¡Ya coseché cien noches	Sto z Tysiąca	天方夜譚的一百個故事	Bin kişiden yüzü		From the One Thousand and One Nights,	Я уже стёр буквы из ста ночей
event02_20	and One Nights have already\nbeen wiped clean!	百夜ほど文字を刈りとった	cien noches de entre mil y una!	wurden bereits vollständig ausradiert.		sono già\nstate completamente ripulite!	e Uma noites já foram apagadas!	de """Las mil y una noches"""!	i Jednej Nocy już zostały\nwymazane!	已經被我消滅了！	ve Tek Gecelik oyunlar çoktan silindi!		The words of One Hundred Nights\nhave already been harvested.	в книге """Тысяча и одна ночь""".
event02_21	And soon, the rest shall join them,\nnight by night.	これから　徐々に\n残りの話もすべて刈らせてもらう	Es cuestión de tiempo que desaparezcan\ntodas las historias que quedan.	Und der Rest wird sich ihnen anschließen,\nNacht für Nacht!		E presto, il resto si unirà ad esse,\nnotte a notte!	E em breve, as demais se juntarão a elas,\nnoite após noite.	Poco a poco cosecharé el resto de los cuentos.	A niebawem, reszta dołączy do nich,\nnoc po nocy.	很快地，剩餘的故事也會加入它們的行列，\n一夜接著一夜。	Ve çok geçmeden, geri kalanlar da\nonlara katılacak, gece gece.		And I will continue harvesting \nthe remaining stories.	И я продолжу своё дело, пока не сотру\nвсё, до последней буквы.
event02_22	And then, with the seven World Rings...	あとは　7つの「世界リング」が\nあれば…	Luego, cuando me haga con los\nsiete Anillos Secretos...	Und schließlich,\nwerde ich mit den sieben Weltenringen...		E poi, con i sette Anelli del Mondo...	E então, com os sete Anéis do Mundo...	Solo me falta encontrar los siete Anillos mundiales.	Wtedy...\nZ Siedmioma Pierścieniami Świata...		Ve sonra, yedi Dünya Yüzüğü ile...		After that, I just need the seven World Rings...	Мне необходимо заполучить\nсемь Мировых колец...
event02_23	Seven World Rings?	7つの世界リング?	¿Los siete Anillos Secretos?	Mit den sieben Weltenringen?		Sette Anelli del Mondo?	Sete Anéis do Mundo?	¿Siete Anillos mundiales?	Siedem Pierścieni Świata?		Yedi Dünya Yüzüğü mü?			Семь Мировых колец?
event02_24	You have gathered the seven World\nRings for me, have you not,	7つの世界リングをワタシのために\n集めているのではなかったのかな？	¿No se supone que los estabas\nreuniendo por mí,	Du hast doch bestimmt die sieben\nWeltenringe für mich beschafft,		Hai raccolto tutti i sette Anelli del Mondo,\nnon è vero,	Você reuniu os sete Anéis do Mundo\npara mim, não é mesmo,	¿No estabas reuniendo los siete Anillos mundiales para mí,	Zebrałaś już dla mnie\nSiedem Pierścieni Świata, zgadza się		Yedi Dünya Yüzüğünü benim için topladın, değil mi		Were you not gathering\nthe seven world rings for me?	И эти Мировые кольца...\nдолжна была собрать для меня ты...
event02_25	Shahra, my dear?	シャーラ	Shara?	oder etwa nicht, Shahra, meine Liebe?		Shahra, mia cara?	Shahra, minha querida?	Shahra?	Shahra, moja droga?		Shahra, canım?		Shahra?	Не так ли, Шахра?
event02_26	Are you still going on about that?	まだ　いっているの？	¿Aún sigues con eso?	Beschäftigt dich das etwa immer noch?		Sei ancora fissato su quello?	Você ainda está falando disso?	¿Sigues con eso?	Dalej o tym bredzisz?		Hâlâ bundan mı bahsediyorsun?		Are you still asking about that?	Сколько можно повторять?
event02_27	I told you, those things don't even exist!	そんなものはこの世界には　ないし	Ni siquiera existe tal cosa\nen este mundo y, 	Wie gesagt, diese Ringe existieren nicht einmal!		Te l'ho detto, quei cosi non esistono nemmeno!	Eu já te disse, essas coisas nem existem!	¡No existen tales cosas en este mundo,	Mówiłam Ci,\nte Pierścienie nawet nie istnieją!		Sana söylemiştim, o şeyler zaten yok!		Those things don't exist in this world,	В этом мире их не существует.
event02_28	And even if they did, I'd never give them to you!	あっても　あなたには渡さないわ	aunque lo hiciera,\n¡jamás te los daría!	Und selbst wenn sie es täten,\nwürde ich sie dir niemals geben!		E anche se esistessero, non li darei mai a te!	E mesmo que existissem, eu nunca os daria a você!	y aunque existieran, no te las daría!	A jeśli by istniały,\ni tak bym Ci ich nie dała!		Ve öyle olsalar bile, onları asla sana vermezdim!			А будь иначе, я бы тебе их не отдала!
event02_29	Oh? Wouldn't you, though?	それは　本心ではあるまいな?	En realidad no piensas eso...\n¿Verdad?	Oh? Würdest du also nicht?		Oh, non lo faresti, eh?	Oh? Será mesmo, é?	No creo que realmente pienses eso.	Hm? Jesteś tego pewna?		Öyle mi? Ama sen de öyle yapmaz mıydın?		You don't truly mean that, do you?	Мне кажется, что ты обманываешь меня.
event02_30	...	…	...	...		...	...	...	...		...			...
event02_31	I suppose a suitable punishment is in order, then...	どうやら　相応の罰が必死のようか…	Parece ser que he de castigarte\ndebidamente...	Ich schätze, dann ist wohl eine\npassende Strafe angebracht...		Suppongo che è necessaria una punizione adeguata, allora...	Então creio que um castigo adequado será necessário…	Parece que corresponde un castigo adecuado...	W takim razie należy się\nwydanie odpowiedniej kary...		O halde uygun bir ceza verilmesi gerekiyor sanırım...		Looks like a suitable punishment is in order...	Похоже, тебя стоит наказать за твою ложь.
event02_32	Look out!!	！！	¡Eh!	Pass auf!!		Attento!!	Cuidado!!	Ugh...	Uważaj!		Dikkat et!!		!!	Ха?!
event02_33	Ugh!	ぐわぁあ	¡Agh!	Ugh!		Ugh!	Ugh!	¡Guau!	Agh!		Ugh!		Gwah!	А-а-а-а!
event02_34	Sonic!	ソニック！	¡¡Sonic!!	Sonic!		Sonic!	Sonic!	¡Sonic!	Sonic!		Sonic!			Соник!
event02_35	Aha...hahaha. So, this is how\nJudgment is dealt, is it?	ほう…\n「さばき」はそちらに下ったか	Vaya... Así que la """Flecha del Juicio"""\nse ha clavado en ti.	Aha...hahaha. So kann ein Urteil\nauch gefällt werden, nicht wahr?		Aha...hahaha. Quindi, è cosi che\nviene emessa la sentenza, non è così?	Aha...hahaha.\nEntão é assim que o castigo foi aplicado, né?	¿Oh? Así que el juicio cayó sobre ti.	Aha... Hahaha.\n Więc, tak wydawany jest wyrok, zgadza się? 		Aha...hahaha. Demek yargılama böyle yapılıyor?		Ho...So the Judgement has been dealt to you, has it?	О-о-о!\nКара настигла тебя, а не её...
event02_36	Hmmm. This should be interesting.	まぁ　それも　面白かろう…	Je, también es un resultado interesante...	Hmm. Das könnte sich als interessant erweisen.		Hmmm. Dovrebbe essere interessante.	Hmmm. Isso será interessante.	Eso suena interesante.	Hmm...\nTo powinno być interesujące.		Hım. Bu ilginç olacak gibi görünüyor.		Well, that could also be interesting...	Но так даже интереснее!
event02_37	You listening?	いいか？	Presta atención.	Noch anwesend?		Stai ascoltando?	Está ouvindo?	Escucha.	Słuchasz ty mnie?		Dinliyor musunuz?		Listen up.	Слушай внимательно.
event02_38	Bring me the seven World Rings before\nthe arrow of flame extinguishes.	その矢の炎が消えるまでに\n7つの世界リングを探してこい	Encuentra por mi los siete Anillos Secretos\nantes de que la llama en tu pecho se extinga.	Bring mir die sieben Weltenringe,\nbevor der Flammenpfeil erlischt.		Portami i sette Anelli del Mondo prima\nche la freccia della fiamma si spenga.	Traga-me os sete Anéis do Mundo antes que\na flecha de chamas se apague.	Encuentra por mí los siete Anillos mundiales antes de que se apague la llama de esa flecha.	Przynieś mi wszystkie Pierścienie Świata\nzanim strzała ognia wygaśnie.		Alev oku sönmeden önce bana yedi Dünya Yüzüğünü getirin.		Go find the seven World Rings before\nthat flame arrow extinguishes.	Принеси мне все семь Мировых колец\nдо того, как погаснет пламя стрелы.
event02_39	If you do not...	でなければ…	De lo contrario...	Tust du es nicht...		Se non lo fai...	Caso contrário…	Si fallas...	W innym razie...		Eğer yapmazsanız...		Otherwise...	Иначе...
event02_40	!?	！？	¡Hum!	?!		!?	!?	Ugh...	!?		!?			?!
event02_41	...your life is forfeit.	お前の命はない	...pagarás con tu vida.	...ist dein Leben verwirkt.		...la tua vita arriverà alla sua fine.	...sua vida estará perdida.	...tu vida acabará.	... oddasz mi swoje życie.		...hayatınız tehlikede.			Ты встретишь свою смерть.
event02_42	Next, I think I shall collect\nthe life of King Shahryar...	さて次は　シャフリヤール王の命\n刈らせてもらおう…	Dicho eso, ahora es menester cosechar\nla vida del sultán Shahriar...	Ich denke, als Nächstes lösche ich\ndas Leben von König Shahryar aus.		Ora, penso che dovrei collezzionare\nla vita del Re Shahryar...	Agora, acho que irei tomar\na vida do Rei Xariar...	Ahora, iré a cosechar la vida del sultán Shahriar.	Teraz, sądzę, że odbiorę\nżycie Królowi Shahryarowi...		Sonraki adımda, Kral Şahryar'ın\nhayatını almayı düşünüyorum...		Next, I shall harvest\nthe life of King Shahryar...	А сейчас... я пойду и заберу жизнь\nцаря Шахрияра!
event02_43	The king is the creator of\nthe Arabian Nights	王はアラビアンナイトの創造主	¡El rey es el creador de\nLas mil y una noches	Der König ist der Schöpfer von\nTausendundeine Nacht		Il re è il creatore delle\nMille e una Notte	O rei é o criador das\nMil e Uma Noites	El sultán creó """Las mil y una noches""".	Król jest twórcą Arabskich Nocy	國王是天方夜譚的作者，	Binbir Gece Masalları'nın\nyaratıcısı kraldır			Ох... Этот царь написал\n"""Тысячу и одну ночь""",
event02_44	and the main character of the story!	この世界の中心人物です！！	y la figura central de este mundo!	und der Hauptcharakter in der Geschichte!		e il personaggio principale della storia!	e o personagem principal da história!	¡Es la figura central de este mundo!	Oraz główną postacią opowieści!	也是這個故事的主角！	ve hikayenin baş karakteri!		And the central figure of this world!	а он ключевой герой этого мира!
event02_45	With my speed, we'll just have to\nmake sure we get to him first!	このオレとスピード勝負かい！\nいい度胸だ！　抜いてやるぜ！	¿Me está retando a una carrera?\n¡Hay que tener agallas! ¡Morderá el polvo!	Mit meinem Speed müssen wir einfach\nvor Erasor bei ihm ankommen!		Con la mia velocità, dobbiamo solo\nassicurarci che arriviamo da lui prima noi!	Com a minha velocidade, só precisamos garantir\nque chegaremos até ele primeiro!	¿Quiere competir en velocidad conmigo?\nQué agallas. ¡Ya verá!	Z moją prędkością musimy się tylko martwić\nnad dojściem do niego pierwsi!		Benim hızımla, ona ilk biz\nulaşmamız gerekecek!		He wants to challenge my speed?\nHe's got some nerve. I'll show him!	Решил погоняться со мной, значит?\nКаков храбрец! Я ему покажу!
														
event03_name	The King is Found!	ツボのなかの国王と青いトゲトゲ	El Sultán en el Jarrón	Der König ist gefunden!		Il Re è stato Trovato!	O Rei é Encontrado!	El sultán en el jarrón y el espinoso azul	Król Odnaleziony!	找到國王！	Kral Bulundu!		The King in the Jar and the Spiky Blue	Царь из кувшина\nи синий с шипами!
event03_1	Where is he?\nAre we too late?	先をこされた？\nハン　まさかな？	¿Se nos habrá adelantado?\n¡Ja, ni en sueños!	Wo ist er?\nSind wir zu spät?		Dov'è?\nSiamo arrivati troppo tardi?	Cadê ele?\nChegamos tarde demais?	¿Me ganó? ¡Ja! ¡Ni en sus sueños!	I gdzie on jest?\nNie ma mowy że się spóżniliśmy.		O nerede?\nÇok mu geç kaldık?		Did he beat us here? Ha, no way.	Мы что, опоздали?\nХа, да быть не может!
event03_2	!?	！？	¿¡Eh!?	?!		?!	!?	¡¿?!	!?	！？	!?			?!
event03_3	What's Dr. Eggman doing here?!	なんで　Ｄｒ．エッグマンが…	¿Que pinta aquí el Doctor Eggman?	Was hat Dr. Eggman hier verloren?!		Che ci fa il Dottor. Eggman qui?!	O que o Dr. Eggman tá fazendo aqui?!	¡¿Por qué siempre es el Dr. Eggman?!	Co tu robi Dr. Eggman?!	為什麼蛋頭博士在這裡……？	Dr. Eggman burada ne yapıyor?!		Why's Dr. Eggman here...?	Откуда здесь Доктор Эггман?
event03_4	Aha! I knew it! This is all another\none of your schemes!	ハハーン　今度もお前のしわざって\nわけかい！！	¡Aja! Así que estabas detrás de\nesto una vez más, ¿eh?	Aha! Wusste ich's doch!\nDas ist nur wieder eine deiner garstigen Gaunereien!		Aha! Lo sapevo! Questo è solo un'altro\ndei tuoi schemi!	Aha! Eu sabia! Isso tudo é\nmais um dos seus planos!	Ja, ja. Así que este es otro de tus planes.	Aha! No tak!\nTo wszystko to jeden z twoich planów!	哈哈，我就知道這次又是你幹的對吧！	Aha! Biliyordum! Bu da senin\nbaşka bir oyununmuş!		Hahah, so this is your doing again, huh?	Ха-ха, куда ж без твоих делишек?
event03_5	What is the meaning of this?\nI am Shahryar, king of this land!	なんのことじゃ！　ワシは\nこの国の王シャフリャールじゃぞ！	¿¡De que diantres habláis!?\n¡Yo soy Shahriar, sultán de estas tierras!	Was hat das zu bedeuten?\nIch bin Shahryar, und König dieser Lande!		Che cosa significa?\nIo sono Shahryar, Re di questa terra!	Do que você está falando?\nEu sou Xariar, o rei desta terra!	¡Qué sinsentido! ¡Yo soy Shahriar,\nel sultán que gobierna estas tierras!	Co to ma znaczyć?\nJestem Shahryar, królem tej ziemi!		Bu da ne demek oluyor?\nBen Shahryar, bu ülkenin kralı!			О чём это ты?\nЯ царь этой страны, царь Шахрияр!
event03_6	Eggman, what are you up to this time?	…エッグマン　今度は　いったい\n何を　たくらんで…	...Eggman, ¿a qué viene todo esto?	Eggman, was brütest du diesmal aus?		Eggman, cosa hai intenzione di fare stavolta?	Eggman, o que você tá aprontando dessa vez?	Eggman, ¿qué pretendes ahora...?	Eggman, co ty znowu knujesz?	蛋頭博士，你這次又想幹嘛了？	Eggman, bu sefer neyin peşindesin?			Эггман, что ты замышляешь на этот...
event03_7	Sonic, wait!\nYou're making a mistake!	まってソニック！	¡Espera, Sonic!	Sonic, warte!\nHier liegt ein Irrtum vor!		Sonic, aspetta!\nStai facendo uno sbaglio!	Sonic, espera!\nVocê está se confundindo!	¡Espera, Sonic! ¡Este hombre es quien dice!	Sonic, zaczekaj!\nTo jakaś pomyłka!	索尼克，等等！	Sonic, bekle!\nBir hata yapıyorsun!		Wait, Sonic!	Соник, подожди!\nИменно его мы и искали!
event03_8	This is him.\nThis is King Shahryar!	その人は本物　私たちの\n探していたシャフリヤール王よ！	¡Es cierto! ¡Él es el sultán Shahriar,\nel que estábamos buscando!	Das ist er.\nDas ist König Shahryar!		È lui.\nLui è il Re Shahryar!	É ele.\nEsse é o Rei Xariar!	¡Es el sultán Shahriar que estamos buscando!	To jest on.\nTo jest Król Shahryar!	這就本人啊，他就是我們在找的國王喔！	Bu o.\nBu Kral Shahryar!		This is King Shahryar,\nthe person we've been looking for!	Он - настоящий царь Шахрияр!
event03_9	Really?!	Ｒｅａｌｌｙ？	¿¿En serio??	Echt jetzt?!		Sul serio?!	Sério?!	¡¿En serio?!	Serio?!	Ｒｅａｌｌｙ？	Gerçekten mi?		Really?	Серьёзно?!
event03_10	Such insolence! Guards!\nSeize this blue spiky thing at once!	なんたる無礼なヤツじゃ！　ええい誰か\nこの青いトゲトゲをひっとらえい！	¡Mocoso insolente! ¡Que alguien arreste\na ese bichejo azul y pinchudo!	Welch Unverfrorenheit! Wachen!\nErgreift dieses blaue Nadelkissen auf der Stelle!		Che insolenza! Guardie!\nCatturate subito questa cosa spinosa e blu!	Quanta insolência! Guardas!\nPrendam essa coisa azul espinhosa imediatamente!	¡Vaya sujeto más insolente!\n¡Alguien, agarre a este espinoso azul!	Cóż za bezczelność! Straż!\nŁapcie to kolczaste coś, natychmiast!	真是個無禮之徒！誰快來逮捕這隻藍色刺刺的傢伙！	Ne küstahlık! Muhafızlar!\nŞu mavi dikenli şeyi hemen yakalayın!		What insolence!\nGrr, somebody arrest this blue spiky thing!	Какой грубиян! Эй, кто-нибудь,\nсхватите этого синего с иголками!
event03_11	Where are your men, Your Highness?	王様　つかいのものたちは？	Majestad,\n¿dónde están sus subordinados?	Wo sind Eure Männer, Eure Hoheit?		Dove si trovano i vostri servitori, Vostra Altezza?	Onde estão os seus homens, Vossa Alteza?	Majestad, ¿y su gente?	Wasza wysokość, gdzie jest pańska ochrona?	國王陛下，你的手下去哪了呢？	Majesteleri, adamlarınız nerede?		Your Highness, where are your servants?	Ваше Величество, а где ваша прислуга?
event03_12	Oh, that's right...let me explain.	そうじゃった…	Ah, cierto...	Oh, da war ja was...\nLasst mich erklären.		Ah, giusto... Lascia che ti spieghi.	Ah, verdade... deixe-me explicar.	Cierto.	Ah, racja. Pozwól, że wyjaśnię.	啊，對了……	Ha, doğru ya... açıklayayım.		Oh, that's right...	Ах, да, точно...
event03_13	When the evil spirits appeared out\nof nowhere, everyone turned and ran.	突然　城下に凶暴なマジン共があらわれて\nみな　連れさられてしもうたのじゃ	Unos espíritus malignos aparecieron repentinamente en\nla ciudad e hicieron desaparecer a todo el mundo.	Als die bösen Geister wie aus dem Nichts auftauchten,\nhaben sich alle aus dem Staub gemacht.		Quando gli spiriti malvagi sono apparsi\ndal nulla, tutti sono subito scappati.	Quando os espíritos malignos surgiram do nada,\ntodos fugiram em pânico.	De pronto, una horda de violentos majin\naparecieron en el palacio y secuestraron a todos.	Gdy złe duchy pojawiły się znikąd,\nwszyscy się wzieli i zwineli.	城裡突然出現了凶暴的精靈，\n然後它們把大家全都抓走了。	Kötü ruhlar birdenbire ortaya\nçıkınca herkes dönüp kaçtı.		Some ferocious genies suddenly appeared\nin the castle and took everybody away.	Неожиданно во дворец ворвались\nзлые духи. Они похитили всех,
event03_14	And I was stuck having to hide in that jar.	ワシはとっさの機転でツボの中に…	Yo reaccioné a tiempo y me\nescondí en un jarrón...	Und ich sah mich gezwungen,\nmich in diesem Krug zu verkriechen.		E io mi sono ritrovato costretto\na nascondermi dentro a quel vaso. 	E eu fiquei preso tentando me esconder naquele jarro.	En ese instante me escondí en el jarrón.	A ja mogłem tylko schować się w tym słoju.		Ve ben o kavanozun içinde saklanmak zorunda kaldım.		In the spur of the moment, I quickly hid myself in a jar...	а я блеснул умом и спрятался в кувшин...
event03_15	Noooo!\nHelp meeee!	ノワアアー！！\nたすけてくれぃ	¡Aaaaaaaaaaah!\n¡Socorroooooo!	Neeeein!\nZu Hilfe!		Noooo!\nAiutatemi!	Nãããooo!\nSocorrooooo!	¡Aaaaah...! ¡Sálvenme...!	Nieeee!\nPomocyyyy!	哇啊啊！！救命啊！	Hayııııır!\nBana yardım ediiiin!		Waaahh! Help me!	Помогите!
event03_16	Hmph!	フン…	Je...	Hmpf!		Hmph!	Hmph!	¡Jum!	Hmpf!	哼……	Hmph!			Хм...
event03_17	Well, well.\nGuess it's time for a little action.	やれやれ\n忙しくなってきやがったぜ	Vaya, vaya...\nLa cosa se pone interesante.	Na sowas...\nDann mal ran an den Speck!		Bene, bene.\nSembra sia ora di un'pò d'azione.	Ora, ora.\nAcho que tá na hora de entrar em ação.	Vaya, vaya... ¡Esto sí que se está poniendo movido!	No no.\nChyba czas na trochę akcji.	真是的，看樣子又得忙起來了呢。	Peki, peki.\nSanırım biraz aksiyon alma zamanı.		Well, well. Things are getting busy again.	Ну и ну, нас ждёт долгое приключение.
														
event04_name	A Grateful Ali-Baba	器用なアリババ	El Ingenioso Alí Babá	Dankbarer Ali-Baba		l'Abile Ali-Baba	O habilidoso Ali Babá	El astuto Alí Babá	Wdzięczny Ali-Baba		Minnettar Ali-Baba		The Skillful Ali-Baba	Ловкий Али-Баба.
event04_1	Oh, thank you!\nI thought I was done for!	ありがとう！\n助かったよ！	¡Gracias!\n¡Me has salvado!	Vielen Dank!\nIch dachte schon, das war's!		Oh, grazie mille!\nPensavo di essere spacciato!	Ah, obrigado!\nPensei que seria o meu fim!	¡Gracias! Me salvó.	Oh, dziękuje Ci!\nMyślałem, że już po mnie!	謝謝你！你救了我一命！	Oh, teşekkürler!\nİşimin bittiğini düşünmüştüm!		Thank you! You saved me!	Спасибо!\nТы спас меня!
event04_2	Tails!\nWhat are you doing here, too?	テイルス！\nお前もこっちに来てたのか！	¡Tails!\n¿Tú también por aquí?	Tails!\nHängst du hier etwa auch ab?		Tails!\nChe ci fai qui, tu?	Tails!\nO que você está fazendo aqui também?	¡Tails!\n¿También estás aquí?	Tails!\nTy też tu jesteś?	塔爾斯！你也來啦！？	Tails!\nSende burada ne arıyorsun?		Tails! You came here too!?	Тейлз!\nИ ты здесь оказался?
event04_3	...Tails?	…テイルス？	¿...Tails?	...Tails?		...Tails?	...Tails?	¿...Tails?	... Tails?	……塔爾斯？	...Tails?			...Тейлз?
event04_4	My...my name is Ali Baba.	ボクの名前は\n「アリババ」っていうんだけど…	Pero si yo me llamo Alí Babá...	Mein... Mein Name ist Ali Baba.		Il...il mio nome è Ali-Baba.	Meu... meu nome é Ali Babá.	Verá, me llamo Alí Babá.	Ja... Ja nazywam się Ali Baba...	我的名字是\n「阿里巴巴」喔……	Benim...benim ismim Ali Baba.		My name is Ali Baba...	Я не Тейлз. Меня зовут Али-Баба.
event04_5	Come on, Tails!\nI know it's you!	Ｃｏｍｅ　ｏｎ！\nお前もかよ！	¡Venga ya!\n¿Tu con el mismo rollo?	Ach, komm schon, Tails!\nIch weiß, dass du es bist!		Eddai, Tails!\nSo che sei tu!	Qual é Tails!\nEu sei que é você!	Oh, vamos, ¡¿tú también?!	No weż Tails!\nWiem że to ty!	Ｃｏｍｅ　ｏｎ！\n怎麼連你也這樣！	Hadi ama, Tails!\nSen olduğunu biliyorum!		Come on! Not you too!	Что? И ты туда же?
event04_6	I'm very sorry.	ごめんなさい	Has de perdonarnos.	Verzeihung.		Sono molto dispiaciuto.	Eu sinto muito.	Lo lamento.	Naprawdę przepraszam.	對不起。	Çok üzgünüm.		I am sorry.	Извините...
event04_7	He seems to have you mistaken\nfor someone else.	なんだか人違いみたいで…	Por algún motivo, lo ha confundido\ncon otra persona...	Er scheint euch mit jemandem verwechselt zu haben.		Sembra averti confuso con qualcun'altro.	Parece que ele te confundiu\ncom outra pessoa.	Parece que te confundió con alguien más.	Musiał Cię pomylić z kimś innym.	看來我們把你誤認成別人了……	Seni başka biriyle karıştırmış\ngibi görünüyor.		It looks like we mistook you for someone else...	Он вас с кем-то спутал.
event04_8	Oh, it's okay! I'm still very grateful\nthat you saved me!	気にしないで！\nおかげで助けて　もらったわけだし	¡No pasa nada! Al fin y al cabo,\nme habéis salvado.	Schon vergessen!\nIch bin trotzdem sehr dankbar für deine Rettung!		Oh, non fa niente! Sono comunque molto\ngrato che tu mi abbia salvato!	Ah, tudo bem! Ainda sou muito grato\npor ter me salvado!	Descuide. Después de todo, él me salvó.	Ah, nic się nie stało!\nDalej jestem bardzo wdzięczny za uratowanie mnie!	別放在心上！\n托你的福，我才會平安無事。	Oh, sorun değil! Beni kurtardığın için\nsana hala minnettarım!		Don't mind it!\nAfter all, I'm only safe thanks to you.	Не беспокойтесь!\nЯ очень рад, что вы меня спасли!
event04_9	I might not be very strong, but I've still\ngot some tricks up my sleeve.	ボク　力はナイけど\nこう見えて結構器用なんだ	No soy particularmente fuerte, pero\ndiría que soy bastante perspicaz.	Und, auch wenn ich nicht der Stärkste bin,\nso habe ich immer ein paar Tricks auf Lager.		Non sono molto forte, ma ho\ncomunque qualche asso nella manica.	Posso não ser muito forte, mas ainda tenho\nalguns truques na manga.	No seré fuerte, pero cuento con otras destrezas.	Może nie jestem bardzo silny,\nale wciąż mam parę asów w rękawie.		Çok güçlü olmayabilirim, ama\nyine de birkaç numaram var.		I may not be very strong,\nbut I'm pretty handy.	Я хоть и не очень сильный,\nно ловкости мне не занимать.
event04_10	If you ever need my help in return,	何か　力に\nなれそうなことがあったら	Si en cualquier momento\npuedo serles de ayuda,	Im Gegenzug, bin ich da, falls du mich brauchst.		Se ti servisse mai una mano in cambio,	Se precisar da minha ajuda,	Si puedo llegar a serles de ayuda,	Jeśli moge jakoś pomóc,		Eğer bir gün benim yardımım gerekirse,		If there's anything I can do to help you,	Если вам потребуется какая-нибудь помощь,
event04_11	it would be the least I could do\nto repay you.	いつでも　言ってよね！	¡tan solo háganmelo saber!	Das ist das Mindeste, was ich tun kann.		sarebbe il minimo che potrei fare\nper ripagarti.	seria o minimo que eu poderia fazer\npara lhe retribuir o favor.	siempre cuentan conmigo.	Nalegam, żebyście mi dali znać!		bu, sana olan borcumu ödemek için\nyapabileceğim en az şey olurdu.		Tell me anytime!	обращайтесь ко мне.
event04_12	Thank you!	ありがとう！	¡Gracias!	Habt vielen Dank!		Grazie!	Obrigado!	¡Gracias!	Dziękuję!		Teşekkürler!			Спасибо!
event04_13	If something comes up,\nwe'll be sure to call you!	ナニかあったら、お願いね！	Si surge algo,\n¡acudiremos a usted!	Sollte etwas sein, werden wir auf dich zurückkommen!		Se succede qualcosa,\nti chiameremo sicuramente!	Se precisarmos de algo,\ncom certeza vamos te chamar!	¡Le haremos saber si surge algo!	Jeśli coś się stanie,\nzawitamy do Ciebie!		Bir şey çıkarsa, seni\nmutlaka arayacağız!		We'll let you know if we need something!	Если что, придём к вам!
														
event05_name	Sand Scorpion Appears	サンド　スコーピオン　登場	Aparece el Escorpión de Arena	Der Sand Scorpion erscheint		Appare lo Scorpione di Sabbia	Sand Scorpion Aparece	El Escorpión de la arena aparece	Piaskowy Skorpion Nadchodzi		Kum Akrepi Görünüyor			Появление песчаного скорпиона.
event05_1	Sonic, look!	見て！　ソニック！	¡Mira, Sonic!	Sonic, pass auf!		Sonic, guarda!	Sonic, olha!	¡Mira, Sonic!	Sonic, spójrz!		Sonic, bak!		Look, Sonic!	Смотри, Соник!
event05_2	Whoa! I take it that's not something\nyou see every day, huh?	おいおい　あんな不気味なもの\nだれが頼んだんだい？	Vaya, vaya... ¿a quién se le ocurrió crear\nun bicho así de siniestro?	Ich schätze mal, so was sieht man auch nicht alle Tage, hä?		Woah! Non è proprio qualcosa\nche si vede ogni giorno, eh?	Uou! Acho que isso não é algo\nque você vê todo dia, né?	Ah, caray. ¿Quién pidió esa cosa tan espeluznante?	Łoł! Chyba takich rzeczy się\nnie widuje każdego dnia, co?		Vay canına! Sanırım bu her gün\ngördüğünüz bir şey değil, değil mi? 		Hey, who summoned that creepy thing?	Ну и ну, такого страшилу тут никто не ждал.
event05_3	That must be a monster summoned\nforth by the Erazor Djinn!	あれは…　イレイザー・ジンが\n生みだした怪物ね	Ese es... un monstruo creado\npor Erazor el Yinn.	Das muss eines der Monster sein,\ndie der Erazor Djinn heraufbeschworen hat!		Dev'essere uno dei mostri evocati\nda Erazor Djinn!	Aquele deve ser um monstro invocado pelo Erazor Djinn!	¡Ese es un monstruo creado por Erazor, el Genio!	To musi być jeden z potworów\nprzyzwanych przez Erazora Dżina!		Ahaha!\nBen Erazor Cin!		That must be...A monster created by Erazor Djinn.	Это монстр, которого породил Эрейзор Джинн!
event05_4	Shahra! Can't you do something about\nit with your magic?	シャーラ　お得意の魔法で\nアレを　なんとかしてくれないか？	Shara, ¿podrías usar tu magia para\nhacer algo contra esta bestia?	Shahra! Kannst du dich nicht mit\ndeinem Hokuspokus darum kümmern?		Shahra! Non puoi fare qualcosa\ncon la tua magia?	Shahra! Você não pode fazer algo\ncom sua magia?	Shahra, ¿hay algo que tu magia\npueda hacer contra esta cosa?	Shahra! Nie możesz czegoś\nz nim zrobić swoją magią?		Şahra! Sihrinle buna bir\nşey yapamaz mısın?		Shahra, can you do something\nabout it with your magic?	Шахра, а твоя магия может\nчто-нибудь с ним сделать?
event05_5	I'm sorry, Sonic.	ごめんなさいソニック	Lo siento, Sonic.	Vergib mir, Sonic.		Mi dispiace, Sonic.	Desculpa, Sonic.	Lo lamento, Sonic.	Przykro mi, Sonic.	索尼克，對不起。	Üzgünüm, sonic.			Прости меня, Соник.
event05_6	My magic is no match for\nthat of the Erazor Djinn.	カレの魔法は　とっても強くて\n私には　どうにもできないの	La magia de Erazor es demasiado poderosa.\nNo hay nada que pueda hacer con la mía.	Meine Magie ist der des Erazor Djinns nicht gewachsen.		La mia magia non ha paragoni\na quella di Erazor Djinn. 	Minha magia não é páreo\npara a de Erazor Djinn.	Su magia es increíblemente poderosa,\nno hay forma de que pueda hacer algo.	Moja magia nie jest na poziomie\nErazora Dżina.	他的法力太高強了，\n我實在是無能為力。	Büyüm, Erazor Cininin büyüsüyle\nboy ölçüşemez.		His magic is so powerful\nthat there's nothing I can do.	Магия Эрейзора слишком сильна,\nи мне никак не совладать с ней.
event05_7	OK then! Guess I'll just have to\ndeal with him the old-fashioned way!	ＯＫ！じゃぁ、こうしようぜ\nオレはアイツを　軽くけとばしてくる　	¡No hay problema!\nYa le doy yo una lección a esa cosa.	Kein Ding! Dann verpass ich dem Teil\nhalt 'ne Abreibung auf die altmodische Art!		Va bene! Immagino che dovrò\noccuparmene alla vecchia maniera!	Então tá! Acho que vou ter que\nlidar com ele à moda antiga!	¡Ok, hagámoslo! ¡Le daré unas pataditas a ese tipo!	W porzadku! Najwidoczniej muszę się\nz nim rozprawić jak z wszystkim innym.	ＯＫ！那麼這樣好了，我就去輕踹他一下。	Pekala o zaman! Sanırım onunla eski\nusulde başa çıkmak zorunda kalacağım!		OK! Here's what we'll do then.\nI'll go give that guy a little kick.	Ладно! Тогда поступим так!\nЯ просто легонечко дам ему пинка!
event05_8	And hey, don't look so glum, Shahra!\nI'll have you smiling by the end of this.	だからシャーラ　そんなに悲しい顔はナシだ\nいつでも笑っていてくれ！	Así que, Shara; ¡deja atrás esa\ncara triste y sonríe!	Und hey, mach nicht so ein Gesicht, Shahra.\nWenn das alles vorbei ist, wirst du schon noch lächeln.		E hey, non sembrare così giù, Shahra!\nTi farò sorridere entro la fine di tutto questo.	E ei, não fique tão triste, Shahra!\nVou fazer você sorrir quando tudo isso acabar.	Y Shahra, nada de caras tristes. Sigue sonriendo.	I hej, nie smuć się Shahra!\nSprawię że na twojej twarzy zawita uśmiech po tym wszystkim.	所以呀，夏拉，別再擺出那麼傷心的表情了。讓你的臉龐多點笑容吧。	Ve hey, bu kadar surat asma Shahra!\nBunun sonunda seni gülümseteceğim.		So, Shahra, no more sad faces.\nAlways keep smiling!	А ты, Шахра... не расстраивайся, ладно?\nУлыбайся почаще.
event05_9	And that's not me ordering you\nas your master.	これは　命令じゃない	No es una orden de tu """amo""";	Und das ist kein Befehl von mir als dein Meister.		E quello non è un ordine\nda il tuo maestro.	E isso não é uma ordem minha\ncomo seu mestre.	Y esa no es una orden.	I nie jest to rozkaz do Ciebie\njako twój mistrz.	這可不是一道命令喔。	Ve bu, efendiniz olarak sana\nemir vermiyorum.		This isn't an order.	И это не приказ.
event05_10	That's a promise from me to you.	オレとオマエの「約束」だ！	es una promesa entre nosotros.	Sondern ein Versprechen.\nZwischen dir und mir.		Quella è una promessa da me a te.	Isso é uma promessa minha pra você.	Es una promesa entre tú y yo.	To obietnica między mną a tobą.	這是我對你的「約定」！	Bu, sana vereceğim bir söz.		This is a promise from me to you.	Мы дадим обещание друг другу.
event05_11	Yes...all right.	うん…わかった	Vale... Que así sea.	Ja... In Ordnung.		Si...va bene.	Sim... tudo bem.	Ajá... ¡De acuerdo!	Tak... Dobrze.	嗯……知道了。	Evet... pekala.		Okay...Got it.	Да, поняла.
event05_12	All right! Let's do it!	よし　やってやるぜ！	¡Bien, hora de ponerse las pilas!	Sehr schön! Dann mal los!		Perfetto! Facciamolo!	Beleza! Vamos nessa!	¡Bien, a darle!	W porzadku! Zróbmy to!	好！那我們走吧！	Pekala! Hadi yapalım!			А теперь разберёмся с монстром!
event05_13	A promise...	約束…	Una... promesa...	Ein Versprechen...		Una promessa...	Uma promessa...	Una promesa...	Obietnica...	約定……	Bir söz...			Обещание...
														
event06_name	The Ring of Joy	黄色の世界リング　ゲート！	El Anillo del Júbilo	Der gelbe Weltenring		L'Anello della Gioia	Anel do Mundo Amarelo	¡Obteniendo el Anillo amarillo de la Alegría!	Pierścień Radości		Sevinç Yüzüğü		Got the Yellow World Ring!	Вы получили жёлтое\nМировое кольцо!
event06_1	There it is, Sonic!	これをみて　ソニック！	¡Mira, Sonic!	Da ist er, Sonic!		Eccolo, Sonic!	Lá está, Sonic!	Mira esto, Sonic.	Tam jest, Sonic!		İşte orada, Sonic!		Look at this, Sonic!	Соник! Смотри, что там!
event06_2	So that's...	これは…	¿Y esto?	Das ist also...		Quindi quello è...	Então esse é...	Esto es...	Więc to jest...		Yani bu...		This is...	Это же...
event06_3	This must be one of the seven World\nRings the Erazor Djinn spoke of!	イレイザー・ジンが言っていた\n７つの世界リングの１つかも…	Puede que sea uno de los siete Anillos Secretos\nde los que hablaba Erazor...	Das muss einer der sieben Weltenringe sein,\nvon denen der Erazor Djinn gesprochen hat!		Questo dev'essere uno dei sette Anelli\ndel Mondo di cui parlava Erazor Djinn!	Esse deve ser um dos sete Anéis do Mundo\nque o Erazor Djinn mencionou!	Podría ser uno de los siete Anillos mundiales\nque mencionó Erazor, el Genio.	To musi być jeden z Pierścieni\no których mówił Erazor Dżin!		Bu, Erazor Cinin bahsettiği yedi\nDünya Halkasından biri olmalı!		This might be one of the seven World Rings\nthat Erazor Djinn mentioned...	Похоже, это одно из семи Мировых колец,\nо которых говорил Эрейзор Джинн.
event06_4	?\nI can't pick it up...	？\nつかめない…	¿Eh? Mi mano lo atraviesa...	?\nIch kann ihn nicht aufheben...		?\nNon posso prenderlo...	?\nEu não consigo pegá-lo...	Ah...\nNo puedo tomarlo.	Hę?! Nie mogę go podnieść...		?\nAlamıyorum...		?\nI can't grab it...	А?\nНе могу взять...
event06_5	Ow!	うわぁぁぁ	¡Aah!	...! Augh!		Uwaah!	Ai!	¡Gua...!	Ał!		Ow!		Uwaah!	А-а-а-а!
event06_6	{When darkness descends upon the Arabian Nights,	『アラビアンナイトに闇が訪れるときー	{Quãdo las tinieblas cubrieren\nLas mil y vna noches,	{Fällt Tausendundeine Nacht der Dunkelheit anheim,		{Quando l'oscurità cala sulle Mille e una Notte,	{Quando a escuridão cair sobre as Mil e Uma Noites,	{Cuando se cierna la oscuridad sobre\n'Las mil y una noches',	(Kiedy ciemność pochłania Arabskie Noce,		{Binbir Gece Masalları'na karanlık çöktüğünde,		{When darkness falls upon  the Arabian Nights,	{Когда в """Тысяче и одной ночи""" наступит тьма,
event06_7	The legendary blue hedgehog from another world shall come.}	ー外界より伝説の\n青きハリネズミきたる』	aparecerà el famoso erizo azul venido de lueñes tierras.}	tritt der legendäre blaue Igel aus\neiner anderen Welt ans Licht.}		Il leggendario riccio blu\nverrà da un mondo esterno.}	o lendário ouriço azul de outro mundo surgirá.}	desde un mundo distante llegará\nel legendario erizo azul.}	Legendary Niebieski Jeż nadejdzie z innego świata.)		başka bir dünyadan efsanevi mavi kirpi gelecek.}		The legendary blue hedgehog\nshall come from the outside world.}	из другого мира... придёт легендарный синий ёж.}
event06_8	Me? Legendary?\nYou've got to be kidding!	なんだ？　オレのこと？	¿Quién? ¿¿Yo??	Ich? Legendär?\nDu machst wohl Witze!		Io? Leggendario?\nStai scherzando!	Eu? Lendário?\nTá de brincadeira!	¿Qué? ¿Habla de mí?	Ja? Legendarny?\nChyba se żartujesz!		Ben mi? Efsane mi? Şaka yapıyorsun herhalde!		What's that? You mean me?	Что? Это обо мне?
event06_9	You're gonna make me blush!	テレるじゃないか	¡Vas a hacer que me sonroje!	Ich werd gleich rot!		Mi farai arrossire!	Fico até sem jeito!	¡Hará que me sonroje!	Zarumienie się!		Beni utandıracaksın!		You're making me blush.	Кхе... Не смущай меня так!
event06_10	{When the seven rings that control the worlds are gathered,	『７つの世界を統べる\nリングがそろいしとき	{Quãdo ſe junten los ſiete anillos que gouiernan eſtas tierras,	{Werden die sieben Ringe vereint,\nwelche die Welt kontrollieren,		{Quando i sette anelli che controllano i mondi saranno raccolti,	{Quando os sete anéis que controlam os mundos forem reunidos,	{Cuando se reúnan los siete anillos\nque gobiernan los mundos,	(Kiedy siedem pierścieni kontrolujących świat zostaną zebrane,		{Dünyaları kontrol eden yedi yüzük bir araya geldiğinde,			{Если собрать кольца от семи миров,
event06_11	The portal between the worlds shall open.	世界をつなぐ扉が開くであろう…	abriraſe la puerta que une los mundos,	öffnet sich sogleich das Portal zwischen den Welten.		Il portale tra i mondi si aprirà.	o portal entre os mundos se abrirá.	se abrirá la puerta que los conecta.	Portal między światami otworzy się.		dünyalar arasındaki geçit açılacak.		The door that connects the worlds shall open.	откроется дверь, соединяющая миры...
event06_12	But the life of the collector\nof the rings shall be offered up	しかしそれを集めし者\n命のつぐないをもって	pero aquel que los tenga pagarâ con ſu vida	Doch das Leben dessen, der die Ringe zusammenträgt,\nsoll als Opfer dargebracht werden, 		Ma la vita di colui che li ha\nraccolti dovrà essere offerta	Mas a vida do coletor\ndos anéis será oferecida	Sin embargo, aquel que los reúna\nse convertirá en la llave para gobernarlos,	Natomiast życie zdobywcy pierścieni\nzostanie zaoferowane		Fakat yüzükleri toplayan kişinin\nhayatı feda edilecektir.		But the gatherer shall pay with their life,	Однако... за власть над мирами...
event06_13	in sacrifice as the key for that control.}	全てを統べる鍵となさん』	la llave de eſe poder.}	um den Schlüssel zu formen, der die Macht beherrscht.}		come sacrificio, che funge come chiave per quel controllo.}	em sacrifício como a chave desse poder.}	pagando para ello con su vida.}	W poświęceniu za klucz do tej kontroli.)		fedakarlık, bu kontrolün anahtarıdır.}		And become the key to control all.}	придётся заплатить высокую цену,\nотдав взамен свою жизнь.}
event06_14	That is what is written in the newest\nchapter of the Arabian Nights.	…これが　最近アラビアンナイトに\nあらたに書き加えられた文章です	Este texto se añadió recientemente a Las mil y una noches.	So steht es geschrieben,\nim neuesten Kapitel von Tausendundeiner Nacht.		...Questa è il capitolo aggiunto più recentemente\nnelle Mille e una Notte	Isso é o que está escrito no mais novo capítulo\ndas Mil e Uma Noites.	Esto se añadió apenas a """Las mil y una noches""".	Tak jest napisane w najnowszym\nrozdziale Arabskich Nocy.		Binbir Gece Masalları'nın en yeni\nbölümünde böyle yazıyor.		...This is the most recent addition\nto the Arabian Nights.	Эти предложения были недавно\nдобавлены в """Тысячу и одну ночь""".
event06_15	Say what?!\nI'm supposed to be a sacrifice?	Ｇｏｓｈ！\nオレをイケニエにしようってのか	¡Madre mía! ¿Quiere que yo sea el sacrificio?	Bitte was?!\nIch soll als Opferlamm herhalten?!		Cosa?!\nIo dovrei essere un sacrificio?	É o quê?!\nEu vou ter que me sacrificar?	¡Dios! ¿Acaso quiere sacrificarme?	Że co?!\nŻe ja niby mam się poświęcić?		Ne dedin?!\nBen kurban mı olacağım?		Gosh! He wants to sacrifice me?	Что?\nТо есть, меня принесут в жертву?
event06_16	That, I cannot say for sure.	このままでは　なんともいえません	Aún no lo sé con certeza.	Dies kann ich nicht mit Gewissheit sagen.		Quello, non riesco a dirtelo certamente.	Disso, eu não tenho certeza.	Por ahora no estoy segura.	Tego nie jestem w stanie potwierdzić.		Bunu kesin olarak söyleyemem.		Currently, it is hard to say.	В данный момент не могу ничего сказать.
event06_17	But I do believe that these World Rings	ただ　この世界リングには	Solamente creo que estos Anillos Secretos	Doch ich bin davon überzeugt, dass diese Weltenringe		Ma io credo che questi Anelli del Mondo	Mas acredito que esses Anéis do Mundo	Sin embargo, creo que estos Anillos mundiales	Ale wierzę, że te Pierścienie Świata		Ama bu Dünya Yüzükleri		But inside the World Rings,	Но думаю, что в этих Мировых кольцах
event06_18	Hold the key to some kind of mystery.	なにか秘密が隠されているのだと思います	son la clave para descifrar un misterio.	eine Art Geheimnis in sich bergen.		Sono la chiave per qualche sorta di mistero.	São a chave de algum tipo de mistério.	ocultan un gran secreto en ellos.	Trzymają sekret do jakiejś tajemnicy.		Bir tür gizemin anahtarını elinde tutuyor.		I think there's some secret hidden away.	явно скрывается какая-то большая тайна.
event06_19	And I think that we need to collect them	７つのリングをなんとか集めて	Creo que debemos reunir los siete	Und ich denke, dass wir sie alle sammeln müssen, 		E penso che dovremmo collezionarli 	E acho que precisamos coletá-los	Debemos reunir de alguna forma los siete Anillos	Wydaje mi się, że musimy je zbierać,		Ve bence bunları toplamamız gerekiyor.		We have to somehow gather the seven rings	Надо как-то собрать все семь колец
event06_20	To get to the bottom of this mystery.	その秘密を解かないと…	para descubrir su secreto...	um eben dieses Geheimnis zu lüften.		Per arrivare fino in fondo a questo mistero.	para desvendar esse mistério.	y desentrañar ese misterio.	Aby dojść do tej tajemnicy.		Bu gizemin dibine inmek için.		And reveal that secret.	и раскрыть эту тайну...
event06_21	Well, considering that I still have\nthis arrow in me to worry about,	オレの胸にこんな矢が刺さってるし	Bueno, ya que llevo una flecha clavada en el pecho,	Naja, wenn man bedenkt, dass ich\nimmer noch diesen Pfeil in mir trage,		Beh, considerando che ho ancora questa\nfreccia dentro di me di cui devo preoccuparmi,	Bem, considerando que ainda tenho\nessa flecha em mim pra se preocupar.	Tengo una flecha clavada en el pecho,	Cóż, i tak mam tą strzałe,\nktórą powinienem się przejmować,		Şey, hâlâ içimde bu ok olduğu ve bununla ilgili\nendişelenmem gerektiği göz önüne alındığında,		Well, I've got this arrow in my chest,	Ну, стрела уже у меня в груди.
event06_22	I guess I'm in a pinch either way, right?	どっちにしろピンチってわけだな	supongo que no me queda otra, ¿no?	sitze ich doch so oder so in der Klemme, stimmt's?		mi sa di essere in un bel guaio ad ogni modo, giusto?	Acho que eu tô encrencado de qualquer forma, né?	así que estoy en apuros de cualquier manera.	Więc tak czy siak mam przerąbane, nie?		Sanırım her iki durumda da sıkıntıdayım, değil mi?		So either way, I'm in a pinch, huh?	Так что не скажу, что выбора много.
event06_23	I'm sorry. It's my fault that all of\nthis is happening to...	ごめんなさい　わたしのせいで\nアナタをこんな運命に…	Lo siento... Por mi culpa, te aguarda un destino cruel...	Das tut mir so leid.\nEs ist nur meine Schuld, dass das alles...		Mi dispiace. È colpa mia che ti sta\nsuccedendo tutto...	Desculpa... A culpa é minha por tudo isso\nestar acontecendo com...	Lo lamento.\nEs mi culpa que tengas que sufrir este destino...	Przepraszam. To moja wina,\nże to wszystko się Tobie...		Özür dilerim. Tüm bunların yaşanmasının\nsorumlusu benim...		I'm sorry.\nBecause of me, you're forced into this fate...	Прости, пожалуйста, ведь это я\nобрекла тебя на такую судьбу...
event06_24	Hahaha.\nHey, don't worry about it.	ハハハ\n気にするなって	Je, je... No te preocupes.	Hahaha!\nHey, mach dir keinen Kopf!		Hahaha.\nHey, non farti alcun problema.	Hahaha.\nEi, não esquenta.	Ja, ja, ja... No te preocupes.	Hahaha.\nHej, nie przejmuj się tym.		Hahaha.\nHey, endişelenme.		Hahaha. Don't worry about it.	Ха-ха-ха.\nНе переживай так.
event06_25	Besides, don't you know how fast I am?	しってるかい？\nオレの得意技を	¿O has olvidado mi mayor virtud?	Außerdem, kennst du etwa nicht den Sonic-Speed?		Comunque, non sai quanto sono veloce?	Além do mais, você não sabe o quão rapido eu sou?	¿Sabes para qué soy bueno?	Przecież już wiesz, jaki jestem szybki?		Ayrıca, ne kadar hızlı olduğumu bilmiyor musun?		Besides, you know what my specialty is, right?	Знаешь, какая у меня суперспособность?
event06_26	Time may fly, but I'm even faster!	運命なんて　オレのスピードで\n振り切ってやるさ	¡Con mi velocidad, me adelantaré al destino!	Die Zeit mag rennen, aber ich renne schneller!		Il tempo può volare, ma io sono ancora più veloce!	O tempo pode voar, mas eu sou ainda mais rápido!	Me libraré de esta sólo con mi velocidad.	Czas może śmigać, ale ja też!		Zaman uçup gidiyor olabilir, ama ben daha da hızlıyım!		With my speed, I'll break through fate itself!	От судьбы... я могу сбежать на всех парах!
														
event07_name	Rescuing the King	王様を助けてみたものの…	Rescatando al Sultán	Die Rettung des Königs		Salvando il Re	Salvando o Rei	Intentando ayudar al sultán...	Ratowanie Króla		Kralı kurtarmak		Trying to Help the King...	Попробовал спасти царя, но...
event07_1	You! Spiky thing! Do something!\nSave me!	こりゃ！　トゲトゲ何をしとる！\n早くワシを助けんかっ！！	¡Eh! ¡Bicho pinchudo!\n¡No te enrolles y ven a rescatarme!	Du! Nadelkissen! Tu etwas!\nHilf mir!		Tu! Cosa spinosa! Fai qualcosa!\nSalvami!	Você! Coisa espinhosa! Faz alguma coisa!\nMe salva!	¡Oye, espinoso, ¿qué estás haciendo?!\n¡Date prisa y sálvame!	Ty! Kolcowaty cosiu! Zrób coś!\nRatuj mnie!		Sen! Dikenli şey! Bir şey yap!\nKurtar beni!		Hey! What are you doing, you spiky thing!\nHurry up and save me!	Эй, ты, клубок с иголками!\nЧего стоишь, спасай меня, скорее!
event07_2	Aaaahhhhhh!	のわあああああ…！	¡Aaaaaaaaaaaaah!	Aaaahhhhhh!		Aaaahhhhhh!	Aaahhhhhh!	¡Aaaahhhhhh!	Aaaaaahhhhh!		Aaaahhhhhh!		Waaaaahhh!	А-а-а-а-а-а-а!
event07_3	Ah?!	ひゃ！？	¡Ah...!	Ah?!		Ah?!	Ah?!	¡Ah...!	Ah?!		Ah?!		Hya!?	Ах?!
event07_4	...!!	…！！	¿Eh?	...!!		...!!	...!!	¡¡...!!	..!!	...!!	...!!			...!!
event07_5	Whew!	ハァ…	Menos mal...	Puh!		Phew!	Ufa!	Uf...	Fiu!	呼！	Whew!		Whew...	Ох!
event07_6	How dare you! I am the King!\nMust you be so rude?	貴様！　ワシは王様じゃぞ！！\nもっとエレガントにあつかわんか！	¡Eh tú! ¡Que soy el sultán! ¡Trátame con más elegancia!	Du wagst es...?! Ich bin der König!\nMusst du denn so grob sein?		Come ti permetti! Io sono il Re!\nDevi per forza essere così sgarbato?	Como você ousa?! Eu sou o Rei!\nVocê precisa ser tão insolente?	¡Bruto! ¡¿No ves que soy el sultán?!\n¡Trátame con más elegancia, ¿quieres?!	Jak śmiesz! Jestem Królem!\nCzy musisz być taki niemiły?		Nasıl cüret edersin! Ben kralım!\nBu kadar kaba olmak zorunda mısın?		Why, you! I am the King!\nCan't you handle me more elegantly!?	Эй, ты! Забыл, что я царь?!\nОбращаться со мной надо бережно!
event07_7	Sorry!	Ｓｏｒｒｙ	Lo sien-tooo.	Sorry!		Scusa!	Foi mal!	¡Lo siento!	Sory!		Üzgünüm!			Прости.
event07_8	Your Highness, where did that\nspirit go?	王様　あのマジンは？	Majestad, ¿y aquel espíritu?	Eure Hoheit, wohin ist der Geist verschwunden?		Vostra Altezza, dov'è andato\nquello spirito?	Vossa Alteza, onde aquele\nespirito foi?	Majestad, ¿qué fue de ese majin?	Wasza Wysokość, gdzie udał się\nten duch?		Majesteleri, o ruh nereye gitti?		Your Highness, what happened to that genie?	Ваше Величество, а где злой дух?
event07_9	Just as feared, he's gone ahead to that castle\nand it seems more minions are being assembled.	ヤツは手下をもっと増やすとぬかして\nこの先にある城に向かいおった	Dijo que reuniría a más esbirros antes de partir en dirección al castillo que hay más adelante.	In Richtung dieses Schlosses, genau wie ich befürchtet hatte.\nUnd weitere Lakaien sind schon unterwegs.		Proprio come pensavo, è andato dritto a quel castello\ne sembra che più scagnozzi si stiano assemblando.	Como eu temia, ele foi até aquele castelo\ne parece que mais lacaios estão se juntando.	¡Se jactó de que reuniría más seguidores y\nse dirigió hacia el castillo de más adelante!	Tak jak się obawiałem, poleciał do tego zamku i\nwygląda na to, że więcej minionów jest tam gromadzonych.		Korkulduğu gibi, o kaleye doğru ilerlemiş ve\ngörünüşe göre daha fazla hizmetkar toplanıyor.		He promised to recruit more more minions,\nso he headed for the castle up ahead.	Этому злому духу нужно больше слуг,\nон отправился вон в тот дворец.
event07_10	Castle?	城？	¿Un castillo?	Schloss?		Castello?	Castelo?	¿Castillo?	Zamek?		Kale mi?			Во дворец?
event07_11	There's a giant fortress just ahead.	この先にあるのは　巨大な城塞です	En esa dirección se encuentra una imponente fortaleza.	Direkt vor uns liegt eine riesige Festung.		C'è una fortezza gigante proprio qui davanti.	Há uma fortaleza gigante logo a nossa frente.	Delante se alza una fortaleza colosal.	Niedaleko jest gigantyczna twierdza.		Hemen ileride devasa bir kale var.		Beyond this point lies a massive fortress.	Там впереди... огромная крепость,
event07_12	It's a relic from an ancient kingdom...	とうの昔に滅びた国の…	Es vestigio de un país que pereció antaño...	Sie ist der Überrest eines uralten Königreichs...		È una reliquia da un regno antico...	É uma relíquia de um reino antigo...	Una tierra que murió hace mucho tiempo...	To relik starożytnego królestwa...		Bu, eski bir krallıktan kalma bir kalıntı...		A nation that vanished long ago...	наследие павшего царства.
														
event08_name	The Ring of Hatred	緑色の世界リング　ゲート！	El Anillo del Odio	Der grüne Weltenring		L'Anello dell'Odio	Anel do Mundo Verde	¡Obteniendo el Anillo verde del Odio!	Pierścień Nienawiści		Nefret Yüzüğü		Got the Green World Ring!	Вы получили зелёное\nМировое кольцо!
event08_1	Hey, look at that!	おっとこれは…	¡Oh, este es...!	Hey, schau mal!		Hey, dai un'occhiata!	Ei, olha só!	¡Oh, ahí está!	Hej, spójrz na to!		Hey, şuna bak!		Whoa, this is...	О, а это что?
event08_2	It's another one of the seven World Rings.	７つの世界リングのひとつね	Es otro de los siete Anillos Secretos.	Das ist ein weiterer der sieben Weltenringe.		È un'altro di quei sette Anelli del Mondo.	É mais um dos sete Anéis do Mundo.	Sí, otro de los siete Anillos mundiales.	To kolejny Pierścień Świata.		Bu yedi Dünya Yüzüğünden başka bir tanesi.		It's one of the seven World Rings.	Ещё одно из семи Мировых колец.
event08_3	Ah! This power...	う！　この力は…	¿¡Eh!? Este poder...	Argh! Diese Macht...		Ah! Questo potere...	Ah! Esse poder...	¡Guau! ¡Este poder...!	Ah! Ta moc...		Ah! Bu güç...		Ugh! This power...	А-а-а! Какая сила!
event08_4	This must be what has driven\nthe spirits mad, I think.	これがマジンたちを　狂わせた\n正体じゃないでしょうか？	¿No será esto lo que hizo enloquecer a los espíritus?	Das muss es sein, was die Geister erzürnt hat, denke ich.		Questo dev'essere quello chen\ha fatto arrabbiare gli spiriti, penso.	Deve ser isso que deixou os espiritos insanos, eu acho.	¿Podría ser esto lo que enloqueció a los majin?	To musi być to, co powoduje gniew\nduchów, tak mi się wydaje.		Sanırım bu, ruhları\nçıldırtmış olmalı.		Could this be what drove the genies mad?	Должно быть, это она породила всех злых духов.
event08_5	It is only recently that\nthey have been behaving this way.	凶暴なマジンが沢山でてきたのは\n最近のことなんですが…	Estos espirítus malignos aparecieron por primera vez recientemente...	Immerhin verhalten sie sich erst seit Neuestem so.		È solo recentemente che si stanno\ncomportando in questo modo.	Eles só começaram a agir assim\nrecentemente.	Fue apenas hace poco que aparecieron\ntantos majin feroces.	Dopiero niedawno zaczeły\nzachowywać się w ten sposób.		Bu şekilde davranmaya başlamaları\nancak son zamanlarda oldu.		It is only recently that\nviolent genies have been appearing...	Ведь до этого жестоких духов\nбыло не так и много.
event08_6	Well, I think I've had just about\nenough of this.	たしかに\nその線は十分アリだ	Es bastante probable.	Ach ja? So langsam hab ich die Faxen dicke.		Beh, penso di essermi proprio stufato\ndi tutto questo.	Bom, acho que já deu pra entender.	De hecho eso es bastante plausible.	No, chyba mam już tego dość.		Sanırım artık bu durumdan\nyeterince bıktım.		Well, that's definitely possible.	Да уж, очень похоже на правду.
event08_7	...	…	...	...		...	...	...	...		...			...
event08_8	Speaking of which, as Genie of\nthe Ring, can I ask you for a favor?	そういえば　ちょっとリングの精に\n頼みごとをしてもいいかな？	Por cierto, ¿me permitirías pedirte algo como Genio del Anillo?	Wo wir schon dabei sind,\nkönntest du mir einen kleinen Gefallen tun?		A proposito, come Genio dell'Anello,\nposso chiederti un favore?	Parando pra pensar, como Gênia\ndo Anel, posso te pedir um favor?	Por cierto, me gustaría pedirle\nun favor al espíritu del anillo.	Póki o tym mowa, jako dżin pierścienia,\nczy moge prosić cię o przysługę?		Madem konu açıldı, Yüzüğün Cini\nolarak senden bir ricam olabilir mi?		Speaking of which, can I ask a little favor\nfrom the Genie of the Ring?	Кстати, могу я попросить свою джиннию\nоб одном одолжении?
event08_9	"""O Master, your wish is my command."""	「なにがお望みでしょう？\nご主人さま　なんなりとご命令を」	"""A su servicio, mi amo.\nSus deseos son órdenes""".	"""Oh Meister, dein Wunsch ist mir Befehl."""		"O Maestro, il tuo desiderio è il mio ordine."	"""Ó Mestre, seu desejo é uma ordem."""	"""¿Qué es lo que desea, mi amo?\nSus deseos son órdenes."""	"Oh Mistrzu, twoje życzenie jest moją komendą."		"Ey Üstadım, dileğiniz benim emrimdir."		"""What do you wish for, my Master?\nI am at your command."""	Чего желаете, мой Господин?\nТолько скажите, и желание исполнится.
event08_10	Do you think you could take this Judgment\nthing out of my chest for me?	この胸の「さばきの　なんとか」を\n取ってくれないか？	¿Podrías quitarme del pecho este """nosequé del Juicio"""?	Meinst du, du könntest dieses\nUrteilsdingens aus mir herausholen?		Pensi che riusciresti a togliere questa cosa del\n"Giudizio" fuori dal mio petto per me?	Acha que consegue tirar esse tal Castigo\ndo meu peito pra mim?	¿Podrás quitarme esta cosa del juicio del pecho?	Mogłabyś wyjąć to Wyrokowe\ncoś z mojej klaty?		Sence şu içimdeki yargı duygusunu\nbenim yerime çıkarabilir misin?		Can you take this """Judgement""" thing\nout of my chest?	У меня в груди """кара или что там он сказал""",\nвытащи, пожалуйста.
event08_11	...	…	...	...		...	...	...	...		...			...
event08_12	I am sorry.	ごめんなさい	...Lo siento.	Bedaure.		Mi dispiace.	Eu sinto muito.	Lo lamento.	Przykro mi.		Üzgünüm		I'm sorry.	Прости меня.
event08_13	Hey, no worries.\nCheer up.	Ｈｅｙ\nそんなに　悲しい顔するなよ	¡Eh!\nNo pongas esa cara triste.	Hey, kein Thema.\nKopf hoch.		Hey, nessun problema.\nRallegrati.	Ei, sem problema.\nSe anima.	Ey, no pongas esa cara tan triste.	Bez powodu. Rozchmurz się.		Hey, sıkıntı yok.\nNeşelen.		Hey, don't look so glum.	Эй! Да что ты, не печалься так.
event08_14	Hm?	え？	¿Hum?	Hm?		Hm?	Hm?	¿Eh?	Hm?		Hm?		Huh?	М-м?
event08_15	Don't sweat it!	大丈夫！	¡No pasa nada!	Mach dich nicht verrückt!		Rilassati!	Não esquenta!	¡No te preocupes!	Nie martw się!		Endişelenme!		It's fine!	Всё хорошо!
event08_16	Anyways, no adventure is fun if it's too easy,\nright?	冒険ってのは難しいほうが\n楽しめるってもんだろ？	Cuánto más complicada, más divertida es la aventura, ¿no?	Immerhin macht kein Abenteuer Spaß,\nwenn es zu einfach ist, richtig?		Comunque, le avventure non sono divertenti\nse sono troppo facili, vero?	Afinal, uma aventura não é divertida\nse for fácil demais, né?	Las aventuras son más divertidas\ncuando son un reto, ¿no?	Co to za zabawa z przygody jeśli jest za łatwa, nie?		Her neyse, çok kolay bir macera eğlenceli\nolmaz, değil mi?		Adventures are more fun\nwhen they're difficult, right?	Чем сложнее приключение, тем оно интереснее.
event08_17	Although it would have been nice\nif your magic DID work, in any case...	ただ　魔法で取れるんなら\nそれもいいかなってね	Aunque no habría estado mal que funcionase tú magia.	Obwohl es schon echt cool wäre, wenn deine Magie\nmal funkionieren würde. Wie dem auch sei...		Anche se avrebbe fatto comodo\nse la tua magia AVESSE funzionato, ad ogni modo...	Mas até que seria legal se a sua magia funcionasse, enfim...	Aunque ojalá se hubiera podido sacar con magia...	No, mimo wszystko BYŁOBY fajnie\ngdyby twoja magia zadziałała.		Her ne kadar sihrin işe yarasaydı\ngüzel olurduysa da...		Well, if your magic COULD take it off,\nthat would also be great.	Просто подумал, вдруг можно\nмагией от стрелы избавиться.
event08_18	Okay, then! Let's keep going!	よーし　はりきって　いくぜ！	Venga, ¡vamos a por todas!	Alles Klärchen! Machen wir weiter!		Bene, allora! Continuiamo ad andare!	Beleza, então! Vamos continuar!	¡Bueno, manos a la obra!	Trudno! Idżmy dalej!		Tamam, o zaman! Hadi devam edelim!		All right, let's get going!	Ну да ладно! Нам пора в путь!
event08_19	Yes.	…はい	...Vale.	Jawohl.		Si.	Sim.	Sí.	Tak jest.		Evet.		...Yes.	Да.
														
event09_name	The Fire Spirit Appears	強敵　炎のマジンあらわる	Aparece el Espíritu de Fuego	Der Feuergeist erscheint		Lo Spirito del Fuoco Appare.	O Espirito de Fogo Aparece	Un formidable enemigo: el majin de fuego	Nadchodzi Ognisty Duch		Ateş Ruhu Görünüyor		A Formidable Enemy, the Fire Genie, Appears	Появляется сильный\nпротивник, злой дух огня.
event09_1	It's him!\nWhat's he doing here?!	アイツ！\nナニをする気なんだ！？	¡Erazor...!\n¿Que estará tramando?	Der schon wieder!\nWas macht er hier?!		È lui! Cosa ci fa qui?!	É ele!\nO que ele tá fazendo aqui?!	¡Ese maldito! ¡¿Qué está planeando?!	To on!\nCo on tu robi?!		Bu o!\nBurada ne yapıyor?!		It's him! What's he trying to do!?	Вот он!\nЧто он собирается сделать?
event09_2	He's calling more spirits!	マジンを呼びだす気です！	¡Quiere invocar a más espíritus!	Er ruft noch mehr Geister!		Sta chiamando altri spiriti!	Ele está invocando mais espiritos!	¡Pretende invocar más majin!	Wzywa więcej duchów!		Daha fazla ruh çağırıyor!		He's going to summon a genie!	Он призывает злого духа!
event09_3	Spirits?!	マジン！？	¿¡Más espíritus!?	Geister?!		Spiriti?!	Espiritos?	¡¿Majin?!	Duchy?!		Ruhlar mı?!		Genie!?	Духа?
event09_4	Ifalas zaras I e zaraq!\nIfalas zaras I e zaraq!	イフャラス・ザラス・イ・エ・ザラク\nイフャリス・ザリス・イ・エ・ザリク	Ifaras zaras i e zaraq...\nIfaris zaris i e zariq...	Ifalas zaras I e zaraq!\nIfalas zaras I e zaraq!		Ifalas zaras I e zaraq!\nIfalas zaras I e zaraq!	Ifalas zaras I e zaraq!\nIfalas zaras I e zaraq!	¡Ifaras zaras i e zaraq!\nIfaris zaris i e zariq!	Ifalas zaras I e zaraq!\nIfalas zaras I e zaraq!		Ifalas zaras I e zaraq!\nIfalas zaras I e zaraq!		Ifaras zaras I e zaraq!\nIfaris zaris I e zariq!	Ифарас Зарас Иезарак,\nИфарис Зарис Иезарик...
event09_5	Come forth from the fiery depths of Jahannam,\nye condemned by Iblis!	深淵なるジャハンナの炉よりきたれ\nイブリースの忌まれし腕（かいな）	Emerge de las profundidades infernales de\nYahannam, oh, brazo maldito de Iblís...	Erhebe dich aus den feurigen Untiefen des Jahannam,\noh verbannte Seele!		Risalite dalle profondità ardenti di Jahannam,\nvoi condannati da Iblis!	Surja das profundezas ardentes de\nJahannam, ó condenado por Iblis!	¡Surge del ardiente abismo del Yahannam!\n¡Oh, brazo maldito de Iblís!	Przybadż z ognistych czeluści Jahannman,\nskazańcu Iblisa!		İblis tarafından lanetlenmiş olan,\ncehennemin ateşli derinliklerinden çık!		From the furnace of the Jahannam abyss,\ncome forth, accursed arm of Iblis!	Приди из глубин Джаханнама,\nпроклятый Иблисом...
event09_6	Iz Afrit!	イス・イーフリーテ！！	¡Iz Ífriiiit!	Iz Afrit!		Iz Afrit!	Iz Afrit!	¡Iz eefreet!	Iz Afrit!		Iz Afrit!			Ис Ифрит!
event09_7	Roooaarr!	ゴッフォー	¡Groaaaaaar!	Roooaarr!		Roooaarr!	Roooaarr!	*rugido*	Raaagh!		Roooaarr!			Гр-р-р-р!
event09_8	That's...!	アレが…	Ese es...	Was...?!		Quello è...!	Aquilo é...!	¡Ese...!	To...!		Bu...!		That's...	Это же...
event09_9	It's a djinn that controls fire...\nIt's called an Ifrit!	世の中のすべてを焼き尽くす\n炎の大マジン　イフリート！！	¡Un gran espíritu ardiente que puede\nreducir el mundo entero a cenizas! ¡Un ifrit!	Das ist ein Djinn, der über das Feuer herrscht...\nEin Ifrit!		È un djinn che controlla il fuoco...\nSi chiama Ifrit!	É um espirito que controla o fogo...\nEle é chamado de Ifrit!	¡Es un gran majin cuyas llamas\nreducen a cenizas todo, un ifrit!	To dżin kontrolujący ogień...\nNazywa się Ifrit!		Bu ateşi kontrol eden bir cin...\nBuna Ifrit deniyor!		Ifrit, the great genie whose flames\nscorches the entire world!	Тот, кто сжигает всё сущее!\nЗлой дух огня, Ифрит!
event09_10	...	…	...	...		...	...	...	...		...			...
event09_11	I have already carved up half of\nthe pages that make up this world.	すでに世界のページの半分は\n刈りとらせてもらった	Ya he cosechado la mitad de todas\nlas páginas de este mundo.	Somit habe ich bereits die Hälfte aller Seiten\nausgelöscht, die diese Welt ausmacht.		Ho già cancellato metà delle\npagine che fanno questo mondo.	Eu já ceifei metade\ndos textos que compõem este mundo.	Ya he cosechado la mitad\nde las páginas del mundo.	Zdążyłem się już pozbyć pół stron,\nktóre tworzą ten świat.		Bu dünyayı oluşturan sayfaların yarısını\nçoktan parçalara ayırdım bile.		I've already harvested half the world's pages.	Из этого мира мне удалось стереть\nуже половину страниц.
event09_12	Then why do you need to call forth\na creature like that?	だから　アレを呼びだすことが\nできるのね…	Así que por eso pudiste invocarlo...	Und wozu beschwörst du dann noch solch eine Kreatur?		E allora perché ti serve\nevocare una creatura simile?	Então pra que invocar\numa criatura como essa?	¿Por eso pudiste invocarlo?	Dlaczego więc potrzebujesz\nprzyzywać takiego stwora?		O halde neden böyle bir yaratığı\nçağırman gerekiyor?		That's why you could summon it...	Вот почему он смог его призвать...
event09_13	I've decided to let the Ifrit\nburn whatever pages remain in the book.	残りのページは　このイフリートにでも\n燃やしてもらうこととしよう	Dejaré que el ifrit calcine\nlas páginas restantes.	Ich beschloss, den Ifrit sämtliche übrigen Seiten\nim Buch niederbrennen zu lassen.		Ho deciso che lascerò bruciare\nil resto delle pagine a Ifrit.	Eu decidi deixar o Ifrit\nqueimar as páginas restantes desse livro.	Dejaré que las llamas de este ifrit\nse encarguen del resto de las páginas.	Zdecydowałem, że Ifrit spali resztę\npozostałych stron tej książki.		Ifrit'in kitapta kalan sayfaları\nyakmasına karar verdim.		I'll let Ifrit burn the rest of the pages for me.	Оставшиеся страницы Ифрит сожжёт\nи без моей помощи.
event09_14	You, blue RAT!	そこの青いドブネズミ	Tú, asquerosa rata azul.	Du, blaue RATTE!		Tu, RATTO blu!	Você, RATO azul!	Tú, sucia rata azul,	Ty, niebieski SZCZURZE!		Sen, mavi FARE!		You, blue sewer rat.	А теперь ответь мне, крыса!
event09_15	Have you gathered the seven rings yet?	７つのリングは　集めているのか？	¿Estás reuiniendo los Anillos como te pedí?	Hast du schon die sieben Ringe beisammen?		Ce l'hai fatta a raccogliere i sette anelli?	Já juntou os sete anéis?	¿ya reuniste los siete Anillos?	Zebrałeś już dla mnie siedem pierścieni?		Yedi yüzüğü topladın mı bakalım?		Are you collecting the seven rings?	Ты собираешь кольца, как я приказал?
event09_16	And enough of that RAT stuff....seriously!	オイオイ　オレはドブネズミじゃない	¡Oye! ¡Que no soy una rata!	Genug von diesem Ratten-Käse, ernsthaft!		E basta con la storia del "ratto"...seriamente!	Chega dessa coisa de rato... sério!	¡Oye, ya te dije que no soy una rata!	Odpuść sobie już z tym SZCZUREM.... serio!		Ve bu FARE muhabbetinden yeter artık... cidden!		Hey, hey! I'm not a sewer rat.	Эй-эй, повторюсь, я не крыса!
event09_17	I'm a hedgehog! HEDGE-HOG!	ハ・リ・ネ・ズ・ミ　だ！	¡Soy un E-RI-ZO!	Ich bin ein Igel! I-GEL!		Sono un riccio! RI-CCIO!	Eu sou um ouriço! OU-RI-ÇO!	¡Soy un E-RI-ZO!	Jestem jeżem!\nJE-ŻEM!		Ben bir kirpiyim! KİR-Pİ!		I'm a H-E-D-G-E-H-O-G!	Я ЁЖ!
event09_18	All you filthy vermin are worthless\njust the same...	薄汚い下等生物に変わりはあるまい	No creo que haya diferencia entre tú\ny esas criaturas inmundas.	Oh, das ist dasselbe in Grün!\nUngeziefer bleibt Ungeziefer...		Tutti voi schifosi vermi non avete alcun valore\nugualmente.	Todos vocês vermes imundos\nsão igualmente inúteis...	Ambas especies, asquerosas e inferiores criaturas.	Wy wszystkie brudne robaki jesteście\ntak samo bezwartościowe...		Siz pislik haşerelerin hepsi aynı şekilde değersizsiniz...		A filthy, lowly creature all the same.	Неважно, все мерзкие паразиты одинаковы.
event09_19	At any rate, you'd better hurry it up!	それに…　早くしたほうがよかろう	Sea cómo sea...\nSerá mejor que te des prisa.	Wie auch immer, du hältst dich besser ran!		In qualunque modo, è meglio che ti sbrighi!	De qualquer forma, é melhor se apressar!	¡Cómo sea, mejor date prisa!	W każdym razie, lepiej się pośpiesz!		Her halükarda, acele etsen iyi olur!		At any rate...You'd better hurry up.	И на твоём месте... я бы поспешил.
event09_20	Dang!	チッ！	¡Tch!	Mist!		Cavolo!	Droga!	¡Tch!	Kurna!		Kahretsin!		Tsk!	Чёрт!
event09_21	With only half of the flame left,\nonly half of your life force remains.	キサマの命も半分を切った…\nというわけだ	Y ten muy claro que ya se ha desvanecido...\nla mitad de tu fuerza vital.	Mit halber Flamme bleibt auch nur noch\ndie Hälfte deiner Lebenskraft übrig.		Con solo metà della fiamma rimasta,\nsolo metà della tua forza vitale rimane.	Com apenas metade da chama,\nresta somente metade da sua força vital.	Como verás, te resta menos de la mitad de tu vida.	Zostało ci tylko pół płomienia,\nz tym tylko pół twojego życia.		Alevin sadece yarısı kaldığına göre, yaşam\ngücünün de sadece yarısı kalmıştır.		Your life is already half gone...That's all.	Потому что от твоей жизни осталась\nлишь половина... А потом... смерть.
event09_22	Wait!!	まて！！	¡Espera!	Warte!!		Aspetta!!	Espera!!	¡Alto!	Czekaj!		Bekle!!		Hold it!!	Стой!
event09_23	Roooaarr!	ゴッフォー	¡Groaaaaaaaar!	Roooaarr!		Roooaarr!	Roooaarr!	*rugido*	Raaagh!		Roooaarr!			Гр-р-р-р!
event09_24	Hey, you!\nGet out of our way!	チッ　邪魔だ！\nこんなヤツひとヒネリだぜ！	¡Tch! ¡No estorbes! ¡Ni siquiera tienes una oportunidad contra mí!	Hey, du!\nMach 'nen Abgang!		Hey, tu!\nFuori dalla mia strada!	Ei, você!\nSai do nosso caminho!	¡Agh, ya basta, maldito estorbo!	Hej, ty!\nZłaż nam z drogi!		Hey, sen!\nYolumuzdan çekil!		Tch, out of the way! \nI'll take you out in a flash!	Чёрт, не мешай!\nЯ с тем ещё не закончил!
event09_25	What the...? That didn't work?	なんだ　きかない！？	¿Eh? ¿Ni un rasguño?	Was...? Es klappt nicht!		Ma che...? Non ha funzionato?	Mas o que...? Isso não funcionou?	¡¿Qué?! ¡No funcionó!	Co do- ? To nie zadziałało?		Bu da ne...? İşe yaramadı mı?		What the? That didn't work!?	Что? Не сработало?
event09_26	It's no use, Sonic!	ダメよ　ソニック！！	¡Déjalo, Sonic!	Es bringt nichts, Sonic!		Non c'è modo, Sonic!	Não adianta, Sonic!	¡No, Sonic!	To na nic, Sonic!		İşe yaramaz, Sonic!			Не надо, Соник!
event09_27	Your life is tied to the flame!\nYou cannot fight fire with fire!	アナタの体は今　火の領界に属している\n火で炎をうつことはできないわ！！	Tu cuerpo ahora pertenece al reino de las llamas... ¡No puedes combatir fuego con fuego!	Dein Leben ist an die Flamme gebunden!\nDu kannst nicht Feuer mit Feuer bekämpfen!		La tua vita è legata a quella fiamma!\nNon puoi combattere il fuoco con il fuoco!	Sua vida está ligada a chama!\nVocê não pode enfrentar fogo com fogo!	¡Tu cuerpo ahora pertenece al reino del fuego!\n¡No puedes combatir el fuego con fuego!	Twoje życie jest przywiązane z płomieniem!\nNie da się zwalczyć ognia ogniem!		Hayatın alevlere bağlı!\nAteşle ateşe savaşamazsınız!		Your body is tied to flames right now.\nYou cannot fight fire with fire!!	Твоё тело непрерывно испускает пламя,\nа огонь огнём победить нельзя!
event09_28	Oh yeah? Just watch me!	やってくれるぜ！！	¡Oh, venga ya!	Ach ja? Schau mal genau hin!		Ah si? Te lo faccio vedere io!	Ah, é? Então tá!	¡Ahora sí me fastidió!	Ta? To patrz na mnie!		Oh öyle mi? Sadece izle beni!		Now he's done it!	Да что ж такое!
event09_29	Oh, this does NOT look good!\nShahra! Lend me your power!	ちょっとピンチじゃないか！\nシャーラ　お前の力　借りるぜ！	Vaya situación peliaguda...\nShara, ¡tendré que usar tu poder!	Andererseits, sieht das GAR nicht gut aus!\nShahra! Leih mir deine Macht!		Oh, questo non porta per niente bene!\nShahra! Prestami il tuo potere!	Ah, Isso não é nada bom!\nShahra! Me dê sua força!	¡Estamos en un pequeño apuro!\n¡Shahra, necesitaré tu ayuda!	Oj, to nie wygląda dobrze!\nShahra! Użycz mi swojej siły!		Ah, bu HİÇ iyi görünmüyor!\nShahra! Bana gücünü ver!		We're in a bit of a pinch!\nShahra, I'm borrowing your power!	Не в моей привычке, но...\nШахра! Одолжи-ка свою силу.
event09_30	"""Time Break!!"""	『タイムブレイク！！』	¡"""Ralentización"""!	"""Time Break!!"""		"Rottura del Tempo!!"	"""Atraso Temporal!!"""	"""¡Quiebra-tiempo!"""	"""Zryw Czasu!"""	「時間突破！」	"Zaman Dondurma!!"		"""Time Break!!"""	"""Замедление!"""
event09_31	Sorry, but we've got to run!	こういうときは逃げるが勝ちさ	A veces el mejor ataque es una retirada.	Sorry, wir sind dann mal weg!		Scusa, ma dobbiamo correre!	Foi mal, fica pra próxima!	¡Más vale """aquí corrió""" que """aquí murió"""!	Sorki, ale musimy spadać!		Üzgünüm, ama koşmamız lazım!		At times like these, running is winning.	В таких случаях... побег - залог успеха.
event09_32	Don't worry - I'm sure we'll get\nthe chance to play again real soon!	あばよ　また今度あそんでやるぜ！	¡Chao! ¡Ya habrá tiempo para jugar más tarde!	Aber keine Sorge - wir bekommen\nunser Rematch noch früh genug!		Non ti preoccupare - sono sicuro che avremo\nl'opportunità di giocare di nuovo molto presto!	Não se preocupa, tenho certeza de que vamos\nter a chance de brincar de novo em breve!	¡Adiós! ¡Jugaremos de nuevo pronto!	Nic się nie martw - Na pewno dostaniemy\nszansę znowu się pobawić! 		Merak etme, eminim çok yakında\ntekrar oynama fırsatımız olacak!		See ya! I'll play with you again next time!	Пока-пока! Потом ещё раз поиграем!
														
event10_name	Ali-Baba's Advice	アリババの助言、新たな冒険	El Consejo de Alí Babá	Ali-Babas guter Rat		Il consiglio di Ali-Baba	Conselho de Ali Babá	El consejo de Alí Babá, una nueva aventura	Rada Ali-Baby		Ali-Baba'nın Tavsiyeleri		Ali-Baba's Advice, a New Adventure	Совет от Али-Бабы.
event10_1	...Then we escaped back here.	ってワケなんだ	...y por eso estamos aquí.	...und schon waren wir wieder hier.		 ...Poi siamo scappati di qua.	...foi isso que aconteceu.	Así están las cosas.	... Po czym uciekliśmy spowrotem tutaj.		...Sonra buraya geri kaçtık.		...And that's what happened.	...вот такие дела.
event10_2	Hmmmm.\nWell, let's see...	うーん\nもしかしたら…	Mmmmm... Ya veo...	Hmmm.\nMal sehen...		Mmmmh.\mBene, vediamo...	Hmmmm.\nBem, vejamos...	Mmm... Tal vez...	Hmmm.\nCóż, zobaczmy...		Hmmmm.\nPeki, bir bakalım...		Hmm, maybe...	М-м-м...
event10_3	My friend Sinbad might be able to share	ボクの友達のシンドバッドなら	A lo mejor mi buen amigo Simbad	Mein Freund Sindbad teilt bestimmt etwas		Il mio amico Sinbad potrebbe passarti	Meu amigo Simbad pode te ajudar,	...mi amigo Simbad pueda brindar	Mój przyjaciel Sinbad może być w stanie		Arkadaşım Sinbad, dünyevi bilgilerinden 		If you asked my friend Sinbad,	Нам надо обратиться к моему другу, Синдбаду.
event10_4	Some of his worldly knowledge with you.	いい知恵を貸してくれるかも…	puede compartir con vosotros uno de sus sabios consejos.	von seiner Welterfahrung mit euch.		Un'pò della sua conoscenza del mondo con te.	ele sabe de muitas coisas sobre esse mundo.	algún sabio consejo.	Podzielić się swoją wiedzą z tobą.		bazılarını sizinle paylaşabilir.		He might be able to give some good ideas...	Думаю, он сможет помочь.
event10_5	So, where is he?	で　そいつはドコにいるんだ？	Vale, y ¿dónde se encuentra?	Und wo steckt er?		Quindi, dove si trova?	E... onde ele está?	Bueno, ¿dónde está ese tipo?	To gdzie go znajdę?		Peki, o nerede?		So, where is that guy?	А... и где же нам его искать?
event10_6	Well, according to rumor,\nhe was fighting some pirates	うわさだと　ある島で海賊と戦って	Se rumorea que estaba en alguna isla,\ninvolucrado en una lucha pirata,	Nun, Gerüchten zufolge kämpfte er\ngegen eine Bande Piraten,		Ecco, secondo le voci,\nstava combattendo dei pirati	Bom, de acordo com rumores,\nele estava brigando com uns piratas	Dicen los rumores que peleaba\ncontra piratas en una isla	Cóż, na podstawie pogłosek,\nwalczył z jakimiś piratami		Söylentilere göre, Rukh\ntarafından kaçırıldığında		Rumor has it that he was fighting some pirates	По слухам, он сражался с пиратами\nна одном острове,
event10_7	When he was taken away by the Rukh.	ルフ鳥にさらわれたらしいんだよね	cuando unos ruc se lo llevaron.	als er vom Rukh entführt wurde.		Quando è stato catturato dal Rukh.	E foi capturado pelo Roca.	cuando fue raptado por el Rokh.	Po czym zabrał go Rukh.		bazı korsanlarla savaşıyordu.		And got captured by the Rukh.	и его похитила птица Рух.
event10_8	The Rukh...	ルフ鳥…	¿Unos """ruc"""...?	Vom Rukh...?		Il Rukh...	O Roca...	El Rokh...	Rukh...		Rukh...		The Rukh...	Птица Рух?..
event10_9	It's a giant bird.	巨大な鳥さ	Son unos pájaros colosales.	Ein gigantischer Vogel.		È un uccello gigante.	É um pássaro gigante.	Es un pájaro gigante.	To gigantyczny ptak.		O devasa bir kuş.			Это огромная птица.
event10_10	Well, not exactly a bird.\nIt's more like a living fossil.	鳥っていっても　もう\n生きる化石みたいなものなんだけどね	Bueno, digo """pájaros""", pero a estas alturas\nson más bien fósiles vivientes.	Oder viel mehr das lebende Fossil\neines gigantischen Vogels.		Cioè, non esattamente un uccello.\nÈ più come un fossile vivente.	Bom, não exatamente um pássaro.\nÉ mais um fóssil vivo.	Aunque es más como un fósil viviente que un ave.	No, nie do końca ptak.\nBardziej jak żywa skamielina.		Aslında tam olarak bir kuş değil.\nDaha çok yaşayan bir fosil gibi.		Though it's more like a living fossil than a bird.	Ну, не совсем птица, скорее что-то\nвроде живого ископаемого.
event10_11	Huh. Well, okay, so then where is\nthis, er...bird thing?	ふーん　で　どこにいるんだ？\nそのナントカ鳥は…	Mmm... Vale, y ¿dónde se encuentran los pájaros... esos?	Oh. Tja, okay, und wo finde ich\ndieses... Vogel-Dingens?		Huh. Beh, okay, quindi dove si trova\nquesto, ehm... uccello-coso?	Ah. Bem, certo, e onde está esse... tal pássaro?	Umm... Bueno, ¿dónde está... este... como pájaro?	Hm. No okej, w takim razie gdzie jest\nten yy... ptakowaty cosiek?		Hımm. Pekala, peki o zaman bu,\neee... kuş benzeri şey nerede?		Hmm. So, where is it? That...whatever bird thing?	А-а.. А где её искать?\nНу, эту какую-то там птицу.
event10_12	I think the Rukh flocks someplace out\nin the skies to the west.	ルフ鳥は今　群れとなって\n西の空を飛んでると思うよ。	Creo que los pájaros ruc están volando\nen bandada por occidente.	Ich glaube, ich sah den Rukh irgendwo\nam westlichen Himmel entlangfliegen.		Penso che il Rukh si raduni presso\ni cieli verso l'ovest.	Acho que o Roca voa em grupos nos céus para o oeste.	Me parece que la parvada del Rokh\nestá volando en los cielos occidentales.	Sądze, że Rukh kręci się\ngdzieś w powietrzu na zachodzie.		Bence Rukh  batıdaki gökyüzünde\nbir yerlerde uçuyor.		I think the Rukh are flying as a flock\nover the western sky right now.	По моим наблюдениям, Рух летают стаями\nна небе к западу отсюда.
event10_13	The skies, huh? OK!\nHey, Shahra!	空か…　ＯＫ！\nシャーラ！	Conque están en el cielo...\n¡Escucha, Shara!	Am Himmel, was? OK!\nHey, Shahra!		I cieli, eh? OK!\nHey, Shahra!	Nos céus, né? Beleza!\nEi Shahra!	El cielo... ¡Bien, Shahra!	W powietrzu, co? Spoko!\nHej, Shahra!		Gökyüzü, huh? Tamam!\nHey, Shahra!		The skies, huh?\n...OK! Shahra!	На небе? Хорошо!\nШахра!
event10_14	"""O Master, what is thy wish?"""	「なにがお望みでしょう?\nご主人さま　なんなりとご命令を」	"""A su servicio, mi amo.\nSus deseos son órdenes""".	"""Oh Meister, wie lautet dein Wunsch?"""		"O Maestro, qual'è il suo desiderio?"	"""Ó Mestre, qual é o seu desejo?"""	"""¿Qué es lo que desea, mi amo?\nSus deseos son órdenes."""	"Oh Mistrzu, jakie jest twoje życzenie?"		"Ey Üstat, dileğiniz nedir?"		"""What do you wish for, my Master?\nI am at your command."""	Чего желаете, мой Господин?\nТолько скажите, и желание исполнится.
event10_15	We need that magic carpet! We've got\nourselves a Rukh to track down!	マジックカーペットでいくぜ！\nルフ鳥とやらの背中まで運んでくれ！	¡Vamos en alfombra mágica!\n¡Tenemos que ir volando hasta esos ruc!	Wir brauchen deinen fliegenden Teppich!\nDann stöbern wir mal einen Rukh auf!		Ci serve quel tappeto magico! Abbiamo\nun Rukh da trovare!	Precisamos daquele tapete mágico!\nNós temos que procurar o Roca!	¡Volemos en una alfombra voladora!\n¡Vamos a seguir a ese Rokh-sé-qué!	Potrzebujemy ten magiczny dywan!\nMamy ptaka do złapania!		O sihirli halıya ihtiyacımız var!\nRukh'u bulmamız gerekiyor!		Let's use the magic carpet!\nFly us to the back of those Rukh bird things!	Наколдуй нам ковёр-самолёт!\nИ доставь меня к этим птицам!
														
event11_name	Meeting Sinbad	７つの海をまたにかけた冒険者！？	Encuentro con Simbad	Begegnung mit Sindbad		Incontrando Sinbad	Encontrando Simbad	¡¿Un aventurero que ha cruzado los siete mares?!	Spotkanie Sinbada		Sinbadla Tanışma		An Adventurer Who Has Traveled Across the 7 Seas?!	Заключённый Синдбад.
event11_1	Hey, Knuckles!\nHow'd you get here?	Ｈｅｙ！　ナックルズ！\nナックルズじゃないか！	¡Ey, pero si es Knuckles!\n¿No?	Hey, Knuckles!\nWie kommst 'n du hier her?		Hey, Knuckles!\nCome ci sei finito qui?	Ei, Knuckles!\nComo você chegou aqui?	¡Ey, Knuckles! ¿Sí eres Knuckles?	Hej, Knuckles!\nJak tyś się tu znalazł?		Hey, Knuckles!\nBuraya nasıl geldin?		Hey, Knuckles!\nIt's you isn't it!?	Эй! Наклз!\nНаклз, это ж ты, да?
event11_2	I am Sinbad of the Seven Seas!\nAdventurer of adventurers.	俺は７つの海を股にかけた\n冒険者「シンドバッド」だ	Soy Simbad el Marino, aquel que\nnavegó los siete mares.	Ich bin Sindbad, Herr der Sieben Meere!\nUnd größter aller Abenteurer.		Io sono Sinbad dei Sette Mari!\nAvventuriero degli avventurieri!	Eu sou Simbad dos Sete Mares!\nO aventureiro dos aventureiros.	Soy Simbad, el aventurero que\nnavegó por los siete mares.	Jestem Sinbadem Siedmiu Mórz!\nPoszukiwaczem przygód nad przygodami.		Ben Yedi Denizlerin Sinbad'ıyım!\nMaceracıların maceracısı.		I am Sinbad, the adventurer who crossed the seven seas.	Я бороздил по семи морям в поисках\nсокровищ, зовут меня Синдбад.
event11_3	Who the heck are you?	君はいったいだれだ？	 ¿Y tú quién rayos eres?	Wer zum Geier bist du?		Chi diamine sei tu?	Quem diabos é você?	¿Quién demonios eres tú?	Kim ty do licha masz być?		Sende kimsin?			Ты кто такой вообще?
event11_4	Oh, Sinbad!\nIt truly is you, the great adventurer?	おぉ\nいだいな冒険者　シンドバッドさま	¡Ooh! Simbad,\n¡el grandioso aventurero!	Oh, Sindbad! Ihr seid es wirklich!\nDer große Abenteurer!		Oh, Sinbad!\nSei veramente tu, il grande avventuriero!	Ó, Simbad!\nÉ você mesmo? O grande aventureiro?	Oh, gran aventurero Simbad.	Oh, Sinbad,\nto naprawdę ty, wielki podróżnik?		Ah, Sinbad!\nGerçekten de sen misin, o büyük maceracı?		Oh, great adventurer Sinbad,	О-ох! Великий Синдбад-мореход!
event11_5	Would you be willing to give us some\nof your worldly wisdom?	その　たぐいまれなる　お知恵を\n私どもに貸していただけませんか？	¿Podría compartir con nosotros un\nápice de su infinita sabiduría?	Wärt Ihr so gütig, uns an Eurer Weisheit\nteilhaben zu lassen?		Saresti disposto a darci un'pò della tua\nsaggezza di vita?	Você poderia compartilhar sua sabedoria conosco?	¿Podríamos contar con su incomparable sabiduría?	Czy byłbyś w stanie użyczyć nam\nswojej wielkiej wiedzy?		Bize dünyevi bilgeliğinizden birazını paylaşmaya razı olur musunuz?		Would you be so kind as to lend us\nyour unparallelled wisdom?	Не могли бы вы поделиться с нами...\nсвоей житейской мудростью?
event11_6	Hey, er, Miss...uh...	レディ　え…っと	Bueno, señorita-- Eh...	Hey, ähm, Miss...öhm...		Hey, erm, Signora...uh...	Ei, é... Senhorita... ah...	Señorita... eh...	Hej, ee, Pani... erm...		Hey, er, Bayan...uh...		Lady, um...	Леди, э-э...
event11_7	Shahra.	シャーラです	Shara.	Sharah.		Shahra.	Shahra.	Shahra.	Shahra.	夏拉。	Shahra.		It's Shahra.	Я Шахра.
event11_8	Shahra.	シャーラ	...Shara.	Sharah.		Shahra.	Shahra.	Shahra.	Shahra.	夏拉。	Shahra.			Шахра.
event11_9	Listen, I hate to break it to you,\nbut I'm kind of stuck, here.	残念だが　私は閉じ込められた身	Desafortunadamente, estoy aquí encerrado.	Hör mal, tut mir leid dich enttäuschen zu müssen,\naber ich sitze hier irgendwie fest.		Ascolta, mi dispiace deluderti,\nma sono bloccato qui. 	Escuta, odeio ser estraga prazeres,\nmas eu meio que tô preso aqui.	Lamentablemente, me encuentro confinado.	Słuchaj. Nie chce nic mówić,\nale tak jakby tutaj utknąłem.		Dinleyin, sizi böldüğüm için üzgünüm,\nama ben burada biraz, mahsur kaldım.		Regrettably, I am trapped.	К сожалению, меня заточили здесь.
event11_10	YOU'RE the ones who should\nbe helping me.	お願いしたいのは\nこちらのほうです	Así que ahora mismo soy yo\nel que necesita ayuda.	IHR seid diejenigen, die MIR helfen sollten.		Dovreste essere VOI quelli\nche aiutano me.	VOCÊS é que deveriam estar me ajudando!	Soy yo quien debe pedirles ayuda.	WY powinniście mi pomagać.		Bana yardım etmesi\ngerekenler SİZSİNİZ.		It is me who would like to ask you a favor.	И помощь нужна сначала мне.
event11_11	I feel a strong magical force here.	ここにも　強力な魔法の力を感じます	Aquí también percibo una poderosa magia.	Ich kann eine starke magische Aura spüren.		Sento una grande forza magica qui.	Eu sinto uma força mágica forte aqui.	Aquí también percibo una poderosa magia.	Czuję tutaj silną magiczną moc.		Burada güçlü bir büyülü enerji hissediyorum.		I sense powerful magic here, too.	Я чувствую присутствие мощной магии.
event11_12	It must be the work of the Erazor Djinn.	おそらくイレイザー・ジンのしわざ	Sospecho que es obra de Erazor el Yinn.	Das muss das Werk des Erazor Djinns sein!		Dev'essere opera di Erazor Djinn.	Isso deve ser obra do Erazor Djinn.	Podría ser obra de Erazor, el Genio.	To musi być sprawka Erazora Dżina.		Erazor Cinin işi olmalı.		Perhaps it is the work of Erazor Djinn.	Снова... работа Эрейзора Джинна.
event11_13	Which means if we can break the spell,\nwe can undo this lock!	…となると　魔法をといて\nこの鍵をあければいいのですね？	Así que rompiendo el hechizo,\ndebería abrirse la puerta.	Wenn wir es also schaffen, den Zauber zu brechen,\nsollte das auch das Käfigschloss öffnen!		Ciò vuol dire che se rompiamo l'incantesimo,\npossiamo aprire questo lucchetto!	O que significa que se conseguirmos quebrar o feitiço,\n poderemos abrir a fechadura!	En ese caso, disipando la magia\nse podría desbloquear esto.	Co znaczy, że jak złamiemy zaklęcie,\nmożemy złamać też ten zamek!		Yani eğer büyüyü bozabilirsek,\nbu kilidi de açabiliriz!		...So, we just have to break the spell\nand open the lock, right?	Получается, надо снять заклятие\nи открыть эту дверь?
event11_14	Now you're talking,\nthat's the ticket, Shahra!	おぉ　シャーラそのとおりです	¡Tiene todo el sentido del mundo!	Na also! Das ist doch mal ein Wort, Shahra!		Ora si che stai ragionando,\nbene così, Shahra!	Agora tá falando a minha língua, mandou bem, Shahra!	Oh, Shahra, tienes razón.	I to ja rozumiem, Shahra!		İşte şimdi doğru konuşuyorsun,\nişte bu Shahra!		Oh, Shahra, that is correct.	Да, Шахра, всё верно.
event11_15	Come on, Shahra,\nlet's just leave him there.	こんなところも　出られないやつ\nほっとこうぜ	Ahora larguémonos. Si no puede salir\nél solo, ya se las apañará.	Ach, komm schon, Shahra.\nLassen wir ihn einfach hier.		Dai, Shahra,\nlasciamolo lì.	Anda, Shahra,\nvamos largar ele aí.	Si no puede salir solo, mejor dejémoslo ahí.	Daj se siana Shahra, po prostu\nzostawmy go tutaj.		Hadi Shahra,\nonu orada bırakalım.		If he can't even get out of here,\nlet's leave him be.	Ум привёл его за решётку.\nМожет, ну его?
event11_16	Hey, listen, hedgehog!	おぃ　そこのハリネズミ	¡Escucha, erizo!	Hey, pass auf, Freundchen!		Hey, ascolta, riccio!	Ei, escuta aqui, ouriço!	Oye, tú, erizo.	Hej, słuchaj, jeżu!		Hey, dinle, kirpi!		Hey, hedgehog.	Послушай-ка, ёж!
event11_17	Life's a game of give and take, see?\nYou help me get out of here...	ギブアンドテイクで　いこうぜ\nお前がオレ様をここから出す	¿Qué tal si hacemos un trato?\nTú me sacas a mí de aquí y,	Das Leben ist ein Geben und Nehmen, oder etwa nicht?		La vita è un gioco di dare e avere, capisci?\n Tu mi aiuti a uscire...	Que tal um acordo?\nVocê me ajuda a sair daqui...	Hagamos un trato. Sácame de aquí\ny te prestaré mi sabiduría.	Życie to gra dawania i brania, rozumiesz?\nTy pomożesz mi się stąd wydostać...		Hayat bir al ver oyunu, anlıyor musun?\nBana buradan çıkmamda yardım etmelisin...		Let's do some give-and-take.\nYou get me out of here.	Давай заключим сделку!\nВы меня отсюда вытаскиваете, а я...
event11_18	...And in return, I'll help you out later.\nNot a bad deal, huh?	そしたらオレ様が知恵を貸す\nどうだ　わるくないだろ？	a cambio, yo os presto mi sabiduría.\n¿Que te parece? Nada mal, ¿eh?	Ihr holt mich aus diesem Käfig raus, und im Gegenzug\nhelfe ich euch danach. Gar nicht mal so übel, hä?		...E in cambio, io ti aiuto subito dopo.\nNon male come offerta, eh?	...e em troca, eu te mostro a minha sabedoria depois.\nNão é um mal negócio, né?	¿Qué me dices? No está mal, ¿eh?	... I w zamian, ja pomogę Tobie.\nChyba jesteśmy umówieni, co nie?		...Karşılığında ben de sana daha sonra yardımcı olacağım.\nFena bir anlaşma değil, değil mi?		Then, I shall lend you my wisdom.\nNot a bad deal, right?	поделюсь с вами мудростью.\nНу как? По рукам?
event11_19	Wisdom...Knuckles?	ナックルズの知恵ねぇ…	Sabiduría... ¿¿de Knuckles??	Weisheit... Knuckles?!		Saggezza...Knuckles?	Sabedoria? Knuckles?	¿La sabiduría de Knuckles?	Wiedza... Knuckles?		Bilgelik...Knuckles?		Kunckles's wisdom, huh...	Мудростью Наклза...
event11_20	?	？	¿Hum?	?		?	?	¿Eh?	?		?			М-м?
event11_21	Ah, never mind.\nCome on, let's find that key.	いや　なんでもない\nそれじゃ　鍵でも何でも探すとするか	Nada, nada. Pues entonces buscemos la\nforma de liberarlo o lo que sea.	Ach, gar nichts. Komm schon,\nfinden wir diesen Schlüssel!		Ah, come non detto.\nDai, andiamo, cerchiamo quella chiave.	Ah, esquece.\nVenha, vamos encontrar essa chave.	Ah, no es nada.\nBueno, busquemos la llave o lo que sea.	Eh, nieważne.\nDawaj, znajdżmy ten klucz.		Ah, her neyse.\nHadi gidip o anahtarı bulalım.		Oh, it's nothing.\nWell then, let's look for a key or whatever.	Да нет, ничего.\nНу что ж, тогда нам нужно отыскать ключ.
														
event12_name	The Rescue of Sinbad!	炎のマジンには水をカイゾクには何を？	¡El Rescate de Simbad!	Sindbads Rettung!		Salvando Sinbad!	O Resgate de Simbad!	Agua para el majin de fuego,\n¿pero para los piratas?	Ratowanie Sinbada!		Sinbad'ın Kurtarılması!		Water for the Fire Genie, But for the Pirates?	Спасение Синдбада!
event12_1	Phew! Okay, so about the fire genie, then...	ふぅーん　炎のマジンねえ…	Hum, conque un espíritu de fuego...	Puh! Okay, was den Feuer-Dschinni betrifft...		Phew! Okay, quindi, sullo spirito di fuoco...	Ufa! Beleza, sobre esse espirito de fogo, então...	Mmm... Un majin de fuego, ¿eh?	Fiu! Dobra, więc co do tego ognistego dżina...		Phew! Tamam, o zaman ateş cinine gelelim...		Hmm, a fire genie, huh...	М-м-м... Злой дух огня?
event12_2	Why not just try splashing\nsome water on him?	だったら水でもかけりゃ\nいいんじゃねえのか	¿Por qué no probáis a echarle agua encima y ya?	Habt ihr es schon mal mit Wasser versucht?		Perché non provare semplicemente\na buttargli dell'acqua addosso?	Por quê você não tenta jogar água nele?	¿Y si le echas agua encima?	Czemu po prostu nie wylejecie\nna niego trochę wody?		Neden üzerine biraz su\nsıçratmayı denemiyorsunuz?		Why don't you just pour some water on it, then?	Может, тогда облить его водой?
event12_3	WOW! The wisdom of Sinbad of the Seven\nSeas! The adventurer of adventurers.	さすがは７つの海を股にかけた\n冒険王のシンドバッドさまだぜ	¡Guau! Conque esta es la sabiduría de Simbad el Marino, que surcó los siete mares y es rey de los aventureros.	WOW! Die Weisheit von Sindbad,\nHerrn der Sieben Meere, und größtem aller Abenteurer!		WOW! La saggezza di Sinbad dei Sette\nMari! L'avventuriero degli avventurieri.	UAU! Então essa é a sabedoria do Simbad dos Sete Mares!\nO aventureiro dos aventureiros.	¡Bueno, he aquí Simbad, el aventurero\nque ha navegado los siete mares!	ŁAŁ! Wielka wiedza Sinbada Siedmiu Mórz!\nPodróżnik nad podróżnikami.		Vay canına! Yedi Denizlerin Sinbad'ının\nbilgeliği! Maceracıların maceracısı.		That's Sinbad for you,\nthe adventurous king of the seven seas.	Да уж... совет, достойный Синдбада,\nморехода, бороздящего по семи морям!
event12_4	Hey, I don't see you coming up with\nany better ideas!	なんだ貴様　だったらお前なら\nどうするってんだ！！	¿Cómo osas burlarte, erizo insolente?\n¿¡A ti que se te ocurre, entonces!?	Hey, Held vom Erdbeerfeld!\nWenn du keine bessere Idee hast, mach'n Kopf zu!		Hey, non mi sembra che tu ti\nstia inventando niente di meglio!	Ei, não tô vendo você dar\nnenhuma ideia melhor!	¿Acaso TÚ harías otra cosa? ¿Qué harás entonces?	Hej, nie widzę żebyś miał\njakieś lepsze pomysły!		Hey, senin daha iyi bir fikir\nbulabileceğini sanmıyorum!		The heck was that?\nWhat would YOU do then?!	Насмехаешься?\nВидимо, у тебя есть идея получше?
event12_5	Stop it!	ストーップ！！	¡Parad!	Auszeit!		Smettetela!	Parem!	¡Alto!	Przestańcie!		Kesin şunu!		Stop!	Прекратите!
event12_6	The problem is, how are we going\nto get ENOUGH water	問題は炎のマジンをたおすほどの水を	El verdadero problema es,\n¿de dónde vamos a sacar tanta agua	Die Sache ist doch,\nwoher bekommen wir GENUG Wasser,		Il problema è, come facciamo a prendere\nacqua SUFFICENTE	O problema é, como nós vamos ter\nágua o suficiente	El problema es cómo obtener SUFICIENTE agua	Problem z tym pomysłem jest zdobycie\nWYSTARCZAJĄCO wody		Sorun şu ki, bir yangın cinini söndürmek için\nYETERLİ miktarda 		The question is, how are we going\nto get ENOUGH water	Проблема в том, что воды надо много,\nдаже слишком.
event12_7	To put out a fire genie, right?	どうやって手に入れるか？　なんだ	 como para extinguir el fuego del espíritu?	um ein Feuer-Dschinni zu löschen, richtig?		Per spegnere il genio del fuoco, giusto?	para apagar um espirito de fogo, hein?	para derrotar al majin de fuego.	By ugasić ognistego dżina, co nie?		suyu nasıl bulacağız, değil mi?		To put out the flame genie, right?	А где столько взять... мы не знаем.
event12_8	I was getting to that.	ふん　それを先にいえよ	Je, ya prodría haber preguntado en vez de mofarse.	Heh, dazu wollte ich gerade kommen.		Ci stavo arrivando.	Eu tava chegando lá.	Jum, pudieron empezar por ahí.	Docierałem do tego.		Oraya geliyordum.		Hmph, you should have asked that first.	Хм, так бы сразу и сказал.
event12_9	?	？	¿Hum?	?		?	?	¿?	?		?			М-м?
event12_10	You see, the pirates who locked me\nup here took the Water Blue Ring	俺様を閉じこめた海賊連中が\n嵐をあやつる水色のリングを	Los piratas que me encerraron\ntienen en su posesión	Wisst ihr, die Piraten, die mich\nhier einsperrten, haben mir den		Vedi, I pirati che mi hanno rinchiuso\nqui hanno preso l'Anello Blu dell'Acqua	Então, os piratas que me prenderam aqui\ntinham um anel azul claro 	Esos piratas que me encerraron\ntenían un Anillo azul celeste	Widzisz, piraci którzy mnie tu zamkneli\nzabrali mój Niebieski Pierścień Wody		Gördüğünüz gibi, beni buraya hapseden korsanlar,\nfırtınaları kontrol etmek için		The pirates who locked me up had a light blue ring	У пиратов, с которыми я сражался,
event12_11	I use to control storms.	持ってやがったのさ	un anillo celeste capaz de controlar\nlas tempestades.	wasserblauen Ring gestohlen, mit dem ich\nStürme kontrollieren kann.		che uso io per controllare le tempeste.	que controla as tempestades.	que controla las tormentas.	Którego używam do kontrolowania burzy.		kullandığım Su Mavisi Yüzüğü'nü çaldılar.		That can create storms.	есть голубое кольцо, которое вызывает бурю.
event12_12	A water blue...	水色の…	Un anillo...	Ein wasserblauer...		Un anello...	Um anel azul...	Un Anillo...	Niebieski...	一枚水藍色的...	Bir su mavisi...		A light blue...	Голубое?..
event12_13	Ring.	リング…	celeste.	Ring.		Azzurro.	Claro.	Celeste...	Pierścień.	戒指。	Yüzüğü.		Ring...	Кольцо...
event12_14	First a fire genie,\nand now pirates, huh?	炎のマジンの　つぎは海賊退治か	¿Primero a por un espíritu de fuego y\ndespués tras unos piratas?	Erst ein Feuer-Dschinni, und jetzt Piraten, hä?		Prima un genio di fuoco,\ne ora pirati, eh?	Primeiro um espirito de fogo,\ne agora piratas, né?	Primero un majin de fuego,\n¿y ahora cazaremos piratas?	Najpierw ognisty dżin, teraz piraci, co?		Önce bir ateş çini,\nve şimdide korsanlar, huh?		First a fire genie, then pirate extermination, huh?	Сначала дух огня, теперь шайка пиратов?
event12_15	The Arabian Nights really are worlds\nof endless adventures, aren't they?	さすがアラビアンナイト\n冒険の絶えない世界だぜ	Las mil y una noches realmente es hogar\nde incontables aventuras.	Tausendundeine Nacht ist wirklich eine Welt\nder unbegrenzten Abenteuer, was?		Le Mille e una Notte sono veramente mondi\ndi infinite avventure, no?	As Mil e Uma Noites realmente\nsão mundos de aventuras sem fim, não é mesmo?	"""Las mil y una noches""" son\nun mundo de aventuras sin fin.	Arabskie Noce to naprawdę światy\nnieskończonych przygód, czyż nie?		Binbir Gece Masalları gerçekten de\nsonsuz maceralar dünyası, değil mi?		As expected of the Arabian Nights,\na world where adventure never ends!	"""Тысяча и одна ночь"""... Действительно,\nмир бесконечных приключений!
														
event13_name	The Ring of Prayers	青色の世界リング　ゲート！	El Anillo de la Fe	Der blaue Weltenring		Preso l'Anello Mondiale Blu!	Anel da Esperança	¡Obteniendo el Anillo azul de las Plegarias!	Pierścień Pacierzy	藍色世界戒指	Dua Yüzüğü		Got the Blue World Ring!	Вы получили синее\nМировое кольцо!
event13_1	Man...there's just no end to these\nevil spirits, is there?	やっとか…　まったくマジンも\nキリなく　でてくるな	Por fin... Buf, hay espíritus para rato.	Mann...\nDiese bösen Geister nehmen ja gar kein Ende mehr!		Finalmente...Questi geni continuano ad arrivare senza sosta eh...	Cara... esses espiritos malignos\n não acabam, né?	Por fin... Caray, esos majin no dejan de aparecer.	O chłopie... Nie ma końca tych\nzłych duchów, prawda?		Vay canına... bu kötü ruhların\nsonu yok gibi, değil mi?		Finally...These genies just keep coming out endlessly, huh.	Наконец-то... что-то этим духам\nконца и края не видно.
event13_2	That's...	これは…	Este es...	Ist das...?		Questo è...	Esse é...	¿Este es...?	To jest...		Bu...		This is...	А это?..
event13_3	It must be another one of\nthe seven World Rings.	これは７つの世界リングのひとつ…だな	Es otro de los siete Anillos Secretos...	Das muss noch einer der sieben Weltenringe sein!		Questo è uno dei sette Anelli Mondiali...	Deve ser mais um dos\n sete Anéis do Mundo.	Es otro de los siete Anillos mundiales.	To musi być kolejny Pierścień Świata.		Bu, yedi Dünya Yüzüğünden\nbir diğeri olmalı.		This is one of the seven World Rings...	Похоже, это ещё одно из семи\nМировых колец, да?
event13_4	Are you okay?	大丈夫？	¿Estás bien?	Bist du okay?		Stai bene?	Você está bem?	¿Estás bien?	Wszystko w porządku?		İyi misin?			Ты в порядке?
event13_5	Yeah, I'm fine.\nOk...alright.	ＯＫ\nＡＬＬ　ＲＩＧＨＴ！	Sí. No te preocupes.	Ja, alles bestens.\nOK... Alles klar.		Si. Bene!	Sim, tô bem.\nOk... certo.	Sí. Muy bien...	Tak, tak, ale...		Evet, iyiyim.\nTamam...pekala.		Okay. All right!	Да!\nЯ в норме!
event13_6	Just touching it makes me feel like	ただ　さわると大きな感情のウズが	Es solo que, cuando lo toco,	Allein ihn zu berühren fühlt sich an,		Ma quando tocco questi,	Só de tocar nele me faz sentir	Pero al tocarlo me invade	Po prostu, dotykanie go sprawia,		Sadece ona dokunmak bile içimde		But when I touch these,	Когда я дотронулся до него,
event13_7	I've got a whirlpool of emotions\nspiraling around inside me.	流れこんでくるんだ…	se cuela en mi cuerpo una espiral\nde emociones...	als würde ein Strudel verschiedener Emotionen\nin mir losbrechen.		Un vortice di emozioni scorrono dentro di me...	um turbilhão de emoções\nrodopiando dentro de mim.	una gran oleada de emociones.	Że wiruje we mnie wiele emocji.		bir duygu girdabı\noluştuğunu hissettiriyor.		A bit whirlwind of emotions flows inside me...	меня будто закружило в вихре эмоций.
event13_8	I can't even begin to imagine	全く　こんなリングが７つ集まれば	No puedo ni imaginar	Ich fange gerade erst an zu verstehen,		Cavolo, non posso nemmeno immaginare	Não consigo nem imaginar	Ni siquiera puedo imaginarme	Nie jestem w stanie sobie nawet wyobrazić		Yedi yüzüğe birden sahip olmanın		Man, I can't even begin to imagine	Ужас... Мне даже страшно представить...
event13_9	What having all seven rings would do\nto someone.	いったい　なにが起こるか\n想像もできないぜ	qué pasaría si se reunisien los siete Anillos.	was alle sieben Ringe mit jemanden anstellen könnten.		Cosa succederebbe se\nsette di questi anelli fossero riuniti.	o que ter todos os sete anéis\nfaria com alguém.	lo que pasaría si se juntaran estos siete anillos.	Co by się stało z tym kto zdobyłby\ncałe ich siedem.		bir insanı nasıl etkileyeceğini\nhayal bile edemiyorum.		What would happen if\nseven of these rings were gathered together.	...что будет, когда найдём все семь колец...
event13_10	...	…	...	...		...	...	...	...		...			...
event13_11	It might even open the gates of hell...	地獄の扉でも開いたりしてな…	Quizás abrirían las puertas del infierno...	Sie könnten sogar die Tore zur Hölle öffnen...		Potrebbe anche aprire le porte dell'inferno...	Talvez isso até abra os portões do inferno...	Bien podrían abrirse las puertas del infierno...	Mogłyby nawet otworzyć bramy piekielne...		Hatta cehennemin kapılarını bile açabilir...		They could even open the gates of hell...	Тянет как минимум на врата в Ад.
event13_12	Sonic...here.	ソニック…　これ	Sonic... toma.	Sonic... Hier.		Sonic...qui.	Sonic... toma.	Sonic, toma...	Sonic... trzymaj.		Sonic...bak.			Соник, возьми...
event13_13	?	？	¿Hum?	?		?	?	¿Eh?	?		?			А-а?
event13_14	I want you to hold on to this.	これを　あずかっていて…	Por favor, guarda esto por mí...	Ich möchte, dass du dies an dich nimmst.		Stavo tenendo questo...	Eu quero que você guarde isso.	He estado guardando esto...	Chcę żebyś to wziął.		Bunu saklamanı istiyorum.		I've been holding onto this...	Пусть будет у тебя.
event13_15	Uh...okay.\nWhat is it?	ＷＨＡＴ？\nこれは？	Eh... ¿Y eso es?	OK.\nWas ist das?		Cosa? Cos'è questo?	Hm... ok.\nO que é isso?	¿Qué? ¿Qué es esto?	Em... okej. Co to jest?		Uh...tamam.\nO nedir?		What? What's this?	Что?\nЧто это?
event13_16	If nothing else we do is able to stop\nhim, this will be our final resort.	これは　誰もカレを止めることが\nできなくなったときに　カレを止めるもの	Es algo que podría deterner a Erazor cuando\nya nada más pueda hacerlo.	Sollte keiner unserer Bemühungen in der Lage sein,\nihn aufzuhalten, ist das hier unser letzter Ausweg.		Se nessuno fosse\nin grado di fermarlo, questo lo farà.	Se tudo o que fizermos não for o suficiente para impedi-lo,\nesse será nosso ultimo recurso.	Esto es... lo que lo detendrá cuando\nya nadie pueda detenerlo.	Jeśli wszystko co zrobimy go nie zatrzyma,\nto będzie nasz ostatni ratunek.		Başka hiçbir şey onu durduramazsa,\nbu son çaremiz olacak.		In the event that no one else\ncan stop him, this will.	Если... не останется другого выхода,\nто это остановит Эрейзора...
event13_17	Shahra...	シャーラ…	Shara...	Shahra?		Shahrah...	Shahra...	¿Shahra?	Shahra...		Shahra...			Шахра...
event13_18	I cannot use it by myself.	私ひとりでは使えないもの…	No puedo utilizarlo yo misma.	Ich selbst kann es nicht einsetzen.		Non posso usarlo da solo...	Eu não posso usá-lo por conta própria.	Es algo que no puedo usar por mi cuenta.	Ja nie jestem w stanie sama jej użyć.		Yanlız başıma kullanamam.		I cannot use it on my own...	Я не могу сама... этим воспользоваться...
														
event14_name	Pirates Sighted!	海賊船団　発見！	¡Piratas a la Vista!	Piraten in Sicht!		Pirati in Vista!	Piratas a Vista!	¡Piratas a la vista!	Piraci na Horyzoncie!		Korsanlar Görüldü!			Обнаружены пиратские корабли!
event14_1	There they are!	見つけたぜ！	¡Ahí están!	Da sind sie!		Trovati!	Lá estão eles!	¡Ya los veo!	Tam są!		İşte oradalar!		Found them!	Вот и они!
event14_2	They must have the ring that lets\nthem control the power of storms!	あそこに　嵐で水をおこすことが\nできる　水色のリングがあるのね	Así que allí se supone que está el Anillo celeste\nque alberga el poder de las tormentas.	Sie müssen den Ring haben, der sie\ndie Macht der Stürme kontrollieren lässt!		C'è un anello azzurro di la\nche può creare acqua attraverso le tempeste!	Eles devem ter o anel que permite\ncontrolar o poder das tempestades!	Ahí está el Anillo celeste que puede\nprovocar tormentas, ¿verdad?	Muszą mieć Pierścień pozwalający\nim kontrolować burzę!		Fırtınaların gücünü kontrol etmelerini\nsağlayan yüzüğe sahip olmalılar!		There's a light blue ring over there\nthat can create water through storms.	Голубое кольцо, способное вызвать бурю,\nдолжно быть сейчас у них!
event14_3	Shoot first and ask questions later,\nhuh? That's pirates for ya.	さっきから、やたらと撃ってくるな\nさすがは、海賊だぜ	Llevan un rato disparándome sin parar.\nSe nota que son piratas.	Erst schießen und dann Fragen stellen, was?\nJap, eindeutig Piraten.		Ci hanno continuati a sparare senza sosta da un bel po.\nProprio una mossa dei pirati.	Atirar primeiro e perguntar depois, né?\nÉ bem a cara de piratas mesmo.	Llevan disparándonos un buen rato.\n¡Lo esperado de los piratas!	Najpierw strzelaj, potem zadawaj pytania, tak?\nTacy właśnie są piraci.		Önce ateş et, sonra soru sor,\nha? Korsanlar işte böyledir.		They've been shooting at us nonstop for a while.\nAs expected of pirates.	Сначала стреляют, потом думают!\nПираты такие пираты.
event14_4	Come on, let's just hurry!	へんなところに感心してないで！	¡No te pares a admirar cosas raras!	Los jetzt, beeilen wir uns!		Smettila di impressionarti alle cose strane!	Vamos, temos que nos apressar!	¡No te impresiones por cosas tan extrañas!	Dawaj, po prostu się pośpieszmy!		Hadi, acele edelim!		Stop getting impressed by weird things!	Может, хватит о них? У нас дело есть!
event14_5	All right, fine.\nLet's do it!	さっさと行って\nかたをつけてやるか！	¡Ya verás cómo lo resuelvo en\nun pispás!	Alles klar!\nDann mal Leinen los!		Andiamo e finiamola adesso!	Beleza, então.\nVamos nessa!	¡Entonces ocupémonos de ellos!	Dobra. Zróbmy to!		Pekala, tamam.\nHadi yapalım!		Let's go and get this over with now!	Значит, пора разобраться с ними!
														
event15_name	Captain Bemoth Appears	キャプテン　ベモス　登場	Aparece el Capitán Bimoz	Captain Bemoth erscheint		Il Capitamo Bemoth Appare	Captain Bemoth Aparece	El Capitán Bémot aparece	Przybycie Kapitana Bemotha		Kaptan Bemoth Görünüyor			Появление капитана Бемота.
event15_1	Aha, someone's looking for a duel!	へぇー\n決闘ってわけだ	Je, conque hay que batirse\nen duelo, ¿eh?	Aha, wer macht denn da so 'ne Welle?		Aha, qualcuno sta cercando un duello!	Aha, alguem tá querendo um duelo!	Oh, ¿así que es un duelo?	Aha, ktoś prosi się o bęcki!		Aha, biri düello arıyor galiba!		Hm, so it's a duel.	Ага, у нас дуэль, получается.
event15_2	Sonic...	ソニック…	Sonic...	Sonic...		Sonic...	Sonic...	¡Sonic!	Sonic...		Sonic...			...Соник!
event15_3	This should be interesting.\nCome on, let's have some fun!	面白くなってきたな\n望むところだぜ！！	La cosa se pone interesante.\n¡Justo como a mí me gusta!	Das könnte noch interessant werden.\nLos doch, lassen wir's krachen!		Questo dovrà essere interessante.\nForza, andiamo a divertirci!	Isso vai ser interessante.\nAnda, vamos nos divertir!	Esto se está poniendo interesante.\nJusto lo que quería.	To powinno być interesujące.\nNo dawaj, pobawmy się trochę!		Bu ilginç olmalı.\n Pekala, hadi biraz eğlenelim!		This is getting interesting.\nJust what I hoped for!	А стало интересно!\nЧто ж, я приму твой вызов!
														
event16_name	The Ring of Pleasure	水色の世界リング　ゲット！	El Anillo del Placer	Der wasserblaue Weltenring		Preso l'Anello Mondiale Azzurro!	Anel do Prazer	¡Obteniendo el Anillo celeste del Placer!	Pierścień Przyjemności		Zevk Yüzüğü		Got the Light Blue World Ring!	Вы получили голубое\nМировое кольцо!
event16_1	That's another of the seven rings...\nthe Water Blue Ring.	これは　７つの世界リングのひとつ\n水色のリング…	Este es otro de los siete Anillos Secretos:\nel Anillo del Placer...	Ein weiterer der sieben Ringe...\nder wasserblaue Ring.		Questo è uno dei sette Anelli Mondiali,\nl'anello azzurro...	Esse é mais um dos sete anéis...\no Anel Azul Claro.	Es uno de los siete Anillos mundiales,\nel Anillo celeste.	Kolejny z Siedmiu Pierścieni...\nNiebieski Pierścień.		Bu da yedi yüzükten bir diğeri...\nSu Mavisi Yüzüğü.		This is one of the seven World Rings,\nthe light blue ring...	Это... одно из семи Мировых колец,\nголубое кольцо.
event16_2	I can't even touch the ring.	私には　ふれることも\nできないのね	Para mí, los Anillos son intangibles.	Ich kann ihn nicht einmal berühren.		Non posso nemmeno toccarlo.	Eu nem consigo tocar no anel.	Ni siquiera puedo tocarlo.	Nie mogę go nawet tknąć.		Yüzüğe dokunamıyorum bile.		I can't even touch it.	И мне никак... не прикоснуться к нему.
event16_3	Looks like I'm the only one\nthat can touch them.	外の異世界からきたオレでないと\nふれられない訳…	O sea, que solo alguien como yo,\nque viene de otro mundo, puede tocarlos...	Scheint so, als könnte nur ich sie anfassen.		Quindi non puoi toccarlo se non sei dell'altromondo, come me....	Parece que eu sou o único\nque consegue tocar neles.	Así que no se pueden tocar si no\neres de otro mundo, como yo...	Najwidoczniej tylko ja mogę go dotknąć.		Görünüşe göre onlara dokunabilecek\ntek kişi benim.		So you can't touch it unless you're from another world, like me...	Значит, их может взять только
event16_4	I betcha it's because\nI'm not from this world.	これは…	Entonces...	Ich wette, es hat was damit zu tun,\ndass ich nicht aus dieser Welt stamme.		Questi anelli...	Aposto que é porque\nnão sou desse mundo.	¿Será...	Założę się, że przez to,\nże jestem z innego świata.		Bence bunun sebebi\nbenim bu dünyadan olmamam.		These rings...	пришедший из другого мира.
event16_5	Does that mean these rings aren't\nfrom this world, either?	この世界のモノじゃないのか？	¿...será que no son de este mundo?	Heißt das, dasselbe gilt auch für diese Ringe?		Non vengono forse anche loro da questo mondo?	Isso significa que esses anéis também\nnão são desse mundo?	...que estos no pertenecen a este mundo?	Więc czy to znaczy, że te\nPierścienie też nie są z tego świata?		Bu, bu yüzüklerin de bu dünyadan\nolmadığı anlamına mı geliyor?		Are they not from this world, either?	Получается... кольца не из этого мира?
event16_6	Sonic...	…ソニック	...Sonic.	Sonic...		Sonic...	Sonic...	Sonic...	Sonic...		Sonic...			...Соник.
event16_7	This has to be the ring that Sinbad\nwas telling us about before.	…で　あのシンドバットとか\nいうヤツが言ってたのは　コレだな	Así que esto es de lo que nos\nhablaba Simbad.	Das muss der Ring sein, von dem\nSindbad vorhin erzählt hat.		...Quindi è questo quello di cui parlava Sinbad.	Esse tem que ser o anel que o Simbad tava falando antes.	Entonces, ¿de esto es lo que hablaba Simbad?	To musi być ten Pierścień\no którym mówił Sinbad.		Bu, Sinbad'ın bize daha önce\nbahsettiği yüzük olmalı.		...So this is what that Sinbad guy was talking about.	Акх... Что ж, Синдбад, или как там его,\nговорил о нём, и оно у нас.
event16_8	Now, let's go back and defeat that,\num...whatchamacallit.	ようやく　あのでかいナントカに\n一発くれてやれるってワケだ！	¡Eso quiere decir que por fin podré\nenfrentarme a esa... cosa gigante!	Na dann, gehen wir zurück und erledigen dieses...\nFeuerflammen... dingelchen.		Finalmente, posso dare a quel come si chiama\ndelle belle bastonate!	Agora, vamos voltar e acabar com aquela... coisa.	Por fin podemos luchar contra\nese maldito como-se-llame.	Teraz idżmy złomować tego em...\njak on tam miał-		Şimdi, şu şeyi yenelim,\num...whatchamacallit.(what dedin gülüm?)		Finally, I can give that big whatchamacallit\na good beating!	Теперь мы того здоровяка\nодним ударом одолеем!
event16_9	The Ifrit, the great spirit of fire.	炎の大マジン\nイフリートよ	Un ifrit, un gran espíritu de fuego.	Den Ifrit, den großen Dschinn des Feuers.		Quello è Ifrit, il grande genio del fuoco.	O Ifrit, o grande espirito de fogo.	¿El ifrit, el majin de fuego?	Ifrita, wielkiego ducha ognia.		Ifrit, ateşin yüce ruhu.		That's Ifrit, the great fire genie.	Злого духа огня Ифрита!
event16_10	There's smoke coming from the castle!	城から煙が上がり始めてるよー！	¡El castillo ha empezado\na desprender humo!	Vom Schloss her steigt Rauch auf!		Del fumo si sta inalzando dal castello!	Está saindo fumaça do castelo!	El humo comienza a elevarse desde el castillo.	Dym wylatuje z zamku!		Kaleden duman çıkıyor!		Smoke is starting to rise from the castle!	Из дворца клубами валит дым!
event16_11	It looks like the Ifrit's power	どうやら　イフリートの力が	Parece que el poder de ese ifrit	Es sieht ganz so aus, als ob		Sembra quasi il potere di Ifrit	Parece que o poder do Ifrit	Parece que el poder del ifrit	Wygląda na to, że moc Ifrita		İfrit'in dünyayı yakıp yıkma gücü		It's almost like Ifrit's power	Похоже, сила Ифрита настолько выросла,
event16_12	To burn the world away is\ngetting stronger!	世界を燃やすほど\n高まってきてるみたい	está aumentando lo suficiente como\npara hacer arder el mundo.	die weltvernichtenen Flammen des Ifrits\nimmer mächtiger werden!		Sta crescendo al punto\nche potrebbe incendiare il mondo.	de queimar o mundo\nestá ficando mais forte!	se hizo tan fuerte\nque podría incendiar el mundo.	Do spalenia reszty świata się zwiększa!		giderek daha da güçleniyor\ngibi görünüyor!		Is growing to the point\nwhere it could set the world ablaze.	что он сможет сжечь всё дотла!
event16_13	Okay, I'm ready!\nI hope you're ready for this, genie!	こっちも準備ＯＫだ\n待ってろよ　大マジン！！	Nosotros también estamos preparados.\n¡Ya verás lo que te espera, espíritu!	OK, ich bin startklar!\nHoffe, du bist auch bereit, Dschinni!		Anche noi siamo pronti.\nVedrai grande genio!	Beleza, tô pronto!\nEspero que você esteja pronto pra isso, espirito!	¡También estamos listos! ¡Sólo espera, gran majin!	Dobra, jestem gotów! Mam nadzieję,\nże przyszykowałeś już poślady, dżinie!		Tamam, ben hazırım!\nUmarım sen de buna hazırsındır, cin!		We're all ready too.\nJust you wait, great genie!	Я вполне к бою готов!\nЖди меня, здоровяк!
														
event17_name	Rematch with the Ifrit	イフリートとの再戦！	Revancha contra el Ifrit	Wiedersehen mit dem Ifrit		Rivincita con l'Ifrit	Revanche contra Ifrit	¡La revancha contra el ifrit!	Rewanż z Ifritem	再戰伊弗利特	Ifrit ile Rövanş			Повторная схватка с Ифритом!
event17_1	Sorry to keep you waiting!	Ｓｏｒｒｙ\nまたせたな！	¡Perdona por hacerte esperar!	Tschuldige die Verspätung!		Scusa! Ti ho fatto aspettare!	Desculpa pelo atraso!	Disculpa, te hicimos esperar.	Sory, że musiałeś czekać!	抱歉讓你久等啦！	Beklettiğim için üzgünüm!		Sorry! Made you wait!	Прости нас.\nМы задержались.
event17_2	Roooaarr!	ゴッフォー	¡Groaaaaaaar!	Roooaarr!		Roooaarr!	Roooaarr!	*rugido*	Raaargh!	吼！！	Roooaarr!			Гр-р-р-р!
event17_3	I didn't mean to leave you hanging, earlier.	この間　デートを途中で\nすっぽかしたからって	¿Aún estás enfadado porque me marché	Hey, ich wollte dich gar nicht so lange schmoren lassen.		Solo perchè ti ho dati buca nel\nmezzo del nostro appuntamento l'altro giorno,	Eu não queria ter te deixado no vácuo antes.	Ya sé que te dejé plantado el otro día.	Nie chciałem Cię wcześniej tutaj zostawić samego.	我之前不是故意要讓你乾等的。	Seni daha önce böyle yarı yolda bırakmak istememiştim.		Just because I stood you up in the\nmiddle of our date the other day,	Я всего лишь... оставил тебя одного
event17_4	You're not still mad at me, are you?	まだ怒ってるのか？	el otro día en mitad de nuestra cita?	Nimmst du mir das echt noch krumm?		Sei ancora arrabiato al riguardo?	Você ainda não tá irritado comigo, né?	¿Sigues enojado?	Nie jesteś chyba na mnie zły, prawda?	你沒有對人家發脾氣吧？	Bana hala kızgın değilsin, değil mi?		Are you still mad about that?	ненадолго, а ты всё на меня злишься?
event17_5	You really need to learn to be more\npatient, you know.	そんな小さいハートじゃ\nみんなに嫌われるぜ	No le vas a gustar a nadie\ncon tan poco corazón.	Du solltest dich echt mal mehr\nin Geduld üben, weißt du das?		Tutti ti odieranno se il tuo cuore è così stretto.	Você devia aprender a ser mais paciente, sabe.	Con tan poco corazón,\nacabarás cayéndole mal a todos.	Powinieneś nauczyć się być trochę\nbardziej cierpliwym, wiesz?	你真的得學會要更有耐心耶。	Gerçekten daha sabırlı olmayı\nöğrenmelisin, biliyorsun.		Everyone will hate you if your heart's that narrow.	Будь добрее, здоровяк, а то любить\nникто не будет.
event17_6	Now, Ring of Water!\nBring forth a mighty storm!	さぁ　水色のリングよ\n嵐を　よびおこしてくれ	¡Ahora, Anillo celeste!\n¡Provoca un aguacero!	Nun, Ring des Wassers!\nBring einen tobenden Sturm hervor!		Adesso, anello azzurro, dammi una tempesta.	Agora, Anel de Água!\nTraga uma tempestade poderosa!	Vamos, Anillo celeste, provoca una tormenta.	Teraz, Pierścieniu Wody!\nZeślij nam potężną burzę!	現在，水之戒指！讓這裡下起傾盆大雨！	Şimdi, Su Yüzüğü!\nBüyük bir fırtına getir!		Now, light blue ring, give me a storm.	А теперь, голубое кольцо,\nпризови сюда бурю!
event17_7	Rrrrgh!	グッフォー	¡¡Grrrrrrrrrrr!!	Rrrrgh!		Rrrrgh!	Rrrrgh!	*rugido*	Rrrrgh!	嘎嘎！！	Rrrrgh!			Гр-р-р!
event17_8	Sonic! Look!\nThe Ifrit is getting weaker!	ソニック！　ずいぶんイフリートの\n力が弱まってきたわ！	¡Sonic! ¡El ifrit ha perdido gran\nparte de su poder!	Sonic! Schau mal!\nDer Ifrit wird schwächer!		Sonic! Il potere dell'Ifrit si è indebolito considerevolmente!	Sonic! Olha!\nO Ifrit está enfraquecendo!	¡Sonic, el poder del ifrit se redujo considerablemente!	Sonic! Patrz!\nIfrit staje się słabszy!	索尼克！看啊！伊弗利特變弱了！	Sonic! Bak!\nIfrit giderek zayıf düşüyor!		Sonic! Ifrit's power has weakened considerably!	Соник!\nКажется, Ифрит стал намного слабее!
event17_9	Okay, now let's finish him off!	よーし　そろそろいくぜ！	¡Bien, pues al lío!	OK, pusten wir ihm die Kerzen aus!		Bene. è il momento di andare!	Beleza, vamos acabar com ele!	¡Bien, hay que hacerlo!	Dobra, teraz go wykończmy!	好，我們來把他解決掉吧！	Tamam, şimdi işini bitirelim!		All right. Time to get going!	Что ж, теперь сразимся!
														
event18_name	Escaping the Factory	マジン工場から脱出	Escapando de la Fábrica	Flucht aus der Fabrik		Scappa dalla Fabbrica dei Geni	Fugindo da Fábrica	Escape de la fábrica majin	Ucieczka z Fabryki	逃離工廠	Fabrikadan Kaçış		Escape from the Genie Factory	Побег с завода злых духов.
event18_1	Thump...thump...thump...	ドックン…　ドックン…　ドックン…	Bum bum... Bum bum... Bum bum... 	Klopf... Klopf... Klopf...		Tum...tum...tum...	Tum...tum...tum...	*latidos*	*Drżenie*		Tak... tak... tak...			Тук-тук... тук-тук... тук-тук...
event18_2	What the...?	これは…	¿Y eso...?	Was zum...?		È questo...	Mas o quê...?	¿Esto...?	Co do...?		Bu da ne...?		Is this...	Это...
event18_3	What is this thing?\nIs something...about to hatch?	なんだ　これは?\nなにか…生まれるのか？	¿Qué será? Parece como si fuese a...\n¿engendrar algo?	Was ist das für ein Teil?\nWill da etwa jemand schlüpfen?		Cos'è questo?Qualcosa...sta per schiudersi?	O que é essa coisa?\nAlgo vai... chocar?	¿Qué es... esto? ¿Algo saldrá de ahí?	Co to jest? Czy coś...\nsię wykluwa?		Bu şey de ne?\nBir şey...yumurtadan mı çıkmak üzere?		What's this? Is something...about to hatch?	Что это такое?\nТам внутри что-то есть?
event18_4	I can hear...I can hear\nsomething like a heartbeat.	音…　音が聞こえます…\n心臓のような音が…	¿Hum? Oigo un ruido...\nSuena como un corazón...	Ich höre... Ich höre so etwas wie ein Herzschlag.		C'è un suono...posso sentire qualcosa...\nsomiglia a un battito...	Estou ouvindo... estou ouvindo algo como\num batimento cardíaco.	Algo... Escuchó algo. Es como un latido.	Słyszę coś...\nCoś w stylu bicia serca.		Duyabiliyorum... Kalp atışına\nbenzer bir şey duyabiliyorum.		There's sound...I can hear something...\nIt sounds like a heartbeat...	Звук... Я слышу звук...\nКак будто бьётся сердце...
event18_5	Uh, Shahra...I think that might be\nsome sort of time bomb!	まさか　時限爆弾で\nあとで爆発するなんて…	Conque, como último recurso, este ifrit se\nconvierte en una bomba de relojería...	Öhm, Shahra...\nIch glaube, das ist sowas wie 'ne Zeitbombe!		Non dirmi che è una bomba a orologeria\nche esploderà presto...	Ah, Shahra... acho que isso pode ser\nalgum tipo de bomba relógio!	¡No puede ser, creo que es\nuna especie de bomba de tiempo!	Em, Shahra...\nTo chyba jest jakaś tykająca bomba!		Şey, Shahra... Sanırım bu bir\ntür zamanlı bomba olabilir!		Don't tell me it's a time bomb\nthat will explode soon...	Неужели это... звуки бомбы,\nкоторая скоро взорвётся?
event18_6	It's beating faster!	どんどん早くなってる！	¡Late cada vez más rápido!	Es schlägt schneller!		Il battito sta accelerando!	Está batendo mais rapido!	¡Su ritmo se acelera!	Bije szybciej!		Daha hızlı ötüyor!			Биение учащается!
event18_7	Oh, No!\nThis can't be good!	ＮＯ！！\nそりゃ　まずいぜ	¡Tch!\nEsto no pinta nada bien...	Teufel noch eins,\ndas ist gar nicht gut!		No! Sono pessime notizie!	Ah, não!\nIsso não vai acabar bem!	¡No! Eso no es bueno.	Oh. Nie!\nTo nie wygląda najlepiej!		Oh, hayır!\nBu iyi olamaz!		No! That's bad news!	О, нет!\nДело дрянь!
event18_8	We've got to get out of here!	急いで脱出だ！	¡Larguémonos de inmediato!	Nichts wie raus hier!		Dobbiamo scappare di qui, svelto!	Temos que sair daqui!	¡Salgamos rápido!	Musimy stąd spadać!		Buradan çıkmalıyız!		We have to get out of here, quick!	Скорее бежим отсюда!
event18_9	This thing has to explode out\nin the open!	どこか広い場所で爆発させないと！	¡Tenemos que sacarlo para que\nexplote al aire libre!	Dieses Ding muss unbedingt im Freien explodieren!		Dobbiamo detonarlo\ndove c'è tanto spazio!	Essa coisa tem que\nexplodir lá fora!	¡Hay que hacerla explotar en algún lugar abierto!	To coś musi wybuchnąć\ngdzieś na otwartym polu!		Bu şey mutlaka açık\nalanda patlamalı!		We need to detonate it\nsomewhere wide open!	Надо взорвать её на открытом месте!
event18_10	You're right!	はい！	¡Sí!	Absolut!		Giusto!	Você tem razão!	¡Sí!	Masz rację!		Haklısın!		Right!	Да!
														
event19_name	The Ring of Rage	赤色の世界リング　ゲット！	El Anillo de la Ira	Der rote Weltenring		Preso l'Anello Mondiale rosso!	Anel da Raiva	¡Obteniendo el Anillo rojo de la Furia!	Pierścień Wściekłości		Öfke Yüzüğü		Got the Red World Ring!	Вы получили красное\nМировое кольцо!
event19_1	Come on! We're almost there!	クソ！　間に合え！！	¡Venga! ¡No hay tiempo!	Los jetzt! Wir haben's fast!		Accidenti! Ero quasi arrivati!!	Anda! Estamos quase lá!	¡Mierda, debo hacerlo!	Dawaj! Prawie jesteśmy!		Hadi! Neredeyse vardık!		Darn! Almost there!!	Чёрт! Надо успеть!
event19_2	Huh?\nHey, look at this.	ん！？\nこれは…	¿Hum? Este es...	Huh?\nNa, schau mal an.		Mh!? Questo è...	Hã?\nEi, olha só.	Ese es...	Hę?\nHej, spójrz na to...		Huh?\nHey, şuna bak.		Hm!? This is...	А-а? Это же...
event19_3	Is that what I think it is?	こんなところにも…	¿Había uno aquí...?	Ist es das, was ich vermute?		In un posto come questo...	Isso é o que eu estou pensando?	¿En este lugar?	Czy to jest to, co myślę?		Bu düşündüğüm şey mi?		In a place like this...	И тут тоже оно...
event19_4	Yep. Another one of\nthe seven World Rings.	７つの世界リングのひとつだな	...otro de los siete Anillos Secretos.	Jup, noch einer der sieben Weltenringe!		Quello è uno dei sette Anelli Mondiali.	É... mais um dos sete Anéis do Mundo.	Uno de los siete Anillos mundiales.	Tia. Kolejny z\nsiedmiu Pierścieni Świata.		Evet. Yedi Dünya Yüzüğünden\nbir diğeri.		That's one of the seven World Rings.	Ещё одно из семи Мировых колец.
event19_5	I wonder if it was inside\nthe Ifrit this whole time.	イフリートの中にあったのかしら…	Me pregunto si estaría dentro del ifrit...	War er etwa die ganze Zeit über im Ifrit verborgen?		Mi domando se fosse dentro Ifrit.	Será que estava dentro do Ifrit esse tempo todo?	Me pregunto si estaba dentro del ifrit.	Ciekawe czy cały ten czas\nbył w środku Ifrita.		Acaba bunca zamandır\nİfrit'in içinde miydi?		I wonder if it was inside Ifrit.	Видимо, оно было внутри Ифрита.
event19_6	I feel... rage.	これは　怒りを感じる	Al tocarlo, siento... rabia.	Ich fühle... WUT!!		Riesco a sentire la rabbia di questo qui.	Eu sinto... raiva.	Esto... me hace sentir furia.	Czuję... złość.		Öfke... hissetmiyorum		I feel rage in this one.	Я чувствую в нём... много гнева.
event19_7	All that rage must have been\nsealed up inside of him.	すべての怒りが封印してあるようだ…	Como si toda la ira del mundo\nestuviese aquí contenida...	All diese Wut muss in ihm versiegelt gewesen sein.		Sembra che tutta la rabbia sia sigillata qui...	Toda essa raiva devia estar\nselada dentro dele.	Como si toda esa furia estuviera contenida.	Cała ta złość musiała być\nw nim zachowana.		Bütün o öfke onun içinde\nbirikmiş olmalıydı.		Seems like all rage is sealed in here...	Словно его собрали со всего света.
event19_8	Rage?	怒り？	¿Ira?	Wut?		Rabbia?	Raiva?	¿Furia?	Złość?		Öfke mi?			Гнев?
event19_9	These rings must somehow seal in\nvarious emotions, too.	どうやらリングには\n色々な感情の力が封印されている…	Parece que los Anillos encierran el\npoder de diversas emociones...	Diese Ringe scheinen auch irgendwie\nbestimmte Emotionen in sich zu bergen.		Sembra che gli anelli contengano\nil potere di varie emozioni...	Esses anéis também devem selar várias emoções\nde alguma forma.	Parece que los Anillos contienen varias\nemociones selladas en su interior.	Te Pierścienie muszą też w jakiś sposób\ntrzymać w sobie różne emocje.		Bu yüzükler bir şekilde çeşitli\nduyguları da içine hapsetmeli.		Looks like the rings contain\nthe power of various emotions...	Похоже, что в кольцах собраны\nсилы различных эмоций.
event19_10	The power of rage...	これには怒りの力が…	Este contiene el poder de la ira...	Die Macht der Wut...		Questo ha la forza della rabbia...	O poder da raiva...	Este contiene el poder de la furia...	Potęga złości...		Öfkenin gücü...		This one has the force of rage...	И в этом кольце сила гнева.
event19_11	...	…	...	...			...	...	...		...			...
event19_12	So then, what's next?	さあて　次はどうする？	Bien,\n¿y ahora qué hay que hacer?	Was steht als Nächstes an?		Quindi, cosa c'è dopo?	Então, qual é a próxima parada?	Bien, ¿y ahora qué?	Więc, co teraz?		Peki, sırada ne var?			Итак, что у нас дальше?
event19_13	Let's go meet with King Solomon!	ソロモン王に会いましょう！	¡Vayamos a conocer al\nRey Salomón!	Treffen wir uns doch mit König Solomon!		Dobbiamo incontrare il Re Salomone!	Vamos encontrar com o Rei Salomão.	Vayamos a ver al rey Salomón.	Spotkajmy się z Królem Solomonem!		Haydi Kral Solomon'la görüşmeye gidelim!		Let's meet with King Solomon!	Давай встретимся с царём Соломоном!
event19_14	King Solomon is the one who\nsealed away the evil spirits long ago.	マジンたちは　もともとソロモン王に\nよって　封印されていたんです	Es quien desterró y selló a los\nespíritus orginalmente.	Er ist derjenige, der die bösen Geister\nvor langer Zeit verbannte.		I geni erano originariamente sigillati da lui.	O Rei Salomão foi quem selou os espiritos malignos\nhá muito tempo atrás.	Los majin fueron sellados originalmente\npor el rey Salomón.	Król Solomon jest tym,\nktóry odizolował złe duchy dawno temu.		Kral Solomon, çok uzun zaman önce kötü\nruhları mühürleyerek ortadan kaldıran kişidir.		The genies were originally sealed away by him.	Когда-то он заточил всех\nзлых духов в темницы.
event19_15	These strange occurrences must\nconnect back to him somehow.	この異変は　きっとソロモン王にも\n関係があるはずです	Estoy segura de que el Rey tiene alguna\nrelación con estas anomalías.	Diese seltsamen Vorfälle stehen vielleicht\nauch mit ihm in Verbindung.		Questi strani eventi devono\nconnetersi a lui in qualche modo.	Esses acontecimentos estranhos devem estar\nconectados a ele de alguma forma.	Estas perturbaciones seguramente\nestán relacionadas con él.	Te dziwne zdarzenia muszą\nsię z nim jakoś łączyć.		Bu garip olayların bir şekilde\nonunla bağlantılı olması gerekiyor.			Возможно, он тоже как-то связан с происходящим.
event19_16	OK, then!\nOff to our next adventure!	ＯＫ！\nそうと決まれば早速出発だぜ！	¡Entendido!\n¡Pues allá que vamos!	Alles klar!\nAuf zu unserem nächsten Abenteuer!		Bene! Ora che è deciso, muoviamoci!	Beleza então!\nVamos para nossa próxima aventura!	¡Bien, está decidido! ¡En marcha!	No dobra! Ruszajmy na kolejną przygodę!		Tamam o zaman!\nYeni maceramıza doğru yola çıkıyoruz!		OK! Now that it's decided, let's get going!	Лады!\nНас ждёт увлекательное приключение!
														
event20_name	King Solomon	朽ちた王座のシャレコウべ	El Rey Salomón	König Solomon		Lo Scheletro Ombroso nel Trono Decaduto	Rei Salomão	La calavera sombría del trono decadente	Król Solomon		Kral Solomon		The Shadowy Skull on the Decayed Throne	Череп в ветхом тронном зале.
event20_1	It looks like we might be a little late.	ちょっと　くるのが遅かったか…	Parece que no hemos llegado a tiempo...	Da sind wir wohl etwas spät dran.		Sembra che siamo arrivati un po tardi...	Parece que chegamos um pouco tarde.	Llegamos un poquito tarde.	Chyba się trochę spóżniliśmy.		Görünüşe göre biraz geç kalmış olabiliriz.		I guess we came a little late...	Сдаётся мне, мы опоздали...
event20_2	I should say so!	まったくじゃ！！	¡En efecto!	Das kann man wohl sagen!		Esattamente!!!	Eu que o diga!	¡Exacto!	Też tak sądze!		Öyle demeliyim!		Exactly!!	Это точно!
event20_3	Whoa!	ワァオ！？	¡Hala!	Whoa!		Whoa!?	Uou!	¡Guau...!	Łoł!		Whoa!		Whoa!?	Оу!
event20_4	King... King Solomon?	ソ　ソロモン王…？	¿R-rey Salomón...?	König... König Solomon?		R-Re Salomone...?	Rei... Rei Salomão?	¡¿R-Rey Salomón?!	Król... Król Solomon?		Kral... Kral Solomon?		K-King Solomon...?	Ца... царь Соломон?
event20_5	Indeed! I am the great\nand powerful King Solomon!	いかにも！　ワシが天下に\n名高いキング・ソロモンじゃ	¡El mismo!\nSoy el mundialmente conocido Rey Salomón.	In der Tat! Ich bin der große\nund mächtige König Solomon!		Infatti! Sono nessun altro\nche il celebre Re Salomone.	Exatamente! Eu sou o grande e poderoso Rei Salomão!	¡Así es! ¡El mundialmente famoso rey Salomón!	Zgadza się! Jestem\npotężnym Królem Solomonem!		Evet! Ben büyük ve\ngüçlü Kral Solomon'um!		Indeed! I am none other\nthan the renowned King Solomon.	Всё верно!\nЯ мудрый правитель, царь Соломон!
event20_6	If you say so...	首だけのくせに！	Como mucho, ¡su cabeza!	Naja, wie man's nimmt...		Ma sei solo una testa!	Se você diz...	Pero del cuello para arriba...	Skoro tak mówisz...		Öyle diyorsan...		But you're just a head!	И умудрился потерять тело!
event20_7	Don't think I'm happy looking\nthis way either!	ワシとて好き好んで\nこうなったワケでは　ないわ！	¡No creas que he acabado así\npor voluntad propia!	Glaube ja nicht, ich bin glücklich darüber,\nso jämmerlich auszuschauen!		Non ho scelto\ndi finire così!	Não pense que estou feliz de estar assim!	¡Yo no me busqué esto!	Nie myśl, że tylko ty jesteś\nniezadowolony z mojego wyglądu!		Ben de böyle görünmekten mutlu\nolduğumu sanmıyorum!		I didn't choose\nto end up like this, you know!	Я лишился тела не по своей воле!
event20_8	The Erazor Djinn did this to me!	イレイザー・ジンとかいうヤツが	Ese tal """Erazor el Yinn"""	Der Erazor Djinn hat mir das angetan!		Colui che si chiama Erazor Djinn	O Erazor Djinn fez isso comigo!	¡Un tal Erazor, el Genio	Erazor Dżin mi to zrobił!		Bunu bana Erazor Cin yaptı!		The one called Erazor Djinn	Эрейзор Джинн...
event20_9	He resurrected the 40 Thieves\nas evil spirits,	４０人の盗賊をマジンとして復活させ	devolvió a la vida en forma de\nespíritu a los Cuarenta Ladrones,	Er ließ die 40 Räuber als böse Geister wieder auferstehen		Ha resuscitato i 40 Ladroni come geni,	Ele ressuscitou os 40 Ladrões como espiritos malignos	revivió a los 40 ladrones como majin	Odrodził 40-tu Złodziei\njako złe duchy,		40 Hırsızı kötü ruhlar\nolarak diriltti.		Resurrected the 40 Thieves as genies,	воскресил 40 разбойников в качестве
event20_10	And sent them to attack me here.	ここに攻めて　きおったのよ	que han venido hasta aquí\na causar estragos.	und jagte sie mir sogleich auf den Hals.		E mi hanno attaccato qui.	e enviou eles pra me atacar.	y los envió a atacarme!	I wysłał je by mnie tu zaatakować.		Ve onları buraya bana saldırmaları için gönderdi.		And attacked me here.	злых духов и пришли по мою душу!
event20_11	And that's how you ended up... like that?	で　そんなお姿に？	¿Fue así cómo terminaste de esta forma?	Und deshalb seid ihr so beendet...?		Quindi, ti sei trasformato in quello?	E foi assim que você ficou... desse jeito?	¿Y... lo dejaron así?	I w taki sposób skończyłeś... tak?		Ve böylece mi bu hale geldin?		So, you turned into that?	Это он... лишил вас тела?
event20_12	Precisely, my dear.	そういうことじゃ	Efectivamente.	Wie wahr, meine Liebe.		Esattamente	Precisamente, minha querida.	Exactamente.	Dokładnie tak, moja droga.		Aynen öyle, canım.		Exactly.	Всё именно так!
event20_13	And that being the case,\ncould I ask you a favor?	すまんが	Tenéis que disculparme, pero	Dürfte ich daher demütig um eure Hilfe ersuchen?		Odio chiederlo,	Portanto,\npoderia lhe pedir um favor?	Disculpen,	I w związku z tym,\nmógłbym spytać was o prośbę?		Durum böyleyken, sizden\nbir ricam olabilir mi?		I hate to ask,	Не привык просить, но...
event20_14	Might I beseech you to track down\nthe rest of my body?	ワシの体を集めてきては　くれんか？	¿podríais encontrar el resto de\nmi cuerpo por mí?	Wärt ihr so gütig, den Rest meines Körpers\nausfindig zu machen?		Ma potresti raccogliere il mio corpo?	Por obséquio, poderia encontrar\no resto do meu corpo?	¿pero podrían reunir mis restos?	Czy pozwolicie mi poprosić o\nznalezienie reszty mojego ciała?		Lütfen bedenimin geri kalanını da\nbulmanızı rica edebilir miyim?		But could you gather up my body?	Соберите, пожалуйста, все части моего тела.
event20_15	I'd also be grateful	ついでに４０人の骨の盗賊どもも	Y de paso, ¿seríais tan amables\nde ocuparos de esos cuarenta 	Natürlich wüsste ich es auch zu schätzen,		E mentre ci sei, potresti\nprovvedere a quei 40 ladri di ossa,	Eu também ficaria grato	Y, de paso, si pudieran ocuparse de\nesos 40 ladrones de huesos,	Też bym był wdzięczny		Ben de minnettar olurdum.		And while you're at it, if you could\ntake care of those 40 bone thieves,	А если ещё разберётесь
event20_16	If you could do something\nabout the 40 Thieves, as well.	なんとかしてくれると　ありがたい	ladrones de huesos?	wenn ihr euch zudem der 40 Räuber annehmen könntet.		Lo apprezzerei molto.	se pudessem fazer algo a respeito dos 40 Ladrões.	se los agradecería mucho.	Jakbyście byli w stanie coś zrobić\nz tymi 40-toma Złodziejami.		Eğer 40 Hırsız hakkında da bir\nşeyler yapabilirseniz çok iyi olur.		I would greatly appreciate it.	с этими 40 разбойниками,\nя буду безмерно благодарен вам!
event20_17	Hah! No problem!	ハン！　お安いごようだぜ！	¡Je! ¡Será pan comido!	Hah! Kein Problem!		Hah! Nessun problema!	Hah! Sem problema!	¡Ja, es lo menos que puedo hacer!	Hah! Żaden problem!		Hah! Problem değil!			Ха, да это мы с лёгкостью!
														
event21_name	The Ring of Wishes	白い世界リングゲット！	El Anillo de la Ambición	Der weiße Weltenring		Preso l'Anello Mondiale Bianco!	Anel dos Desejos	¡Obteniendo el Anillo blanco de los Deseos!	Pierścień Życzeń		Dilek Yüzüğü		Got the White World Ring!	Вы получили белое\nМировое кольцо!
event21_1	Hey, look at this.	これは…	Este es...	Hey, schau mal!		Questo è...	Ei, olha só.	Es...	Hej, spójrz na to.		Hey, şuna bak.		This is...	Это же...
event21_2	It's a white ring.\nOne of the seven, I'm sure.	７つのリングのひとつ白のリング	Es un Anillo blanco...\nOtro de los siete Anillos.	Ein weißer Ring! Ganz sicher einer der Sieben!		Uno dei sette anelli mondiali, l'anello bianco.	É um anel branco.\nUm dos sete, com certeza.	Uno de los siete Anillos mundiales, el Anillo blanco.	To Biały Pierścień.\nNa pewno jeden z siedmiu.		Bu beyaz bir yüzük.\nYedisinden biri, eminim.		One of the seven rings, the white ring.	Одно из семи колец, белое кольцо.
event21_3	Uh! Definitely one of the World Rings!\nIt feels... it feels like light.	う！　たしかに７つの世界リング…\nこれは光のような力か…	¡Uf! Sí, es uno de ellos...\nTiene un poder parecido a la luz...	Whoa! Definitiv ein Weltenring!\nDieser fühlt sich... wie Licht an!		Uff! sembra proprio une dei sette anelli Mondiali...\nQuesta forza sembra luce...	Ah! Definitivamente é um dos Anéis do Mundo!\nParece... parece uma luz.	Sí, es uno de los siete Anillos. ¿Es como si tuviera el poder de la luz?	Łoł! Rzeczywiście jeden z nich.\nTo uczucie jest jak... jak światło.		Uh! Kesinlikle Dünya Yüzüklerinden biri!\nHafif bir his veriyor... sanki ışık gibi.		Ugh! It really is one of the seven World Rings...\nThis force feels like light...	Агх! Да, это одно из семи Мировых колец...\nУ него сила, подобная свету...
event21_4	To think this little thing...\ncould cause so much trouble.	…全くやっかいなシロモンだぜ	Vaya Anillo más problemático...	Dass dieses winzige Ding so einen\ngigantischen Schaden anrichten kann...		...Che cosa problematica.	E pensar que essa coisinha...\npoderia causar tanto problema.	Esto sería problemático.	Ciężko pomyśleć, że taka mała rzecz...\njest powodem tylu problemów.		Bu küçücük şeyin... bu kadar\nçok soruna yol açabileceğini düşünmek.		...What a troublesome thing.	...однако количество бед не счесть.
event21_5	You mean... the ring?	その…リングが　ですか？	¿Este... Anillo?	Du meinst... den Ring?		Intendi...questo anello?	Você quer dizer... o anel?	¿Hablas de ese anillo?	Masz na myśli... ten Pierścień?		Yani... yüzükten mi bahsediyorsun?		You mean... that ring?	Из-за этого... кольца?
event21_6	Such great power can bring people\neither happiness or misfortune.	大きな力は　人を幸せにもするが\n不幸にもする	Un gran poder puede traer tanto\nfelicidad como miseria.	So eine Macht könnte jemanden das größte Glück\nbescheren, oder das schlimmste Verderben.		Grandi poteri può rendere le persone felici,\nma può anche portarli sventura.	Tanto poder pode trazer\nfelicidade ou sofrimento para as pessoas.	Un gran poder puede traer felicidad a las personas,\npero también desgracias.	Ogromna moc takiego pokroju może\nprzynieść ludziom szczęście lub nieszczęście.		Böylesine büyük bir güç insanlara hem\nmutluluk hem de felaket getirebilir.		Great power can make people happy,\nbut it can also bring them misfortune.	Великая сила, способная нести людям\nлибо счастье, либо горе.
event21_7	There are many such stories told of\nin the Arabian Nights.	…アラビアンナイトの中にも\nそういった物語がいくつかありもす	...Las mil y una noches está repleta\nde historias que lo reflejan.	In Tausendundeine Nacht...\nfinden sich viele solcher Geschichten wieder.		...Ci sono un sacco di racconti\nnelle Mille E Una Notte	Existem varias histórias assim nas Mil e Uma Noites.	Hay varios cuentos de ese tipo\ndentro de """Las mil y una noches""".	Jest wiele takich opowieści\nw Arabskich Nocach.		Binbir Gece Masalları'nda bu\ntürden birçok hikaye anlatılır.		...There are several such tales\nin the Arabian Nights.	В """Тысяче и одной ночи"""... об этом\nнаписано несколько сказок.
event21_8	For instance, this ring seems\nto be filled with """desire."""	たとえば　このリングには人の「願望」が\nつまってるカンジだ	Por ejemplo, este Anillo parece estar repleto de """deseos""".	Dieser Ring hier zum Beispiel scheint\nmit """Wünschen""" erfüllt zu sein.		Per esempio, questo anello sembra\nriempito con i """desideri""" delle persone.	Por exemplo, esse anel parece estar cheio de """desejos."""	Por ejemplo, este Anillo parece estar\nlleno de los deseos de la gente.	Na przykład ten pierścień\nwydaje się być wypełniony """pragnieniem."""		Örneğin, bu yüzük "arzu"\nile dolu gibi görünüyor.		For instance, this ring seems\nto be filled with people's """desires."""	В этом кольце множество людских """желаний""".
event21_9	That could mean aspiration, or maybe\nit could be greed and ambition.	それは希望ともいえるが　話に\nよっては　野望や欲望にもなっちもう	Aunque pueden representar la esperanza,\ntambién la codicia o la avaricia.	Damit könnte Zielstrebigkeit gemeint sein,\naber vielleicht auch Gier und Verlangen.		Potrebbe essere chiamata speranza, ma a seconda della storia,\npuò anche essere ambizione o tentazione.	Isso pode significar aspiração, ou talvez\npossa ser ganância e ambição.	Podría ser esperanza, pero, depende de la\nhistoria, también ambición o lujuria.	To może znaczyć aspirację,\nalbo nawet chciwość lub ambicję.		Bu, özlem anlamına gelebilir ya da belki\nde açgözlülük ve hırs anlamına gelebilir.		It could be called hope, but depending on the story,\nit can also be ambition or temptation.	Таких как """обрести надежду""", но есть\nи различные корысти, даже алчность.
event21_10	...	…	...	...		...	...	...	...		...			А-а?
event21_11	Just what does Erazor want\nby collecting all of these rings?	まったく　こんなもの集めて\nヤツは　ナニをしようってんだ	Madre mía, ¿qué planea hacer ese sinvergüenza con estos anillos?	Was verspricht sich Erazor nur davon,\ndiese Dinger zu sammeln?		Seriamente...Cosa sta cercando di fare\ncollezionando queste cose?	Mas o que será que o Erazor quer com esses anéis?	Carajo, ¿para qué quiere reunir estas cosas?	Serio, co Erazor chcę osiągnąć\nzbierając je wszystkie?		Erazor tüm bu yüzükleri toplayarak\ntam olarak neyi amaçlıyor?		Seriously...What's he trying to do\nby collecting these things?	Чёрт побери, какие же планы\nу Эрейзора на эти кольца...
														
event22_name	Enemy Stronghold	月夜こうかぶ空中宮殿	El Palacio Celeste	Feindliche Hochburg		Palazzo Celeste al Chiaro di Luna	Fortaleza Inimiga	El palacio en el cielo iluminado por la Luna	Twierdza Przeciwnika		Düşman Kalesi		Moonlit Sky Palace	Ограничение по времени\nи обещание, которое не забыть.
event22_1	...And many such spirits\nwere driven to madness.	…いかにも多くのマジンが\n狂気に駆られ	...y fue así que todos esos espíritus,\nmovidos por la locura,	...Und zahllose dieser Geister\nsind dem Wahnsinn anheimgefallen.		...In realtà, molti geni furono impazziti.	...E vários desses espiritos foram levados à loucura.	En efecto... fue culpa mía que tantos majin	... I wiele takich duchów zostało\ndoprowadzonych do szaleństwa.		...Ve bu ruhların birçoğu deliliğe sürüklendi.		...Indeed, many genies were driven mad.	...в общем, многие духи совершенно обезумели.
event22_2	It is my fault that they became\nthe minions of the Erazor Djinn.	あのイレイザー・ジンとやらの手下に\nなったのは　ワシの落ち度じゃ	se convirtieron en esbirros de ese tal\nErazor... Todo por mi culpa.	Es ist allein meine Schuld, dass sie sich\nErazor Djinn angeschlossen haben.		È colpa mia se sono diventati\nservi di Erazor Djinn	É minha culpa eles terem se tornado\nlacaios do Erazor Djinn.	sucumbieran a la locura y se convirtieran\nen secuaces de Erazor, el Genio.	Zostały minionami\nErazora Dżina z mojej winy.		Onların Erazor Cin'inin\nhizmetkarları olmaları benim hatam.		It is my fault that they became\nservants of this Erazor Djinn.	И я виноват в том, что они\nстали служить Эрейзору Джинну.
event22_3	However, by carving up the words\nthat make up our world,	だが　奴は刈り取った\nこの世界の文字から	Además, ese hombre ha creado\nnuevos espíritus	Dennoch, durch sein Auslöschen der Worte,\ndie diese Welt ausmachen,		Tuttavia, dalle parole di questo mondo\nche ha raccolto,	No entanto, ao ceifar as palavras\nque compõem o nosso mundo,	Sin embargo, él utiliza las palabras que\ncosechó de este mundo	Aczykolwiek, pozbywając się słów,\nktóre tworzą nasz świat,		Ancak, dünyamızı oluşturan\nkelimeleri parçalara ayırarak,		However, from the words of this world\nwhich he harvested,	А ещё... из-за того, что он стёр так много букв,
event22_4	New spirits have also appeared.	新たなマジンを生み出す	a partir de las palabras que cosechó.	sind ebenfalls Geister erschienen.		Lui crea nuovi geni.	novos espiritos também surgiram.	para crear nuevos majin.	Pojawiły się też nowe duchy.		Yeni ruhlar da ortaya çıktı.		He creates new genies.	начали рождаться новые духи.
event22_5	His power is nearly godlike.	その力…\nまさに神のごとしじゃ	Sinceramente... su poder es casi divino.	Seine Macht ist nahezu gottgleich.		Che potere...Veramente divino.	Seu poder é praticamente divino.	Ese poder es digno de un dios.	Jego moc jest praktycznie boska.		Gücü neredeyse tanrısal.		That power...Truly godlike, indeed.	А его мощь... может сравнится с божественной!
event22_6	Godlike, huh...?\nWell, that's a problem, then.	神…だって？\nやっかいなもんだ	¿Divino...?\nVaya fastidio.	Gottgleich, huh...?\nNa, das ist mal ein schönes Schlamassel.		Divino dici? Beh, che fastidio.	Divino, é...?\nBom, então temos um problema.	¿De un dios, dices? Qué fastidio.	Boska, co...?\nNo, to może być problem.		Tanrısal, huh...?\nPeki, bu bir problem, o zaman.		Godlike, you say? Well, isn't that annoying.	Божественной? Звучит как проблема.
event22_7	Even so, supernatural beings like\nthe Erazor Djinn always have weak points	ふむ　ただし神と　いえども\n弱点はある	Sin embargo, los dioses también tienen puntos débiles.	Wie dem auch sei, übernatürliche Wesen,\nwie der Erazor Djinn, haben stets		Comunque gli dei hanno anche loro delle debolezze.	Mesmo assim, seres sobrenaturais como\no Erazor Djinn sempre possuem pontos fracos	Sí. Pero incluso los dioses tienen sus debilidades.	Mimo to, supernaturalne istoty jak\nErazor Dżin zawsze mają swoje słabości		Yine de, Erazor Cin'i gibi doğaüstü\nvarlıkların her zaman zayıf noktaları vardır.		Hmph. Even gods have their weaknesses, however.	Хм. Вот только... даже у богов бывают\nслабые места,
event22_8	That are told of in stories.	さっするに…	Teniendo en cuenta sus orígines...	Schwachpunkte, von denen in Geschichten die Rede ist.		in poche parole...	que são contados nas histórias.	Sospecho...	O których mowa w powieściach.		Hikayelerde anlatılanlar.		Simply put...	как мы знаем из сказок.
event22_9	Huh?	？	¿Hum?	Huh?		Huh?	Hã?	¿Mmm?	Hm?		Huh?			М-м?
event22_10	?	？	¿Hum?	?		?	?	¿Eh?	?		?			А-а?
event22_11	In truth, he is a Genie of the Lamp.\nSomehow, though, he has escaped.	やつの正体はランプの精じゃ\nなにかの理由で外にでたのじゃろう	Sigue siendo el Genio de la Lámpara, pero de\nalguna forma se ha liberado de su interior.	In Wahrheit ist er ein Dschinni der Wunderlampe.\nIrgendwie jedoch ist er entkommen.		La sua vera identità è il Genio della Lampada.\nIn qualche modo è uscito.	Na verdade, ele é um Gênio da Lâmpada.\nPorém, de alguma forma, ele escapou.	Su verdadera naturaleza es la del genio de la lámpara.\nDebe de haber salido por alguna razón.	Prawdą jest, że jest dżinem lampy.\nJednak, jakoś uciekł.		Aslında o bir Lamba Cini.\nAncak bir şekilde kaçmayı başardı.		His true identity is the Genie of the Lamp.\nSomehow, he must have come out.	На самом деле, он джинн лампы.\nИ каким-то образом смог выбраться из неё.
event22_12	If we had the lamp he belongs to,	元のランプがあれば	Si tuviésemos la lámpara\na la que pertenece,	Hätten wir die Lampe, die zu ihm gehört,		Se avessi la lampada originale,	Se nós tivéssemos a lâmpada à qual ele pertence,	Si tuviéramos su lámpara original,	Jeśli byśmy mieli lampę do której należy,		Eğer ona ait olan lambaya sahip olsaydık,		If you had the original lamp,	Будь у нас эта лампа, мы могли бы
event22_13	It could be possible to seal\nhim away again... forever.	やつの力を封じることが\nできるかもしれん	creo que podríamos confinar\na él y a su poder.	ergäbe sich gewiss die Möglichkeit,\nihn erneut zu versiegeln, auf ewig.		Potresti sigillare il suo potere.	talvez seria possível selá-lo\nnovamente... para sempre.	tal vez podríamos sellar su poder.	Możliwe jest, że możemy go\nznowu w niej uwięzić... Na zawsze.		Onu tekrar sonsuza dek hapsetmek mümkün olabilir...		You might be able to seal his power.	попробовать заточить его обратно.
event22_14	Lamp, huh?	ランプ…か	La lámpara, ¿eh?	Die Lampe, huh?		Lampada, eh?	Uma lâmpada, é?	¿Su lámpara?	Lampa, ta?		Lamba, huh?		Lamp, huh...?	Лампа, значит?
event22_15	Hmmm... there is one problem, though.	ふむ…	Mmmm...	Hmmm... Es besteht jedoch ein Problem.		Hmph...	Hmmm... mas há um problema.	Sí...	Hmm... jest tylko jeden problem.		Hmm... ama bir sorun var.		Hmph...	Хм...
event22_16	Returning the lost stories to their original\nstate requires greater power than we have.	失われた物語を元にもどすことは\nうばうより　強大な力が必要じゃ	Recuperar historias perdidas requiere\nmucho más poder que arrebatarlas.	Den verlorenen Geschichten zu ihrer alten Pracht zu verhelfen,\nverlangt nach größerer Macht als uns zur Verfügung steht.		Restaurare storie perdute richiede molto più potere\npiuttosto che rubarli.	Restaurar as histórias perdidas ao estado original requer muito mais poder do que temos.	Pero restaurar una historia perdida requiere un\npoder mucho mayor que el que la borró.	Przywrócenie straconych opowieści do ich\npierwotnego stanu wymaga więcej mocy, której nie mamy.		Kaybolmuş hikayeleri asıl hallerine döndürmek,\nsahip olduğumuzdan daha büyük bir güç gerektiriyor.		Restoring lost stories requires far more power\nthan stealing them away.	Чтобы восстановить стёртые сказки,\nпотребуется немалая сила.
event22_17	It would take a miracle.	それこそ奇跡ともいえる\n力がじゃ	Haría falta un poder casi milagroso\npara lograrlo...	Es verlangt nach einem Wunder.		Tale potere sara niente di meno che un miracolo.	Seria preciso um milagre.	Un poder que podría considerarse milagroso.	Potrzebowalibyśmy cudu.		Bu ancak bir mucizeyle olabilir.		Such power would be nothing short of miraculous.	Нам поможет, разве что, какое-нибудь чудо.
event22_18	Leave it to me.\nThat's why I'm here, after all.	まかせとけって\nそのために　きたんだぜ	Yo me ocupo. Por algo estoy aquí.	Ach, nur nicht den Kopf verlieren.\nDafür bin ich ja hier!		Lascia fare a me.\nÈ perchè sono qui dopotutto.	Deixa comigo.\nÉ pra isso que eu tô aqui, afinal.	Déjemelo a mí. Para eso estoy aquí.	Zostaw to mnie.\nW końcu po to tutaj jestem.		Bunu bana bırakın.\nZaten bunun için buradayım.			Положись на меня!\nЯ здесь именно для этого.
event22_19	I see. So, then you are the legendary\nblue hedgehog...	なるほど　おぬしか\n伝説のハリネズミとやらは…	Ya veo... Conque tú eres el supuesto\nerizo legendario.	Verstehe.\nDann musst du also der legendäre blaue Igel sein...		Capisco. Quindi, sei tu quel riccio leggendario...	Entendo. Então você é\no lendário ouriço azul...	¡Ya veo, eres tú! El legendario erizo, ¿verdad?	Rozumiem. Więc,\nty jesteś legendarnym niebieskim jeżem...		Anladım. Öyleyse sen\nefsanevi mavi kirpisin...		I see. So, you are that legendary hedgehog...	Всё понятно.\nЗначит, это ты... тот легендарный ёж?
event22_20	A great curse has been placed upon you.	ずいぶん　呪われとるぞ	Portas una terrible maldición.	Ein schrecklicher Fluch wurde dir auferlegt.		Sembri proprio maledetto, non è vero?	Uma grande maldição foi lançada sobre você.	Estás completamente maldito.	Wielka klątwa została na tobie położona.		Sana büyük bir lanet geldi.		You are quite cursed, aren't you?	Тебя прокляли.
event22_21	I can see in your eyes,\nthe grim fate that awaits you.	おぬしの瞳からは\n地獄がみえるわぃ	Puedo ver un destino siniestro en tus ojos.	Ich erkenne in deinen Augen das finstere Schicksal,\ndas dich erwartet.		Posso vedere l'inferno nei tuoi occhi.	Posso ver em seus olhos\no destino sombrio que lhe aguarda.	El mismísimo infierno se refleja en tus ojos.	W twoich oczach widzę ciemny los,\nktóry na Ciebie czeka..		Gözlerinde seni bekleyen\nacımasız kaderi görebiliyorum.		I can see hell in your eyes.	Я вижу в твоих глазах... самый настоящий ад.
event22_22	Hey, quit staring.\nYou're giving me the creeps!	そんなに　のぞくなよ　ジイさん\nテレるだろ	Deja de clavarme la mirada, abuelete,\nque me da repelús.	Hey, genug geglotzt!\nMir läuft's schon kalt die Stacheln runter!		Basta guardarmi così tanto nonnetto!\nMi farai diventare nervoso!	Ei, para de me olhar assim.\nTá me dando arrepios!	No me mire tanto, abuelo. Es vergonzoso.	Hey, przestań się tak gapić!\nPrzerażaja mnie te twoje gały!		Hey, bakmayı bırak.\nBeni ürkütüyorsun!		Don't stare so much, gramps!\nI'll get flustered!	А... Не глазей так на меня, дедуля,\nменя это смущает!
event22_23	Hm. I am a bit hesitant to put this\nupon you, but... I will tell you this.	ふん　おぬしに　賭けるのは\nちょいと不安じゃが…　教えよう	Hum. No sé si apostar por ti es la\ndecisión correcta, pero lo haré.	Ich bin nicht sicher, ob ich dir das aufbürden sollte,\ndoch ich gebe dir Folgendes mit auf den Weg.		Mm. Mi sento un po a disagio a lasciare tutto a te,\nma...Fammi dire questo.	Hm. Estou um pouco relutante em lhe contar isso, mas...\nvou lhe dizer o seguinte.	Mmm... Me inquieta un poco contarte esto, pero lo haré.	Hm, trochę niezdecydowanie Ci\nto mówię, ale... powiem Tobie tak.		Hım. Bunu sana söylemek konusunda\nbiraz tereddütlüyüm ama... şunu söyleyeceğim.		Hm. I feel a bit uneasy betting everything on you,\nbut...Let me tell you something.	Хм... Не знаю, справишься ли ты,\nно слушай очень внимательно.
event22_24	You can find the Erazor Djinn in his palace,\nup in the sky.	奴は　みずからが浮かべた\n空中の宮殿におるわい	Erazor se encuentra en el cielo,\nen el palacio que él mismo hizo levitar.	Du findest Erazor Djinn in seinem Palast,\nhoch am Himmelszelt.		È nel cielo,\nin un palazzo fluttuante che ha innalzato lui.	Você encontrará o Erazor Djinn\nem seu palácio,no céu.	Él reside en el palacio que conjuró en el aire.	Znajdziesz Erazora Dżina w jego\npałacu, wysoko w powietrzu.		Erazor Cini, gökyüzündeki\nsarayında bulabilirsiniz.		He's in the sky,\nin a floating palace that he lifted himself.	Дворец Эрейзора Джинна находится\nвысоко в небесах.
event22_25	Show me that your part of this legend\ncan come true.	伝説の　へんりんぐらい\n見せてもらおうぞ	Ve y demúestranos que eres digno\nde ser leyenda.	Zeige mir, dass dein Teil der Legende\nin Erfüllung gehen kann.		Fammi vedere che la tua parte di questa leggenda\npuò diventare realtà.	Mostre-me que a sua parte nessa lenda\npode se tornar realidade.	Contemplemos un atisbo de esa leyenda.	Pokaż, że ta część legendy\nmoże stać się prawdą.		Bana bu efsanenin senin payına düşen\nkısmının da gerçeğe dönüşebileceğini göster.		Show me some a glimpse of this legend.	Докажи, что частью легенды\nты стал не просто так!
event22_26	Thanks... Now it's time I make a\nlegend for myself, then!	サンキュー\nそれじゃ　伝説でも　つくってくるか	Muchas gracias. Entonces, ¡toca hacer historia!	Danke... Wird wohl Zeit,\ndass ich 'ne eigene Legende schreibe!		Grazie. Suppongo che andrò\na diventare una leggenda allora.	Valeu...\nEntão tá na hora de provar que sou uma lenda!	¡Gracias! ¡Bien, hora de crear mi leyenda!	Dzięki...\nW takim razie zróbmy ze mnie legendę!		Teşekkürler... Şimdi sıra bende, kendime\nbir efsane yaratma zamanı!		Thanks. I guess I'll go\nmake myself a legend, then.	Спасибо! Значит, пришло время\nпоказать свою легендарность!
event22_27	Hold the White World Ring up to\nthe palace gates, and they will open.	宮殿の門の前で白の世界リングを\nかざすのじゃ　それで門はひらく		Halte den weißen Weltenring an den Palasttoren empor,\nund sie werden sich öffnen.		Tieni l'Anello Mondiale Bianco davanti\nal cancello del palazzo, esso si aprirà	Erga o Anel do Mundo Branco em frente\naos portões do palácio, e eles se abrirão.	Levanta el Anillo mundial blanco ante las puertas\ndel palacio. Entonces se abrirán estas.	Trzymaj Biały Pierścień Świata\nprzy bramach pałacu, a otworzą się.		Beyaz Dünya Yüzüğünü saray kapılarına\ndoğru tutun, kapılar açılacaktır.		Hold up the white World Ring in front\nof the palace gate, and it will open.	Принеси белое Мировое кольцо\nк воротам дворца... и они откроются!
event22_28	OK!\nThanks for your help.	ＯＫ！\nためになったぜ　じいさん		Geht klar!\nNochmal danke für die Hilfe!		Okay! Grazie dell'aiuto nonnetto.	Beleza!\nValeu pela ajuda.	¡Okey! ¡Eso fue útil, abuelo!	Okej!\nDzięki za pomoc.		Pekala!\nYardımın için teşekkürler.		OK! Thanks for the help, gramps.	Хорошо!\nСпасибо за помощь, дедуля!
event22_29	I sense death approaching...	ふん⋯\n死相が　でとるわい		Ich spüre, wie der Tod sich nähert...		Mm...Segni di morte stanno apparendo.	Eu sinto a morte se aproximando...	Jum... La muerte se cierne sobre él.	Wyczuwam, jak nadchodzi śmierć...		Ölümün yaklaştığını hissediyorum...		Hm...Signs of death are appearing.	Хм-м...\nСмерть уже подбирается к нему.
														
event23_name	Entering the Palace	タイムリミットとわすれない約束		Betreten des Palastes		Palazzo di Promesse Indimenticabili e Limiti di Tempo	Entrando no Palácio	Plazos y promesas inolvidables	Dotarcie do Pałacu		Saraya Giriş		Time Limits and Unforgettable Promises	Дворец, парящий в небе,\nв свете Луны.
event23_1	Hehehe. Looks like my time limit is\nabout up.	へへ　どうやら　オレの\nタイムリミットも近いみたいだな		Hehehe. Schätze meine Zeit ist fast abgelaufen.		Eheh.\nSembra che il mio tempo sia quasi scaduto.	Hehehe. Parece que meu tempo está acabando.	Je, je, je. ¿Qué tal?\nParece que mi tiempo casi se acaba.	Hehehe...\nNajwidoczniej kończy mi się czas.		Hehehe. Görünüşe göre süre\nsınırım neredeyse doldu.		Heheh.\nLooks like my time limit is almost up.	Хе-хе... Эх...\nКажется, моё время совсем на исходе.
event23_2	Sonic?!	ソニック！？		Sonic?!		Sonic?!	Sonic?!	¡Sonic!	Sonic?!		Sonic?!		Sonic!?	Соник?!
event23_3	Sorry. I don't mean to worry you\n...I'll be okay.	わりぃ　よけいな心配\nさせちまったな　…大丈夫だ		Tschuldige. Ich wollte dir keine Angst machen.\nDas wird schon wieder.		Scusa. Non volevo farti preoccupare\nper niene...sto bene.	Desculpa.\nNão queria te preocupar...vou ficar bem.	Lo siento. Te preocupé innecesariamente.\nTodo está bien.	Sorki, nie chciałem Cię martwić...\nNic mi nie będzie.		Üzgünüm. Seni endişelendirmek istemedim.\n...İyi olacağım.		Sorry. I don't mean to make you\nworry over nothing...I'm fine.	Извини, не хотел тебя беспокоить.\nВсё в норме!
event23_4	I'm so, so sorry.	本当にごめんなさい		Es tut mir so unendlich leid.		Mi dispiace veramente	Eu sinto muito, muito mesmo.	Lo siento mucho.	Bardzo, bardzo przepraszam.		Ben çok, çok üzgünüm.		I am truly sorry	Мне правда очень жаль,
event23_5	It's my fault that this happened to you...	こんなことに\n巻きこんでしまって…		Es ist nur meine Schuld,\ndass du das durchmachen musst...		Per averti trascinato in tutto questo...	É minha culpa que tudo isso aconteceu com você...	Lamento haberte involucrado en esto.	To moja wina, że Ci się to stało...		Bu durumun başına gelmesinden ben sorumluyum...		For dragging you into all this...	что втянула тебя во всё это.
event23_6	Really. Don't worry about it.	…\nいいんだ気にすんなって		Im Ernst, mach dir keinen Kopf.		...\nVa bene, non preoccuparti al riguardo.	Sério, não se preocupa com isso.	Está bien. No te preocupes.	Serio. Nie martw się o to.		Gerçekten. Endişelenme		...\nIt's okay, don't worry about it.	Да ладно, не переживай ты так.
event23_7	Just remember my promise...\nThe promise between me and you.	約束…　オレとオマエの約束\nわすれるなよ！		Denk nur immer an unser Versprechen...\nDas Versprechen zwischen dir und mir.		La nostra promessa...Non dimenticare la promessa\nche abbiamo fatto!	É só lembrar da minha promessa...\nA promessa entre eu e você.	Te lo prometo. No olvides la promesa que hicimos.	Po prostu pamiętaj o naszej obietnicy...\nObietnicy między mną a tobą.		Sadece siana verdiğim sözü hatırla...\nBenimle senin arandaki sözü.		Our promise...Don't for get the promise\nbetween you and me!	Помнишь наше обещание?\nТы смотри только, не забывай!
event23_8	I haven't forgotten that promise!	…約束\nわすれてないよ！！		Wie könnte ich das jemals vergessen!		...La nostra promessa.\nNon me ne sono dimenticato!!!	Eu não me esqueci dessa promessa!	No... no se me ha olvidado.	Nie zapomniałam o niej!		O sözü unutmadım!		...Our promise.\nI haven't forgotten!!	...обещание.\nЯ не забывала!
event23_9	I knew I could count on you, Shahra.	よし！		Ich wusste, ich kann auf dich zählen, Shahra.		Bene!	Sabia que podia contar com você Shahra.	¡Bien!	Wiedziałem, że moge na Ciebie liczyć Shahra.		Sana güvenebileceğimi biliyordum, Shahra.		All right!	Что ж!
event23_10	It's gonna takes more than some tiny\nflame to bring judgment down on me!	まったく　ただの炎のくせに\nオレをさばくだって！？　生意気だぜ		Es braucht weitaus mehr als so eine mickrige Flamme,\num mir die Lichter auszupusten!		Sinceramente, è solo una piccola fiamma,\ne dovrebbe giudicarmi!? Che arrogante.	Vai precisar de mais do que um foguinho\npra poder me castigar!	¡Y mira, es una pequeña llamita y pretende juzgarme!\n¡Qué descaro!	Jakiś mały płomyk nie wystarczy\nby sprowadzić na mnie wyrok!		Bana hüküm sürmek için küçücük\nbir alev yeterli olmayacak!		Honestly, it's just a tiny flame,\nand it's supposed to judge me!? How cocky of him.	Вот чёрт, неужели какой-то огонёк\nприкончит меня? Да ни в жизнь!
event23_11	Come on, let's go!	ちょい　いそぐとするか		Komm schon, bringen wir es zu Ende!		Sembra che ci dovremmo sbrigare.	Bora, vamos lá!	¡Pongámonos en marcha!	Dawaj, idziemy!		Pekala, hadi gidelim!		Guess we should hurry up a bit.	Мы уже близко, идём!
event23_12	Okay!	ハイ！		OK!		Giusto!	Certo!	¡Sí!	Okej!	OK！	Tamam!		Right!	Да!
														
event24_name	The Ring of Sadness	紫色の世界リングゲット！		Der lila Weltenring		Preso l'Anello Mondiale Viola!	Anel da Tristeza	¡Obteniendo el Anillo morado de la Tristeza!	Pierścień Smutku		Üzüntü Yüzüğü		Got the Purple World Ring!	Вы получили фиолетовое\nМировое кольцо!
event24_1	That's it.	これは…		Da ist er!		Questo è...	É isso.	Es...	To jest to.		İşte bu.		This is...	Это же...
event24_2	One of the seven World Rings.\nThis one is purple.	７つの世界リングのひとつ\n紫のリングね		Der letzte der sieben Weltenringe.\nDieser hier ist violett.		Uno dei sette Anelli Mondiali,\nl'anello viola.	Mais um dos sete Anéis do Mundo.\nEsse é roxo.	Uno de los siete Anillos mundiales, el Anillo morado.	Jeden z siedmiu Pierścieni Świata.\nTen jest fioletowy.		Yedi Dünya Yüzüğünden biri.\nBu mor renkli.		One of the seven World Rings,\nthe purple ring.	Одно из семи Мировых колец.\nФиолетовое кольцо.
event24_3	This one...\nThis one is sealed with sadness.	これは…\nこれには　悲しみが封印されている…		Woah! Der hier...\nDer hier ist mit Trauer erfüllt.		Questo qua...\nQuesto qua è sigillato dalla tristezza.	Esse...\nEsse está selado com tristeza.	Esto... esto encierra una profunda tristeza.	Ten... Ten jest\nzapieczętowany smutkiem.		Bu...\nBu, hüzünle mühürlenmiş.			Ох...\nВ нём... в этом кольце запечатана """грусть""".
event24_4	Just what are these rings all about, anyway?	いったい　何なのかしら…\nこのリングの秘密…		Was hat es mit diesen sieben Ringen\nüberhaupt auf sich?		Mi domando cosa sia il segreto di questi anelli...	O que são esse anéis afinal?	¿Pero cuál será el secreto de los Anillos?	O co w ogóle chodzi z tymi Pierścieniami?		Peki bu yüzüklerin amacı ne?		I wonder what the secret of these rings is...	Интересно, как действует... это кольцо?
event24_5	Hey, there's something\nI've been thinking about, Shahra.	なぁ　ひとつ気になってることが\nあるんだが聞いていいか？		Hey, es gibt da etwas, das mich schon\nein Weilchen beschäftigt, Shahra.		Ehi, posso chiederti qualcosa\nChe mi stavo domandando?	Ei, eu tava pensando numa coisa, Shahra.	Oye, hay algo que he querido\npreguntarte desde hace rato.	Hej Shahra,\njedna myśl nie daje mi spokoju.		Hey, Shahra, aklıma\ntakılan bir şey var.		Hey, can I ask you about something\nI've been wondering about?	Мне кое-что не даёт покоя.\nМожно спросить?
event24_6	What is it?	なに？		Ja?		Di che si tratta?	O que é?	¿Qué?	O co chodzi?		Nedir?			Что такое?
event24_7	How do you and the Erazor Djinn\nknow each another?	ヤツ…　イレイザー・ジンとお前は\nどういう知り合いなんだ？		Du und der Erazor Djinn,\nwoher kennt ihr euch eigentlich?		Che tipo di rapporto\navete tu e Erazor Djinn?	Como você e o Erazor Djinn\nse conhecem?	Dime, ¿qué relación tienes con Erazor, el Genio?	Jak ty i Erazor się niby znacie?		Sen ve Erazor Cin birbirinizi\nnasıl tanıyorsunuz?		What kind of relation do you\nand Erazor Djinn have?	Ты... и Эрейзор Джинн... \nЧто вас связывает?
event24_8	Huh? W-well...	え！？　まぁ…		Huh? Na ja...		Eh!? Beh...	Hã? B-bem...	¡¿Eh?! Bueno...	Hę? C-cóż...		Huh? Ş-şey...		Huh!? Well...	Что?\nНу-у...
event24_9	Hey, if you'd rather not talk about it,\nthat's okay.	まあ　話したくないなら\nそれでもいいさ		Hey, wenn du lieber nicht drüber reden willst,\nist das kein Ding.		Beh, se non vuoi parlarne,\nva bene anche così.	Ei, se não quiser falar sobre isso, tudo bem.	Bueno, si no quieres hablar de ello, no pasa nada.	Hej, jeśli wolałabyś o tym nie mówić,\nto nie było tematu.		Eğer bu konuda konuşmak istemiyorsan,\nsorun değil.		Well, if you don't want to talk about it,\nthat's fine too.	А, ну...\nЕсли не хочешь говорить, тогда не надо.
event24_10	Sonic...	…ソニック		Sonic...		Sonic...	Sonic...	Sonic...	Sonic...		Sonic...		...Sonic.	...Соник.
event24_11	Is he really a Genie of the Lamp like\nthat king of bones said?	ヤツの正体は　ジジイが\nいってたように　ランプの精なのか？		Ist er etwa wirklich ein Flaschengeist?\nSo wie der Knochenkönig gesagt hat?		È davvero lui il Genio della Lampada\ncome ha detto vecchietto?	Ele realmente é um Gênio da Lâmpada\ncomo aquele rei ossudo falou?	¿De verdad es un genio de la lámpara,\ncomo dijo el anciano?	Czy naprawdę jest Dżinem Lampy\ntak jak mówił kościasty król?		O gerçekten de kemiklerin kralının dediği\ngibi Lambanın Cini mi?		Is he really the Genie of the Lamp like\nthe old man said?	Ты мне только скажи. Дедуля был прав,\nон действительно джинн из лампы?
event24_12	Yes...	…そう		Ja.		...Sì,	Sim...	Sí...	Tak...		Evet...		...Yes.	...да.
event24_13	Well, you see...he's the genie of the\nmagic lamp from the story of Aladdin.	カレの正体は　アラジンと魔法の\nランプに出てくるランプの精よ		Nun, weißt du, er ist der Dschinni der Wunderlampe,\naus der Geschichte von Aladin.		La sua vera identità è quella del genio\ndi """Aladino e la Lampada Magica."""	Bem... ele é o gênio da lâmpada mágica da história de Aladim.	Él realmente es el genio de\n"""Aladino y la lámpara maravillosa""".	Widzisz... jest dżinem magicznej lampy\nz opowieści Aladyna.		Bak... o, Alaaddin masalındaki\nsihirli lambanın cini.		His true identity is the genie\nfrom """Aladdin and the Magic Lamp."""	На самом деле он... джинн лампы из сказки\n"""Аладдин и волшебная лампа""".
event24_14	?!	！？		?!		!?	?!	¿Mmm?	?!		?!		!?	М-м?!
event24_15	Long ago, he was punished for his misdeeds\nand sealed away in the lamp.	彼は昔　悪い行ないの罰として\nランプの中に閉じ込められ		Vor langer Zeit, wurde er für seine Missetaten bestraft,\nund in der Wunderlampe eingesperrt.		Tanto tempo fa, fu punito per le sue malefatte\ne fu sigillato nella lampada.	Há muito tempo atrás, ele foi punido por seus atos\ne foi selado na lâmpada.	Hace mucho tiempo, fue encerrado dentro de la\nlámpara como castigo por sus fechorías,	Dawno temu, został ukarany i\nzapieczętowany w lampie za swoje występki.		Çok uzun zaman önce, yaptığı kötülüklerden dolayı\ncezalandırıldı ve lambanın içine hapsedildi.			Когда-то давно... его заточили\nв лампу в качестве наказания.
event24_16	He would not be forgiven	千人の人の願いを　かなえるまで		Ihm würde keine Vergebung zuteilwerden, 		Finchè non avrebbe soddisfato i desideri\ndi mille persone,	Ele só seria perdoado	y se le prohibió salir hasta que	Nie wybaczonoby mu,		Affedilmeyecekti		Until he had granted the wishes\nof a thousand people,	Для полного освобождения он был обязан
event24_17	Until he had granted the wishes\nof a thousand people.	外に出ることを\n許されなかったの…		bevor er die Wünsche von eintausend Menschen erfüllt hätte.		Non gli era permesso di uscire...	após realizar os desejos de mil pessoas.	hubiera concedido los deseos de mil personas.	Dopóki nie spełniłby życzeń tysiąca ludzi.		Bin kişinin dileğini yerine\ngetirene kadar.		He was not allowed to come out...	исполнить желания тысячи человек.
event24_18	But when his sentence had been served,\nhe had a renewed hatred of people.	そして　その「しょくざい」が終わったとき\n彼の中には　さらに人を憎む気持ちと		Doch nachdem er seine Strafe verbüßt hatte,\nentflammte in ihm ein erneuter Hass auf die Menschheit.		E quando la sua "Espiazione" finì,\nfu lasciato con un grande odio verso le persone.	Mas quando ele cumpriu sua sentença,\nseu ódio pelas pessoas se tornou ainda mais profundo.	Cuando completó su penitencia, en él creció\nun odio aún mayor hacia la humanidad	Ale kiedy jego wyrok został ustalony,\nodżyła w nim jego nienawiść do ludzi.		Fakat cezasını çektikten sonra insanlara\nkarşı nefreti yeniden alevlendi.		And when his “Atonement” was over,\nhe was left with a deep hatred of people.	Внутри себя... он таил глубокую ненависть.
event24_19	That was his fate...sad, as it was.	自分の身を　そう宿命づけた		Dies war seine Bestimmung,... traurig wie sie war.		E un desiderio di maledire la storia stessa	Esse foi o seu destino... por mais triste que seja.	y se arraigó el deseo de maldecir	Taki był jego... smutny los.		Kaderi buydu... ne kadar üzücü olsa da.		And a desire to curse the very story	И вот, когда его наказание закончилось,\nон начал вымещать её на всём вокруг.
event24_20	His cursed destiny came from the story\nhe had been written into.	この物語そのものを　呪う気持ちが\n深く刻まれた		Sein verfluchtes Schicksal entsprang der Geschichte,\nin die er hineingeschrieben wurde.		Questo lo ha predestinato a un tale destino.	Seu destino amaldiçoado veio da história\nna qual ele foi escrito.	esta misma historia que había sellado su destino.	Jego zaklęte przeznaczenie pochodzi\nz opowieści w którą został wpisany.		Lanetli kaderi, içine yazıldığı\nhikâyeden kaynaklanıyordu.		That had predestined him to such a fate.	Он ненавидел всё, что олицетворяла\n"""Тысяча и одна ночь""". И решил стереть её.
event24_21	...Shahra.	…シャーラ		...Shahra?		...Shahra.	...Shahra.	Shahra...	... Shahra.		...Shahra.			...Шахра.
event24_22	To the Erazor Djinn,\nI am just a mere Genie of the Ring.	彼にしてみれば\n私は　いっかいのリングの精		Für den Erazor Djinn,\nbin ich nichts weiter als ein einfacher Ringgeist.		Per lui, non sono nient'altro che un Genio dell'Anello.	Para o Erazor Djinn,\neu sou apenas uma Gênia do Anel.	Para él, tan sólo soy el espíritu del anillo...	Dla Erazora Dżina,\njestem jedynie Dżinem Pierścienia.		Erazor Cine,\nBen sadece Yüzüğün sıradan bir Ciniyim.		To him, I am but a Genie of the Ring.	Для него я... самая простая...\nобычная джинния.
event24_23	...	…		...		...	...	...			...			...
event24_24	I want to stop him, though.	でも　私は彼を止めたいの		Dennoch möchte ich ihn aufhalten.		Ma voglio fermarlo.	Mas eu quero impedi-lo.	Pero deseo detenerlo.	Mimo to, chcę go powstrzymać.		Ama onu durdurmak istiyorum.		But I want to stop him.	Но... я хочу остановить его!
event24_25	I want to turn the stories of the\nArabian Nights back to what they were.	そして　このアラビアンナイトの\n世界を元に戻したい		Ich möchte die Welt von Tausendundeine Nacht\nwieder zu dem machen, was sie einst war.		E voglio riportare il mondo\ndelle Mille ed una Notte alla normalità.	Eu quero restaurar as histórias das Mil e Uma Noites.	Y deseo restaurar el mundo de\n"""Las mil y una noches""" a como era.	Chcę przywrócić opowieści\nArabskich Nocy do ich oryginalnego stanu.		Binbir Gece Masalları'nı asıl\nhallerine döndürmek istiyorum.		And I want to return the world of the\nArabian Nights back to normal.	Хочу спасти мир """Тысячи и одной ночи"""!
event24_26	That is... my wish.	それが…　私の願い		Das... ist mein Wunsch.		Questo...è il mio desiderio.	Esse é... o meu desejo.	Ese... es mi deseo.	Takie... Jest moje życzenie.		Bu... benim dileğim.		That...is my wish.	Таково... моё желание.
														
event25_name	Battle With Erazor	切りきざまれるのは　いつもプライド		Kampf gegen Erazor		È Sempre L'Orgoglio Che Viene Abbattuto	Batalha contra Erazor	Lo que queda hecho trizas es siempre el orgullo	Walka Z Erazorem		Erazor ile Savaş		It's Always Pride That Gets Cut Down	Первой страдает\nименно гордость.
event25_1	Ah...\nIt's the blue rat again.	ふん…　青いドブネズミか…		Oh...\nNicht schon wieder die blaue Rattenplage...		Hmph...\nÈ quel ratto blu...	Ah...\nÉ o rato azul de novo.	Jum... La sucia rata azul, ¿eh?	Ah...\nZnowu ten niebieski szczur.		Ah...\nYine bu mavi fare.		Hmph...The blue sewer rat...	Хм...\nОпять эта синяя крыса.
event25_2	Hey, looks like I'm running\na bit low, here.	そろそろガス欠なんでね		Hey, sieht aus, als würde ich hier auf Sparflamme laufen.		Sto per finire il carburante.	Ei, tô ficando sem combustível aqui.	Ya casi no tiene combustible.	Hej, trochę mi się\ntu paliwo kończy.		Hey, sanırım gücüm\nbiraz azalmış.		I'm about to run out of gas.	Слушай, у меня заканчивается топливо.
event25_3	Think you could top me off?	満タンでたのむぜ		Wie wär's mit 'nem Nachschub?		Potresti farmi il pieno?	Da pra você encher o tanque?	¿Me puedes llenar el tanque?	Mogę się doprosić o dolewkę?		Beni tatmin edebilir misin?		Fill me up, would you?	Полный бак, пожалуйста!
event25_4	Have you brought the seven World Rings?	７つの世界リングは集めたのか？		Hast du endlich die sieben Weltenringe dabei?		Hai collezionato i sette Anelli Mondiali?	Você trouxe os sete Anéis do Mundo?	¿Ya reuniste los siete Anillos mundiales?	Przyniosłeś dla mnie siedem Pierścieni Świata?		Yedi Dünya Yüzüğünü getirdiniz mi?		Did you collect the seven World Rings?	А ты собрал все семь Мировых колец?
event25_5	Well, you see...	さぁーて　どうかな		Ach, weißt du...		Chissà.	Bem, sabe....	Bueno, ¿qué tal...	No, jak ci to powiedzieć...		Şey, görüyorsun...		Gee, I wonder.	Кто знает... может, ты?
event25_6	You should really just look for them yourself.	なんなら調べてみちゃどうだ		Du solltest wirklich mal selbst die Augen aufmachen.		Puoi controllare,\nse vuoi.	Acho melhor você mesmo procurar por eles.	...si los vienes a buscar?	Sam sobie ich poszukaj.		En iyisi onları kendin araman.		You can check for yourself,\nif you want.	У тебя есть возможность это проверить.
event25_7	Very well...	では…		Wie du willst...		Bene allora...	Muito bem...	Muy bien...	Niech więc będzie.		Pekala o zaman...		Well then...	Тогда...
event25_8	I'll carve you to pieces\nuntil I find every last one!	キサマを切りきざんで\nそうさせてもらおう！		Ich schneide dich in Einzelteile, bis ich\njeden einzelnen Ring gefunden habe!		Farò in modo che verrai tagliato in pezzetti!	Eu vou lhe cortar em pedaços\naté achar todos eles!	¡Te haré pedazos para conseguirlos!	Rozkroję Cię na kawałeczki dopóki\nich wszystkich nie znajdę!		Seni paramparça edeceğim, ta ki\nher bir parçanı bulana kadar!		I will do so by cutting you into pieces!	Я разрежу тебя на кусочки\nи заберу кольца себе!
event25_9	Is that so?\nLet's see you try!	そうかい！\nやってみるんだな！		Ach, ist das so?\nKomm her und versuch's doch!		Ah davvero?\nVediamo se ci riesci!	É mesmo?\nQuero ver você tentar!	¿Ah, sí? ¡Inténtalo!	O, serio?\nZobaczmy czy możesz!		Öyle mi?\nHadi bir dene bakalım!			Вот как?\nНу давай, попробуй!
														
event26_name	The Mysterious Door	ナゾの扉と本の装丁		Die mysteriöse Tür		La Porta Misteriosa e il Legame del Libro	A Porta Misteriosa	La puerta misteriosa y la portada del libro	Tajemnicze Drzwi		Gizemli Kapı		The Mysterious Door and the Book's Binding	Таинственная дверь\nи переплёт книги.
event26_1	Sonic?!	ソニック！？		Sonic?!		Sonic?!	Sonic?!	¡Sonic!	Sonic?!		Sonic?!		Sonic!?	Соник?!
event26_2	Ah, I'm okay. I'm still...	ああ　大丈夫だ　まだな…		Ach, alles okay. Ich bin immer noch...		Ah, sto bene. sono ancora...	Ah, eu tô bem. Ainda estou...	Ah, estoy bien. Aún vivo...	Ah, wszystko gra. Dalej jestem...		Ah, ben iyiyim. Ben hala...			Спокойно, я в порядке! Пока что...
event26_3	That door.\nWhat is it?	あの奥の扉…　なに？		Diese Tür.\nWas hat es damit auf sich?		La porta sul retro.\nChe cosa è?	Aquela porta.\nO que é?	Esa puerta del fondo... ¿Qué es?	Te drzwi. O co biega?		Şu kapı.\nBu nedir?		That door in the back.\nWhat is it?	Что это за дверь... позади тебя?
event26_4	I have an idea! Watch this!\nOpen, Sesame!	こういうときはアレだろ？\nひらけ！　ゴマーッ！！		Hey, warte, ich hab's! Aufgepasst!\nSesam, öffne dich!		Questo è quello che si fa in momenti come questo, giusto?\nApriti, Sesamo!	Tenho uma ideia! Saca só!\nAbre-te, sésamo!	¡Creo que sé qué hacer! ¡Ábrete, Sésamo!	O, mam pomysł! Pa tera!\nSezamie, otwórz się!		Aklıma bir fikir geldi! İzle!\nAçıl Susam!		This is what you do in times like these, right?\nOpen, Sesame!	Как там говорят в таких случаях?\nСезам, откройся!
event26_5	Ah, it didn't work!	ノー・リアクション！		Oh, dass das nicht geklappt hat...		Nessuna reazione!	Ah, não funcionou!	No reacciona...	Aj, nie zadziałało!		Ah, işe yaramadı!		No reaction!	Никакой реакции!
event26_6	That's...	あれは…		Das ist doch...		Quello è...	Aquilo...	Eso...	To...		Bu...			А это?..
event26_7	There must be some sort of... offering\nwe need to make. Seven... Sonic?!	なにかを　おさめる場所がある…\n７つ…　ソニック！？		Scheint, als müssten wir eine Art... Opfer darbringen.\nSieben... Sonic?!		Ci sono posti in cui mettere qualcosa\n...Sette...Sonic?!	Deve haver algum tipo de... oferenda\nque precisamos fazer. Sete... Sonic?!	En esos cabe algo... Siete... ¡Sonic!	Musimy coś zaoferować, czy coś w tym stylu.\nMusi być siedem... Sonic?!		Bir çeşit... adak sunmamız\ngerekiyor. Yedi... Sonic?!		There are places to put something\n...Seven...Sonic!?	Сюда можно что-то вставить...\nЗдесь семь отверстий... Соник!
event26_8	{When the seven rings that control the worlds are gathered,	『７つの世界を統べるリングが\nそろいしとき…』		{Werden die sieben Ringe vereint,\nwelche die Welten kontrollieren,		{Quando i sette anelli che controllano il mondo saranno riuniti,	{Quando os sete anéis que controlam os mundos forem reunidos,	{Cuando se reúnan los siete anillos\nque gobiernan los mundos,	(Kiedy siedem Pierścieni kontrolujących świat są zebrane,		{Dünyaları kontrol eden yedi yüzük bir araya geldiğinde,		{When the seven rings that control the worlds are gathered,	{Если собрать кольца от семи миров,
event26_9	the portal between worlds shall open.}	世界をつなぐ扉が開くであろう』		öffnet sich sogleich das Portal zwischen den Welten.}		La porta che connette i mondi si aprirà.}	o portal entre os mundos se abrirá.}	se abrirá la puerta que los conecta.}	portal między światami otworzy się.)		Dünyalar arasındaki geçit açılacak.}		The door that connects the worlds shall open.}	откроется дверь, соединяющая миры...}
event26_10	We've got the seven World Rings.\nThis must be the door that they open!	つまり、７つの世界リングがあれば\nこの扉は開くってことだな		Wir haben die sieben Weltenringe.\nDas hier muss die Türe sein, die sie öffnen!		Quindi, con i sette Anelli Mondiali,\nquesta porta si aprirà.	Nós temos os sete Anéis do Mundo.\nEssa deve ser a porta que eles abrem!	En otras palabras, con los siete Anillos mundiales,\nesta puerta se abrirá.	Mamy je wszystkie.\nTo są te drzwi które otwierają!		Yedi Dünya Yüzüğüne sahibiz.\nBu, onların açtığı kapı olmalı!		So, with the seven World Rings,\nthis door will open.	То есть... эту дверь можно открыть\nс помощью семи Мировых колец.
														
event27_name	Alf Layla wa-Layla Appears	滅びるゆくのは野心		Alf Layla wa Layla erscheint		L'Ambizione è Ciò che Perisce	Alf Layla wa Layla Surge	La ambición es lo que perece	Nadchodzi Alf Layla wa-Layla	一千零一夜現身	Alf Layla wa-Layla Görünüyor		Ambition is What Perishes	Что погибает,\nтак это амбиции!
event27_1	You just don't give up, do you?	なかなか　しつこいヤツだな		Du weißt echt nicht, wann Schluss ist, oder?		Sei uno persistente, non è vero?	Você não desiste, né?	Eres bastante insistente, ¿no?	Jesteś strasznie upierdliwy, wiesz?	你就是不肯放棄是吧？	Hiç pes etmiyorsun, değil mi?		You're a persistent one, aren't you?	Какой же ты настырный!
event27_2	You've brought me all seven\nWorld Rings. Well done!	７つの世界リングを集めたようだな\nよくやった		Ich sehe, du hast mir die sieben Weltenringe gebracht!\nNicht schlecht!		Sembra che hai collezionato i sette\nAnelli Mondiali. Ottimo Lavoro.	Você me trouxe todos os sete\nAnéis do Mundo. Bom trabalho!	Parece que reuniste los siete Anillos mundiales.\nBien hecho.	Przyniosłeś mi wszystkie Pierścienie Świata.\nDobra robota, godna pochwały!	你把全部七枚世界戒指帶給我了！很好！	Bana yedi Dünya Yüzüğünün\nhepsini getirdin. Aferin!		Looks like you've collected the seven\nWorld Rings. Well done.	Вижу, ты собрал все семь Мировых колец.\nОтличная работа!
event27_3	Hey, of course!\nWe're such good buddies, after all!	気にするな\nオレとお前の仲だろ？		Aber hallo!\nNach all dem sind wir auch die dicksten Freunde!		Non ti preoccupare.\nSiamo buoni amici, non è vero?	Ei, é claro!\nSomos superamigos, afinal!	No fue nada. Para eso son los amigos, ¿no?	No jasne!\nPrzecież tak dobrze się dogadujemy!	當然了！我們是好兄弟嘛！	Tabii ki!\nSonuçta çok iyi arkadaşız!		Don't worry about it.\nWe're good buddies, aren't we?	Хвалишь меня так, будто мы старые приятели.
event27_4	Shahra!	シャーラよ		Shahra!		Shahra!	Shahra!	Shahra...	Shahra!	夏拉！	Shahra!		Shahra.	Шахра!
event27_5	...	…		...		...	...	...	...	...	...			...
event27_6	You have done well in using him to\ngather the rings. Now, give them to me!	良くぞ　そ奴にリングをあつめさせた\nさぁ　世界リングをワタシに渡すんだ		Eine reife Leistung ihn zu benutzen, um an die Ringe zu gelangen.\nUnd nun, übergib sie mir.		Hai fatto bene a lasciare quello sciocco  collezionare gli anelli.\nAdesso, gli Anelli Mondiali. Dalli a me.	Você fez bem em usá-lo para reunir os anéis.\nAgora, dê eles a mim!	Hiciste bien en hacer que ese imbécil recogiera los Anillos.\nAhora, entrégame los Anillos mundiales.	Dobrze Ci poszło używając szczura,\nby zebrać Pierścienie. Teraz, oddaj mi je!		Yüzükleri toplamak için onu iyi\nkullandın. Şimdi, onları bana ver!		You did well letting that fool collect the rings.\nNow, the World Rings. Give them to me.	Молодец, что убедила его собрать кольца.\nЧто ж... А теперь отдай Мировые кольца мне.
event27_7	Hey, hold on! Aren't you going\nto do something about this?	おいおい\n胸のコレはどうしてくれるんだ？		Hey, Moment mal! Hast du da nicht was vergessen?		Ehi, ehi. Cosa farai riguardo\nalla cosa nel petto?	Ei, pera lá! Você não vai fazer nada a respeito disso?	¡Oye, ¿no vas a hacer algo con esto de mi pecho?!	Chwila moment!\nNie miałeś czegoś z tym zrobić?		Dur bir dakika! Bu konuda bir\nşey yapmayacak mısın?		Hey, hey. What are you gonna do\nabout this thing on my chest?	Слушай-ка! Может, сделаешь что-нибудь\nс этой штукой в груди?
event27_8	Shahra, please, quickly!\nLet us rule the world together!	シャーラ　さあ　はやく！\nともに世界を統べる伴侶となろうぞ！		Shahra, bitte, mach schon!\nLass uns die Welt gemeinsam beherrschen.		Adesso, Shahra veloce!\nGoverniamo il mondo insieme come compagni!	Shahra, por favor, rapido!\nVamos governar esse mundo juntos!	¡Shahra, ve, rápido!\n¡Convirtámonos juntos en gobernantes de este mundo!	Shahra, proszę, szybko!\nPozwól nam rządzić tym światem razem!		Shahra, lütfen, çabuk!\nGel, dünyayı birlikte yönetelim!		Now, Shahra, quickly!\nLet us rule the world together as partners!	Шахра! Ну же, быстрее!\nДавай править этим миром вместе!
event27_9	Shahra?!\nWh-what's...?	シャーラ！？\nなにを…		Shahra?!\nW-was...?		Shahra!? Cosa stai...	Shahra?!\nO-o que tá...?	Shahra, ¿qué...?	Shahra?!\nC-co...?		Shahra?!\nN-ne...?		Shahra!? What are you...	Шахра?!\nО чём это он?!
event27_10	I... I must...	私　カレを…		Ich... Ich muss...		Io e lui...	Eu... eu devo...	Yo... Él...	Ja... Ja muszę...		Ben... Yapmalıyım...		Me and him...	Соник, он и я...
event27_11	Shahra, stop!	やめろシャーラ！		Shahra, stopp!		Non farlo Shahra!	Shahra, para!	¡Alto, Shahra!	Shahra, zaczekaj!	夏拉，停啊！	Shahra, dur!		Don't do it, Shahra!	Остановись, Шахра!
event27_12	You can't do this!\nThink about what will happen!	そんなことをしたら\nどうなるかわかってるのか！？		Das kannst du nicht machen!\nDenk doch mal an die Folgen!		Capisci cosa succederà se fai questo!?	Você não pode fazer isso!\nPense no que vai acontecer!	¿Te das cuenta de lo que pasará si haces eso?	Nie możesz tego zrobić!\nZastanów się nad tym, co się stanie!		Bunu yapamazsın!\nOlacakları bir düşün!		Do you realize what will happen if you do this!?	Ты же понимаешь, что произойдёт,\nесли ты это сделаешь?
event27_13	I'm sorry.\nI have no choice...	ごめんなさい\nだって　しょうがないのよ…		Es tut mir leid.\nIch hab keine Wahl.		Mi dispiace\nNon posso farci nulla...	Desculpa.\nEu não tenho escolha...	Lo siento. No tengo de otra...	Przykro mi.\nNie mam wyboru...		Üzgünüm.\nBaşka seçeneğim yok...	Förlåt.\nJag har inget val...	I'm sorry\nBut it can't be helped...	Извини, но... у меня... нет выбора...
event27_14	I just want to be back with him.	私はカレに戻って欲しいだけ		Ich möchte doch einfach nur bei ihm sein.		Voglio solo tornare da lui.	Eu só quero estar com ele de novo.	Sólo quiero que vuelva conmigo.	Ja tylko chcę znowu z nim być.		Sadece onunla tekrar birlikte olmak istiyorum.		I just want to return to him.	Я просто хочу вернуться с ним.
event27_15	No! As Genie of the Ring,\nI command you!	クッ！　リングの精に命令する		Nein! Als dein Meister befehle ich dir:		Agh! Io ordino il Genio dell'Anello,	Não! Como Gênia do Anel,\nEu te ordeno!	¡Gh...! ¡Le ordeno al espíritu del anillo:	Nie! Jako Dżin Pierścienia,\nrozkazuje Ci!		Hayır! Yüzüğün Cini olarak,\nsana emrediyorum!		Agh! I command the Genie of the Ring,	Джинния Шахра! Я приказываю тебе!
event27_16	"""Do what you truly think is right!"""	『本当に正しいと思うことを\nするんだ！』		"""Tu das, was du für wirklich richtig hältst!"""		"""Fai quello che ritieni giusto!"""	"""Faça o que você realmente acha que é certo!"""	haz lo que creas correcto!	"""Zrób to, co uważasz za uczciwe!"""		"""Gerçekten doğru olduğunu düşündüğün şeyi yap!"""			"""Поступи так, как считаешь правильным!"""
event27_17	Ahhh... aaaaah!	きゃぁ　あぁぁ		Ahhh... aaaaah!		Aaaahhhh!	Ahhh... aaaaah!	¡Aaaaah!	Ahhh... aaaaaah!		Ahhh... aaaaah!	Ahhh... aaaaah!	Aaahhhh!	А-а-а-а-а-а-а-а-а!
event27_18	Shahra!	シャーラ！		Shahra!		Shahra!	Shahra!	¡Shahra!	Shahra!		Shahra!	Shahra!		Шахра!
event27_19	Prayers - Sadness - Rage - Hatred\n- Joy - Pleasure - Wishes.	祈り　悲しみ　怒り　憎しみ\n喜び　楽しみ　願い		Gebete - Trauer - Wut - Hass\n- Freude - Vergnügen - Wünsche.		Preghiere - Tristezza - Rabbia - Odio\n- Gioia - Desideri.	Esperança - Tristeza - Raiva - Ódio\n- Felicidade - Prazer - Desejos.	Plegarias, tristeza, furia, odio, alegría, placer y deseos.	Pacierze - Smutek - Wściekłość - Nienawiść \n- Radość - Przyjemność - Życzenia.		Dualar - Üzüntü - Öfke - Nefret\n- Sevinç - Haz - Dilekler.			Молитва, грусть, гнев, ненависть,\nрадость, удовольствие, желание.
event27_20	The seven hearts that make up\nthe stories.	物語をつくる　７つの心		Die sieben Herzen, die die\nGeschichte formen.		I sette cuori che creano\nle storie.	Os sete corações\nque compõem as histórias.	Los siete corazones que tejen las historias.	Siedem serc które tworzą opowieści.		Hikâyeleri oluşturan yedi\nkalp.		The seven hearts that create the stories.	Семь чувств, которые создают истории.
event27_21	These are the seven World Rings that\nbind these pages together!	これが…　この世界のページをたばねる\n７つの世界リング！！		Dies sind die sieben Weltenringe,\ndie ihre Seiten zusammenhalten!		Questi sono i sette Anelli del Mondo che\nmettono insieme le pagine!	Esses são os sete Anéis do Mundo que unem essas paginas!	¡Estos son los siete Anillos mundiales\nque unen las páginas de este mundo!	To są wszystkie Pierścienie Świata\nktóre łączą te strony razem!		Bu sayfaları birbirine bağlayan yedi\nDünya Yüzüğü bunlar!		These are the seven World Rings\nthat bind the pages of this world!	Это... семь Мировых колец, которые\nсвязывают страницы этой книги!
event27_22	Wha...!!	…！！		Was...!!		Che...!!	Quê...!!	¡Gh!	Co...!	什麼...！	Ne...!!	Va...!!	...!!	Ах...
event27_23	{But the life of the collector of\nthe rings shall be offered up in sacrifice	『しかし、それを集めし者\n命のつぐないをもって		{Doch das Leben dessen, der die Ringe zusammenträgt,\nsoll als Opfer dargebracht werden,		{Ma la vita del collezionista\nsarà offerta in sacrificio 	{Porém a vida do coletor dos anéis será oferecida em sacrifício	{Sin embargo, aquel que los reúna\nse convertirá en la llave para gobernarlos,	(Natomiast życie zdobywcy pierścieni\nzostanie zaoferowane		{Ancak yüzükleri toplayanın hayatı,\nbu kontrolün anatarı		{But the gatherer shall pay with their life,	{Однако за власть над мирами\nпридётся заплатить высокую цену,
event27_24	As the key for that control.}	全てを統べる鍵となさん』		um den Schlüssel zu formen, der die Macht beherrscht.}		Come chiave per quel controllo.}	como a chave desse poder.}	pagando para ello con su vida.}	w poświęceniu za klucz do tej kontroli.)		olarak kurban edilecektir.}		And become the key to control all.}	отдав взамен свою жизнь.}
event27_25	I offer up YOUR life, blue hedgehog!	我がニエとなれ！　青きハリネズミ！		Ich opfere DEIN Leben, blauer Igel!		Io offro la TUA vita, riccio blu!	Eu ofereço a SUA vida, ouriço azul!	¡Sé mi sacrificio, erizo azul!	Oferuje TWOJE życie, niebieski jeżu!		Mavi kirpi, SENİN hayatını sunuyorum!		Be my sacrifice, blue hedgehog!	Пожертвуй же собой, синий ёж!
event27_26	Ngh!	チッ！！		Ngh!		Ngh!	Ngh!	...	Ngh!	呃！	Ngh!	Ngh!	Tch!	Ах! Чёрт!
event27_27	Shahra!	シャーラ！！		Shahra!		Shahra!	Shahra!	¡Shahra!	Shahra!	夏拉！	Shahra!	Shahra!		Шахра!
event27_28	Sonic...\nI'm... sorry.	…ソニック\nごめんなさい		Sonic...\nBitte, vergib mir...		Sonic...\nmi... dispiace.	Sonic...\nMe... perdoe.	Sonic... Lo siento.	Sonic...\nJa... Przepraszam.		Sonic...\nBen... üzgünüm.	Sonic...\nFörlåt... mig.	...Sonic.\nI'm sorry.	Соник...\nПрости меня.
event27_29	I knew... all along...	ワタシ　わかっていたのに…		Ich wusste die ganze Zeit über...		Lo sapevo... tutto questo tempo...	Eu sabia... esse tempo todo...	Yo... lo sabía.	Cały czas... wiedziałam...		Başından beri biliyordum...		I knew, but...	Я всё... Я всё знала...
event27_30	I knew what would happen,\nand I still got you involved.	こうなることは　わかっていたのに\n巻き込んでしまった…		Ich wusste, was geschehen würde,\nund dennoch hab ich dich mit reingezogen.		Sapevo cosa sarebbe successo,\ne ti ho comunque coinvolto.	Eu sabia o que iria acontecer,\ne ainda assim te envolvi nisso.	Sabía que esto pasaría, pero aun así te metí en esto.	Wiedziałam co się stanie,\na i tak Cię w to wplątałam.		Neler olacağını biliyordum, yine\nde seni işin içine dahil ettim.		Even though I knew this would happen\nI still got you involved...	Я обо всём знала с самого начала,\nно втянула тебя в это...
event27_31	It's okay.\nIt's not your fault.	いいんだ\nそんなことは！		Schon okay.\nEs ist nicht deine Schuld.		Va tutto bene.\nNon è colpa tua.	Tudo bem.\nNão foi sua culpa.	No, no te preocupes.	Już dobrze.\nTo nie twoja wina.		Sorun değil.\nSenin hatan değil.		That's okay!	Ничего страшного!\nНе думай об этом!
event27_32	Did I change my destiny?	運命　かわったかな？		Habe ich mein Schicksal verändert?		Ho cambiato il mio destino?	Eu mudei o meu destino?	¿Cambié... mi destino?	Czy zmieniłam swój los?	我有改變了自己的命運嗎？	Kaderimi değiştirdim mi?		Did I alter my fate?	Я изменила... судьбу?
event27_33	Did I keep our promise?	約束　はたせたかな？		Habe ich mein Versprechen gehalten?		Ho mantenuto la nostra promessa?	Eu mantive a nossa promessa?	¿Mantuve... nuestra promesa?	Czy utrzymałam naszą obietnicę?	我有保護好我們的約定嗎？	Verdiğim sözü tuttum mu?			Я сдержала... своё обещание?
event27_34	Shahra! Grant me a wish!	…シャーラ　命令だ！		Shahra! Bitte erfüll mir einen Wunsch!		Shahra! Esprimi il mio desiderio!	Shahra! Realize meu desejo!	¡Shahra! ¡Es una orden!	Shahra! Spełnij dla mnie życzenie!	夏拉！賜與我一個願望！	Shahra! Bana bir dilek hakkı ver!		...Shahra.\nThis is an order!	...Шахра, я приказываю!
event27_35	I wish for you to not die and\nto go back to the way you were!	『死ぬな！　もとにもどるんだ』		Ich möchte, dass du nicht stirbst\nund wieder so wirst, wie du früher warst.		Vorrei che non morissi e\ntornassi come eri prima!	Eu desejo que você não morra\ne volte a ser como era antes!	¡No mueras! ¡Vuelve a la normalidad!	Życze, żebyś nie umarła,\ni żebyś wróciła taka jaka byłaś!	我希望你不要死然後恢復原狀！	Ölmemeni ve eski haline\ndönmeni diliyorum!		Don't die!\nReturn to how you were.	Не умирай! Верни прежнее состояние!
event27_36	I'm so sorry, Master.\nI... cannot grant...	ごめんなさい　ご主人さま…\nその命令は…		Es tut mir so leid, Meister.\nIch... kann ihn nicht...		Mi dispaice tanto, Maestro.\nIo... non posso esprimere...	Eu sinto muito, Mestre.\nEu... não posso realizar...	Lo siento, amo. Ese deseo no...	Naprawdę mi przykro.\nMistrzu... nie moge spełnić...	主人，我對不起你。我...沒辦法實現...	Çok üzgünüm, Üstadım.\nBen... izin veremem...		I am sorry, my master...\nThat order is...	Извините, Господин...\nНо этот приказ...
event27_37	Hmph. In the end, such is the weak\npower of a Genie of the Ring.	フン　しょせんはリングの精\n最後まで　つかえぬか		Hmpf. Schlussendlich lassen die jämmerlichen Kräfte\neines Ringgeistes doch einiges zu wünschen übrig.		Hmph. Alla fine dei conti, questo è\nil potere fiacco di un Genio degli Anelli.	Hmph. No fim das contas, esse é o poder fraco\nde uma Gênia do Anel.	Jum. ¿Esa fue el espíritu del anillo?\nUna inútil hasta el final.	Hmpf. Koniec końców,\ntaka słaba jest siła Dżina Pierścienia.		Hmph. Sonuçta, Yüzük Cininin\ngücü işte böyle zayıf.		Hmph. She was but the Genie of the Ring.\nUseless until the end.	Пф-ф, даже в конце своего пути\nты так и осталась слабой джиннией.
event27_38	Ugh?\nHrrrrgh!	う！？\nうぉぉぉ	¡Hum!\n¡Grrrrrr!	Ugh?\nHrrrrgh!		Ugh?\nHrrrrgh!	Ugh?\nHrrrrgh!	¿Mmm?\n¡Gua...!	Ugh? Hrrgh!		Ugh?\nHrrrrgh!	Ugh?\nHrrrrgh!		М-м?\nО-о-о-о-о-а-а-а-а-а-а-а-а!
event27_39	Wooaaarrrgh!	ヲヲヲヲヲヲ	¡Aaaaaaaaaah!	Wooaaarrrgh!		Wooaaarrrgh!	Wooaaarrrgh!	¡Grrraaaah!	Łooaaaarrgh!		Wooaaarrrgh!	Wooaaarrrgh!		А-а-а-а-а-а-а-а-а-а-а-а-а!
event27_40	I am Alf Layla wa-Layla.	我ガ名ハ\nアルフ・ライラ・ワ・ライラ	Mi nombre es Alf Leyla wa-Leyla.	Ich bin Alf Layla wa-Layla.		Io sono Alf Layla wa-Layla.	Eu sou Alf Layla wa-Layla.	¡Soy Alf Leyla wa Leyla!	Ja jestem Alf Layla wa-Layla		Ben Alf Layla wa-Layla.		My name is Alf Layla wa-Layla.	Меня зовут Альф-Лейла-ва-Лейла!
event27_41	I AM the Arabian Nights.\nI will be its new creator!	我ハ　アラビアンナイトの世界\n我ハ　新タナ創造主	En mì habita el mundo de Las mil y vna noches.\Yo ſoy ſu nueuo criador.	Ich BIN Tausendundeine Nacht.\nIch werde ihr neuer Schöpfer sein!		IO SONO le Mille e una Notte.\nIo sarò il suo nuovo creatore!	Eu SOU as Mil e Uma Noites.\nEu serei o seu novo criador!	¡Soy el mundo de """Las mil y una noches"""!\n¡Soy su nuevo creador!	JA jestem Arabskimi Nocami!\nJa będę ich nowym twórcą!		Ben Binbir Gece Masalları'yım.\nOnun yeni yaratıcısı ben olacağım!		I am the world of the Arabian Nights.\nI am the new creator.	Я - мир """Тысячи и одной ночи"""!\nЯ новый создатель!
event27_42	I will remake this world and this\nreality in my own image!	コノ　世界ト　現実ヲ　イレカエ\n私ハ　スベテノ統治者ト　ナル	Tornarè eſte mundo en verdadero y vendre a ſer abſoluto ſeñor de todo.	Ich forme diese Welt und jegliche Existenz\nnach meinem eigenen EBENBILD!!		Ricreerò questo mondo e questa\nrealtà a mia immagine!	Eu irei refazer esse mundo e essa\nrealidade do meu jeito!	¡Cambiaré la realidad de este mundo\ny seré el gobernante de todo!	Zbuduję ten świat i rzeczywistość\nod początku by wpasował się w moją wizję!		Bu dünyayı ve bu gerçekliği kendi\nsuretimde yeniden şekillendireceğim!		I will merge reality with this world,\nand I will be the ruler of all.	Я изменю этот мир и реальность.\nИ буду верховным правителем!
event27_43	This is awful.\nYou're just some incomplete monster.	ひどい\n不完全な化け物になったか…	Oh, no.\nSe ha convertido en un monstruo incompleto...	Das ist grauenvoll. Du bist nichts weiter\nals ein unvollständiges Monstrum.		È terribile.\nNon sei altro che un mostro incompleto...	Que horror.\nVocê é um monstro incompleto.	¡Qué horror! ¡Se convirtió en un monstruo incompleto!	To okropne.\nJesteś zwykłym niekompletnym potworem.		Bu korkunç.\nSen sadece tamamlanmamış bir canavarsın.		This is awful.\nYou've just become some incomplete monster...	Жуть какая...\nОн превратился в монстра-переростка.
event27_44	Aaahhhh!	うぉぉぉ	¡Aaaaaaah!	Aaahhhh!		Aaahhhh!	Aaahhhh!	¡Aaahhhh!	Aaaahhh!		Aaahhhh!	Aaahhhh!		А-А-А-А-А-А!
event27_45	We've got to stop him... Shahra!	アイツを止めなきゃ…　シャーラ	Tengo que pararle los pies... Shara.	Wir müssen ihn aufhalten...\nShahra!		Dobbiamo fermarlo... Shahra!	Nós temos que pará-lo... Shahra!	¡Debemos detenerlo!	Musimy go powtrzymać... Shahra!		Onu durdurmalıyız... Shahra!		We have to stop him... Shahra.	Я должен остановить его, Шахра!
event27_46	Please, lend me your power!	だからオレに　力を貸してくれ！！	¡Por favor, dame fuerzas\npara esta lucha!	Bitte, leih mir deine... MACHT!!		Per favore, prestami il tuo potere!	Por favor, me dê sua força!	¡Shahra, préstame ahora tu poder!	Proszę, użycz mi swojej siły!	求求你，把你的力量借給我吧！	Lütfen, bana gücünü ver!		So...\nLend me your power!!	Поэтому дай мне сил, чтоб совладать с ним!
														
event28_name	Erazor's Imprisonment	イレイザーの投獄	El fin de Erazor	Erazors Gefangenschaft		L'imprigionamento di Erazor	Aprisionamento de Erazor	Erazor es aprisionado	Uwięzienie Erazora	囚禁伊萊薩	Erazor'un Hapsedilmesi			Заточение Эрейзора.
event28_1	I shall not be defeated!	くぉぉ　このままじゃ　終われん	¡Grrr! Esto no se termina aquí...	So leicht gebe ich mich nicht geschlagen!		Io non sarò sconfitto!	Eu não serei derrotado!	Mier... ¡No puede terminar así!	Nie mogę zostać pokonany!	我不會被打倒的！	Yenilmeyeceğim!		Agh. It won't end like this.	Гр-р-р! Это ещё не конец!
event28_2	If you defeat me, I will simply return,\nagain and again!	なんどでも　よみがえってやる	¡Me alzaré para volver\nuna y otra vez!	Bezwingst du mich doch, kehre ich eben zurück,\nwieder und wieder!		Se mi sconfiggi, semplicemente, ritornerò,\nancora e ancora!	Se você me derrotar, eu simplesmente voltarei,\nde novo e de novo!	¡Volveré una y otra vez!	Jeśli mnie pokonasz, zwykle powrócę,\nznowu i znowu!	我即便輸了，我還是會不斷復活！	Eğer beni yenersen, tekrar\ntekrar geri döneceğim!		I'll come back to life again and again.	Я воскресну вновь!\nВедь я бессмертный!
event28_3	I am immortal!\nI cannot be vanquished!	ワタシに　死は　ナイ\n消えることのない存在なのだ	Soy inmortal, ¡eterno! ¡Un ser\nque jamás se desvanecerá!	Ich bin unsterblich!\nMich kannst du nicht auslöschen!		Io sono immortale!\nNon posso essere sconfitto!	Eu sou imortal!\nEu não posso ser vencido!	¡Yo no puedo morir!\n¡Mi existencia nunca cesará!	Jestem nieśmiertelny!\nNie da się mnie pozbyć!	我死不了！是無法抹滅的存在！	Ben ölümsüzüm!\nYenilemem!		There is no death for me.\nI will never disappear.	Тебе никогда не стереть меня, я не исчезну!
event28_4	Muhuhuhu-hahaha!	クククわははは！	Ju, ju, ju, ja, ja, ja...\n¡JUA, JA, JA, JA, JA!	Muhuhuhu-hahaha!		Mwahahahahahaha!	Muhuhuhu-hahaha!	¡Ka, ja, ja, ja, ja, ja! ¡Ah, ja, ja, ja, ja, ja, ja, ja...!	Muhuhuhu-hahaha!	哇哈哈哈！	Muhuhuhu-hahaha!	Muhuhuhu-hahaha!	Kehehe-Hahahahah!	Му-ха-ха-ха-ха-ха!
event28_5	That can't be!?\nThat's...the...	なに！？\nそ　それは…	¿¡Eh!?\nE-esa es...	Unmöglich!\nDas ist...!		Non può essere?!\nQuello... è...	Não pode ser!?\nEssa... é...	¡¿Qué?! ¡E-Esa es...!	To.. nie może być?\nTo jest...		Bu olamaz!?\nBu... şey...		What!? Th-That's the...	Это же...\nОткуда?
event28_6	"I want you to hold on to this."	「これ　あずかっていて…」	"""Por favor, guarda esto por mí..."""	"""Ich möchte, dass du dies an dich nimmst."""		"Voglio che questo lo tieni tu."	"""Eu quero que você guarde isso."""	"""He estado guardando esto."""	"Chcę żebyś to trzymał"		"Bunu sıkıca tutmanı istiyorum."		"""Hold on to this...."""	"""Пусть будет у тебя..."""
event28_7	"...To go back to the way you were!"	「……もとにもどるんだ…」	"""¡...vuelve a tu estado anterior!"""	"""...und wieder so wirst, wie du früher warst."""		"...Per ritornare a come eri prima!"	"""...volte a ser como era antes!"""	"""¡Vuelve a la normalidad!"""	"... Żebyś wróciła taka jaka byłaś!"		"...Eski haline dönmek için!"		"""...Return to how you were..."""	"...верни прежнее состояние..."
event28_8	The genie of the lamp is supposed to grant\nthree wishes, am I right?	たしか　ランプの精ってのは３つの\n願いごとを　聞いてくれるんだよな	Tengo entendido que el genio de la lámpara concede tres deseos, ¿no?	Der Dschinni der Lampe soll einem drei Wünsche erfüllen,\nhab ich Recht?		Il genio della lampada dovrebbe esprimere\ntre desideri, mi sbaglio?	O gênio da lâmpada precisa realizar\ntrês desejos, não é mesmo?	Creo que el genio de la lámpara\nconcede tres deseos, ¿no?	Dżin Lampy powinien spełnić moje\ntrzy życzenia... Zgodzisz się?		Lambadaki cinin üç dilek hakkı\nverdiği söyleniyor, doğru mu?		The genie of the lamp is supposed to grant\nthree wishes, right?	Если я ничего не путаю, джинн лампы\nобязан исполнить три желания.
event28_9	I will never grant any wish\nfrom the likes of you!	貴様のいうことなど\n聞けるわけが　なかろう！	¡Serás...! ¡Jamás concedería ninguno de tus deseos!	Ich erfülle überhaupt keine Wünsche,\nund schon gar nicht von jemanden wie dir!		Non esprimero alcun tuo desiderio!	Eu nunca vou realizar os desejos de alguem como você!	¡No hay forma alguna de que te obedezca!	Nigdy nie spełnie życzeń\nkomuś takiemu jak ty!		Senin gibilerin hiçbir dileğini\nasla yerine getirmeyeceğim!		There's no way I would\never listen to you!	Чтобы я исполнял твои желания?\nНикогда не бывать этому!
event28_10	Hm!	よっと！	¡Hum!	Hah!		Hm!	Hm!	¡Jop!	Hm!	哼！	Hm!	Hm!	Hup!	Опа!
event28_11	My first wish.	一つ目	Primer deseo:	Wunsch Nummer eins:		Il mio primo desiderio.	Meu primeiro desejo.	Primero:	Moje pierwsze życzenie.	我的第一個願望。	İlk dileğim.	Min första önskan.		Первое желание!
event28_12	Bring Shahra back to life!	シャーラを　生き返らせてくれ	¡Devuelve a Shara a la vida!	Mach Shahra wieder lebendig!		Riporta Shahra in vita!	Traga a Shahra de volta à vida!	¡Revive a Shahra!	Przywróć Shahre do życia!	讓夏拉復活！	Shahra'yı hayata geri getir!		Bring Shahra back to life.	Верни Шахру к жизни!
event28_13	Ugh!	ぐはっ！	¡Hum!\n¡Argh...!	Ugh!		Ugh!	Ugh!	¡Gua...!	Ugh!	噁！	Ugh!	Ugh!	Gwah!	А-а-апф!
event28_14	My body...\nMy body is...	ぐぉぉ　からだが…\nからだが…	¡Mi cuerpo!\n¡Mi cuerpo está...!	Mein Körper...\nMein Körper wird...		Il mio corpo...\nIl mio corpo è...	Meu corpo...\nMeu corpo está...	¡Mi cuerpo! ¡Mi cuerpo...!	Moje ciało...\nMoje ciało jest...!	我的身體...\n我的身體在...	Vücudum...\nBenim vücudum...		Augh, my body...\nMy body is...!	А-а-а!\nМоё... Моё тело!
event28_15	My second wish.	二つ目	Segundo deseo:	Wunsch Nummer zwei:		Il mio secondo desiderio.	Meu segundo desejo.	Segundo:	Moje drugie życzenie.	第二個願望。	İkinci dileğim.	Min andra önskan.		Второе желание!
event28_16	Return the Arabian Nights\nto the way they were,	消えてしまったこの世界のお話	¡Devuelve a su estado original\ntodas las historias	Stell Tausendundeine Nacht\nwieder so her wie es mal war, 		Riporta le Mille e una Notte\na come erano prima,	Faça as Mil e Uma Noites voltarem a ser como eram,	¡Restaura las historias perdidas,	Przywróć Arabskie Noce\ndo stanu w jakim były,	把天方夜譚恢復原狀，	Binbir Gece Masallarını\neski haline döndür.		Return the stories that have disappeared in this world,	Обрати все деяния, которые ты сделал
event28_17	So that the world can have its stories again!	アラビアンナイトを\nすべて元にもどすんだ	del mundo de Las mil y una noches\nque has borrado!	sodass die Welt wieder seine Geschichten genießen kann!		Così che il mondo possa avere le sue storie!	para que o mundo possa ter suas histórias de volta!	"""Las mil y una noches""", a como eran!	Aby świat mógł odzyskać swoje opowieści!	讓這世界能再有它的故事！	Böylece dünya yeniden kendi\nhikayelerine kavuşabilsin!		And restore the Arabian Nights back to its original state.	с """Тысячью и одну ночью""", немедленно!
event28_18	Wha!	なっ！	¿Que--?	?!		Che!	Quê?!	¿Qu...?	Co-?!	什麼！	Ne!	Va!	Wha!?	Что?
event28_19	Ugh!	ぐああっ！！	¡Aaaah!	Aargh!		Ugh!	Ugh!	¡Gua...!	Ugh!	噁！	Ugh!	Ugh!	Gaaahh!!	А-а-а... А-А-А-А-А-А!
event28_20	M-my...	か　か…	¡Cof...! ¡Cof...!	M-mein...		I-Il mio..	M-meu...	¡Mi... mi...!	M-moje...	我...	B-benim...	M-min...		А-а-а..
event28_21	My third wish.	三つ目	¡Tercer deseo!:	Wunsch Nummer drei:		Il mio terzo desiderio.	Meu terceiro desejo.	Tercero:	Moje trzecie życzenie.	第三個願望。	Üçüncü dileğim.	Min tredje önskan.		Третье желание!
event28_22	Erazor Djinn!	イレイザー・ジン	Erazor el Yinn,	Erazor Djinn!		Erazor Djinn!	Erazor Djinn!	¡Erazor, el Genio!	Erazor Dżin!	伊萊薩！	Erazor Cin!	Erazor Djinn!	Erazor Djinn.	Эрейзор Джинн!
event28_23	You shall live out the rest of time, trapped\ninside your lamp as you were in days of old!	オマエはランプの精として\n昔どおりランプの中ですごせ	Como genio de la lámpara que eres, ¡deseo que quedes\natrapado dentro de ella, como solías estar!	Du sollst dein Dasein für alle Ewigkeit eingesperrt\nin dieser Lampe fristen, so wie damals!		Dovrai vivere per il resto dell'eternità\nintrappolato dentro alla tua lampada come i vecchi tempi!	Você passará o resto da eternidade\naprisionado em sua lâmpada como antigamente!	Permanecerás dentro de la lámpara,\ncomo en los viejos tiempos.	Resztę czasów spędzisz uwięziony,\ntak jak byłeś za dawnych czasów!	既然你是神燈精靈，\n那你就像從前一樣回去神燈裡面吧。	Ömrünün geri kalanını, eskiden olduğu gibi\nlambanın içinde hapsolmuş olarak geçireceksin!		You are the Genie of the Lamp, and you shall stay\ninside that Lamp as you did in days of old.	Наказания тебе было мало. Так что\nживи до конца своих дней в этой лампе!
event28_24	Ugh... ugh... ugh!	ぐはっ！　はぁ　はぁ…	¡Cof!\n¡Grrr! ¡Grrrrr!	Uaugh... Ough... ugh!		Ugh... ugh... ugh!	Ugh... ugh... ugh!	¡Deten...! ¡Gua...!	Ugh.. ugh.. ugh!	噁...噁...噁！	Ugh... ugh... ugh!	Ugh... ugh... ugh!	Gwah! Hah, hah...	А-а-а... пф-ф-фа!
event28_25	Shahra, I know you're there!\nPlease, stop him!	シャーラ　いるんだろ！？\n止めてくれ　コイツを止めてくれ！	¡Shara! ¡¡Se que estás ahí!! ¡Detenlo!\n¡Tienes que pararle los pies a esa alimaña!	Shahra, ich weiß, dass du da bist!\nBitte, halte ihn auf!		Shahra, so che sei lì!\nPer favore, fermalo!	Shahra, eu sei que você está aí!\nPor favor, pare-o!	Shahra, ¿estás ahí? ¡Detenlo! ¡Detén a este miserable!	Shahra! Wiem, że tam jesteś!\nBłagam, powstrzymaj go!	夏拉，你在吧！？\n阻止他，去阻止他啊！	Shahra, orada olduğunu biliyorum!\nLütfen, onu durdur!		Shahra, I know you're there!\nStop this. Stop him!	Шахра, я знаю, ты здесь!\nОтстанови его! Останови скорее!
event28_26	We can start over, the two of us!\nI swear! I swear it!	また　二人でやりなおそう\n噓じゃない　噓じゃないんだ…	¡Podemos volver estar juntos, a empezar de zero!\n¡Te lo juro! ¡Te lo juro...!	Wir fangen noch mal von vorne an, nur wir zwei!\nIch schwöre es! Ich schwör's!		Possiamo rincominciare, solo noi due!\nLo giuro! Lo giuro!	Nós podemos recomeçar, nós dois!\nEu juro! Eu juro!	Empecemos de nuevo juntos.\nNo te miento. ¡No te miento!	Możemy zacząć od nowa, tylko nasza dwójka!\nPrzysięgam... Przysięgam Ci!	我們倆還可以再重新開始，\n我沒有騙人，我沒有騙人……	İkimiz birlikte yeniden başlayabiliriz!\nYemin ederim! Yemin ederim!		The two of us can start over.\nIt isn't a lie, it isn't a lie...	Мы же можем начать всё сначала!\nВсё будет иначе! Клянусь тебе!
event28_27	The world is mine!	ワタシが世界を統べる者のはず	¡Se supone que soy quien\ndebe gobernar el mundo!	Die Welt gehört mir!		Il mondo è mio!	O mundo é meu!	Yo debería ser quien gobernara el mundo.	Świat jest mój!	我可是這個世界的統治者！	Dünya benim!		I am supposed to rule the world.	Я родился, чтобы править миром!
event28_28	I cannot be denied by that filthy rat!	それが　こんな薄汚いネズミに！	¿¡Cómo he podido perder contra\nuna sucia rata!?	Ich kann doch nicht verleugnet werden\nvon so einer dreckigen Ratte!		Non posso essere fermato da questo sporco ratto!	Eu não posso ser impedido por aquele rato imundo!	¡¿Y me lo arrebató una sucia rata?!	Nie mogę być zaprzeczony\nprzez tego brudnego szczura!	我怎麼會被這隻臭老鼠給打倒了！	O pis fare tarafından yenilemem!		And that was spoiled by this filthy rat!	Я не могу проиграть этой мерзкой крысе!
event28_29	Whyyyyy?!	なぜだぁぁぁ	¿¡Por quéééééé!?	Waruuuuum?!		Perchè?!	Por quêêêêêê?!	¡¿Por qué?!	Dlaczegooo?!	為什麼！？	Nedeeeeeeeeen?!	Varfööööööör?!	Whyyyyy!?	Как же та-а-а-а-ак?!
event28_30	I told you, I'm not a RAT!	オレは\n薄汚いネズミなんかじゃない	Ya te dije que no soy una sucia rata...	Wie oft noch?! Ich bin keine RATTE!		Te l'ho già detto, non sono un RATTO!	Eu já te disse, eu não sou um RATO!	No soy una sucia rata.	Mówiłem Ci, nie jestem SZCZUREM!	什麼臭老鼠。	Sana söyledim, ben bir FARE değilim!		I'm no filthy rat.	Я не крыса.\nСколько можно повторять?
event28_31	I'm a HEDGEHOG!	ちょっとスゴイ\nハリネズミなんだよ	Soy un erizo bastante molón.	Ich bin ein Igel.		Sono un RICCIO!	Eu sou um OURIÇO!	Soy un asombroso erizo.	Jestem JEŻEM!	我可是隻頗為帥氣的刺蝟呢。	Ben bir KİRPİYİM!		I'm a pretty awesome hedgehog.	Я, ёж! Был, есть и буду!
event28_32	Shahra...\nWill you grant me one more wish?	シャーラ…\nオレの願いを聞いてくれるか？	Shara...\n¿Me concederías un último deseo?	Shahra...\nErfüllst du mir einen letzten Wunsch?		Shahra...\nPosso concedermi un'altro desiderio?	Shahra...\nVocê pode realizar mais um desejo?	Shahra... ¿puedes concederme un deseo?	Shahra...\nSpełnisz dla mnie jeszcze jedno życzenie?	夏拉……\n你能聽我的願望嗎？	Shahra...\nBana bir dilek hakkı daha verir misin?		Shahra...Will you hear my wish?	Шахра...\nИсполнишь моё желание?
event28_33	...?	…？	¿Hum?	...?		...?	...?	Ajá...	...?	……？	...?			...?
event28_34	I wish for a mountain of handkerchiefs.	ハンカチを\n山ほど　だしてくれ	Deseo por ti una montaña de pañuelos.	Ich wünsche mir einen Berg Taschentücher.		Vorrei una montagna di fazzoletti.	Eu desejo uma montanha de lenços.	Dame una montaña de pañuelos.	Życzę sobie górę husteczek.	我希望有一整山的手帕。	Bir dağ dolusu mendil istiyorum.		Get me a mountain of handerchiefs.	Платочков бы.\nНаколдуй побольше.
event28_35	Now, just let yourself cry.\nAs much as you need to.	海ができるまで　泣いていいぞ	Llora todo lo que haga falta, incluso si es un mar de lágrimas,	Und nun, wein dich ruhig aus,\nbis du dich wieder besser fühlst.		Adesso, lasciati andare, piangi.\nPiangi quanto vuoi.	Agora, deixe as lágrimas caírem.\nO quanto for preciso.	Llora hasta llenar el mar,	Teraz, pozwól Sobie na płacz.\nNa tyle ile tylko potrzebujesz.	這樣你要哭到淚水匯集成大海也沒關係。	Şimdi, kendini ağlamaya bırak.\nİhtiyacın olduğu kadar.		It's okay even if you cry an ocean.	Поплачь если хочется, даже если\nобразуется море слёз.
event28_36	You'll have plenty of handkerchiefs\nto help you through it.	ハンカチは　山のようにあるからな	aquí te esperan todos los pañuelos que hagan falta.	Du hast jetzt Unmengen an Taschentüchern,\ndie dir da durchhelfen.		Avrai tantissimi fazzoletti che ti aiuteranno\nnel mentre.	Você terá muitos lenços para te ajudar a superar isso.	porque tienes pañuelos de sobra.	Będziesz miała wystarczająco\nhusteczek które Ci z tym pomogą.	因為你有用不盡的手帕可以幫你度過難關了。	Bu süreç boyunca sana yardımcı\nolacak bol miktarda mendilin olacak.		You have a mountain of handkerchiefs\nto help you through it.	Думаю, платочков нам на всё хватит.
														
event29_name	Ending		Final	Ende		Finale	Fim	Final	Koniec	結局	Bitiş	Slutet		Конец
event29_1	And so, the legendary blue hedgehog,	そして　青いハリネズミは	Y es así que el erizo azul,	Und so geschah es, dass der legendäre blaue Igel,		E così, il leggendario riccio blu,	E então, o lendário ouriço azul,	Y así, el erizo azul,	Tak więc, legendarny niebieski jeż,	於是，傳說中的藍色刺蝟，	Ve böylece, efsanevi mavi kirpi,		And so, the blue hedgehog,	После того, как синий ёж спас
event29_2	Having saved the world of\nthe Arabian Nights, ran endlessly,	アラビアンナイト物語の世界を\n救った後　あきるほど走りまわって	tras salvar el mundo de Las mil y una\nnoches, lo recorrió de arriba a abajo.	der die Geschichte von Tausendundeine Nacht rettete,\num die gesamte Welt lief,		Avendo salvato il mondo delle\nMille e una Notte, corse infinitamente,	tendo salvo o mundo das\nMil e Uma Noites, correu incansavelmente,	tras salvar el mundo de """Las mil y una noches""",\ncorrió a sus anchas	po uratowaniu świata Arabskich Nocy,\nbiegał w nieskończonośc	他在拯救了天方夜譚的世界後，依舊不斷奔跑著，	Binbir Gece Masalları dünyasını kurtardıktan\nsonra, durmaksızın koştu,		After saving the world of the Arabian Nights,\nran around endlessly,	мир """Тысячи и одной ночи""",
event29_3	Until he found his way back\ninto his own world.	もとの世界へ戻っていきました	Corrió y corrió hasta agotarse y, después,\nregresó a su lugar de origen.	bis er eines Tages den Weg zurück\nin seine eigene Welt fand.		Fino a che non si ritrovò\nnel suo mondo.	até encontrar o caminho de volta para seu próprio mundo.	antes de regresar a su propio mundo.	Dopóki nie znalazł drogi powrotnej\ndo swojego świata.	直到他找到了回家的路。	Ta ki kendi dünyasına geri dönmenin\nyolunu bulana kadar.		Before returning to his own world.	он очень много пробежал,\nчтобы вернуться в свой мир.
event29_4	Along the way,\nhe had many adventures...	途中いろんな冒険がありましたが…	Por el camino, vivió un sinfín\nde aventuras...	Auf seinem Weg bestritt er zahlreiche Abenteuer...		Percorrendo la strada,\nha vissuto molte avventure...	Pelo caminho,\nele teve muitas aventuras...	Vivió muchas aventuras por el camino,	Po drodzę miał wiele przygód...	一路上，他歷經百般冒險...	Yolculuğu boyunca birçok\nmacera yaşadı...		There were many adventures along the way...	Было ещё много других приключений...
event29_5	But those are stories...\nfor another time.	でも　そのおはなしは\nまた別の機会に	...Pero esas son historias\npara otra ocasión.	doch dies sind Geschichten für ein anderes Mal.		Ma quelle storie...\nsono per un'altra volta.	Mas essas são histórias...\npara outra hora.	pero esa historia la contaremos en otra ocasión.	Ale te opowieści...\nsą na następny raz.	但是，那些故事……\n就留給下次再說吧。	Ama bunlar başka zaman\nanlatılacak hikayeler...		But those stories are for another time.	Но... об этом как-нибудь... в другой раз.
event29_6	Thank you...\nSonic the Hedgehog.	ありがとう…\nソニック・ザ・ヘッジホッグ	Muchas gracias... Sonic,	Hab tausend Dank...\nSonic der Igel.		Grazie...\nSonic il Riccio.	Obrigado...\nSonic o Ouriço.	Gracias, Sonic, el Erizo.	Dziękuje Ci...\nJeżu Sonic.	謝謝你……\n刺蝟索尼克。	Teşekkürler...\nKirpi Sonic.		Thank you, Sonic the Hedgehog.	Спасибо тебе...\nЁжик Соник.
event29_7	The Legendary Hedgehog.	伝説のハリネズミよ	erizo de la leyenda.	Der Legendäre Igel.		Il riccio leggendario.	O Lendário Ouriço.	El erizo de la leyenda.	Legendarny Jeżu.	傳說中的刺蝟。	Efsanevi Kirpi			Легендарный ёж.
														
event30_name	Book Title		Título del Libro	Buchtitel		Titolo del Libro.	Título do Livro	Título del tomo	Tytuł Książki	書本名稱	Kitap İsmi			Название книги
event30_1	"Aladdin and the Magic Lamp"	「アラジンと魔法のランプ」	"""Aladino y la lámpara maravillosa"""	"""Aladin und die Wunderlampe"""		"Aladdin e la Lampada Magica."	"""Aladim e a Lâmpada Maravilhosa"""	"""Aladino y la lámpara maravillosa"""	"Aladyn i Magiczna Lampa"	「阿拉丁神燈」	"Aladdin ve Sihirli Lambası"			"""Аладдин и волшебная лампа"""
event30_2	"Sonic and the Secret Rings"	「ソニックと秘密のリング」	"""Sonic y los anillos secretos"""	"""Sonic und die Geheimen Ringe"""		"Sonic e gli Anelli Segreti"	"""Sonic and the Secret Rings"""	"""Sonic y los anillos secretos"""	"Sonic i Sekretne Pierścienie"	「音速小子與秘密戒指」	"Sonic ve Gizli Yüzükler"			"""Соник и Мировые кольца"""
														
														
														
PARTY LINES ARE STILL WIP--DON'T TRANSLATE YET														
party_host	Host	ホスト		Hosten										Хост
party_join	Join	ルームに参加		Beitreten										Пригласить
party_offline	Offline	オフライン		Offline										Оффлайн
														
party_server	IP Address	ＩＰアドレス		IP-Adresse								IP Adress		IP адрес
party_room	Room ID	ルームＩＤ		Room ID								Rum ID		ID комнаты
party_copy	Copy Data	データをコーピ		Daten kopieren								Kopiera Data		Копировать данные
party_paste	Paste Data	データをペースト		Daten einfügen										Вставить данные
party_connect	Connect	コネクト		Verbinden										Соединение
party_start	Start	スタート		Start								Start		Старт
														
party_player_count	Player Setup			Spieler-Setup										Настройки игрока
party_player	P0			P0								P0		И0
party_com	COM0			COM0								COM0		Ком0
														
party_settings	Settings	設定		Einstellungen								Inställningar		Настройки
party_continue	Continue	コンティニュー		Weiter								Fortsätt		Продолжить
party_on	ON	ＯＮ		EIN								PÅ		ВКЛ
party_off	OFF	ＯＦＦ		AUS								AV		ВЫКЛ
														
														
party_placement1	1st			1.										1й
party_placement2	2nd			2.										2й
party_placement3	3rd			3.										3й
party_placement4	4th			4.										4й
party_lap	Lap [C]/[T]			Runde [C]/[T]										Круг [C]/[T]
party_final_lap	Final Lap!			Letzte Runde!										Последний круг!
														
party_char_select	Character Select			Charakter-Auswahl										Выбор персонажей
party_random	Random			Zufall								Slumpmässigt		Случайно
party_sonic	Sonic			Sonic								Sonic		Соник
party_tails	Tails			Tails								Tails		Тейлз
party_knuckles	Knuckles			Knuckles								Knuckles		Наклз
party_amy	Amy			Amy								Amy		Эми
party_shadow	Shadow			Shadow								Shadow		Шедоу
party_cream	Cream			Cream								Cream		Крим
party_silver	Silver			Silver								Silver		Сильвер
party_blaze	Blaze			Blaze								Blaze		Блейз
														
party_easy	Easy	よわい		Einfach								Lätt		Легко
party_normal	Normal	ふつう		Normal								Normal		Средне
party_hard	Hard	つよい		Schwer								Svårt		Жёстко
party_extreme	Extreme	げきつよ		Extrem								Extremt		Экстрим
														
party_world_bazaar	World Bazaar	ワールドバザー												Мировой базар
party_world_bazaar_desc	You'll get Rings based on how well you\nplace! Use these Rings to knock down\nthe price of the carpets.	パ一ティ一ゲ一ムの順位に応じて\nリングをGET!そのリングで\n「じゅうたん」をせり落とすチャオ!		Du verdienst Ringe, je nachdem, welchen Platz du erhalten hast! Nutze diese Ringe, um den Preis von Teppichen herunterzusetzen.										За результаты игры, вы получите\nопределённое количество колец.\nЗа них можно приобрести ковры на торгах!
party_tournament_palace	Tournament Palace	トーナメントパレス												Турнирный дворец
party_tournament_palace_desc	Win party games and try to be\ntournament champion!	パ一ティ一ゲ一ムに勝って\nト一ナメントでトップをめざすチャオ		Gewinne in Party-Spielen und versuche ein Turnee-Champion zu werden!										Выигрывайте в играх, чтобы занять\nпервое место в турнире!
party_genie_lair	Genie's Lair	マジンズレヤー												Логово джинна
party_genie_lair_desc	The winning player gets to open a\ntreasure box. You'll never know what's\ninside!	パ一ティ一ゲ一ムに勝った人が\n宝箱を開けることが出来るチャオ!\n何がでてくるかはお楽しみチャオ~!		Der Gewinner darf eine Schatztruhe öffnen. Man weiß nie, was da drin ist!										Тот, кто выиграет в игре, сможет открыть\nсундук с сокровищами!\nИнтересно, что же там попадётся!
party_world_library	World Library	ワールドライブラリー												Мировая библиотека
party_world_library_desc	You can play the different party games here.	各パ一ティ一ゲ一ムに挑戦したり\n記録を確認できるチャオ		Du kannst hier verschiedene Party-Spiele spielen.										Вы можете играть во все игры\nи проверять свои результаты.
party_treasure_hunt	Treasure Hunt	トレジャーハント												Охота за сокровищами
party_treasure_hunt_desc	You'll move based on how well you\nplace in the party games! Collect the\nindicated treasure!	パーティーゲームの順位に応じて\n探しまわれる範囲が決まるチャオ\nお題のお宝をぃっぱぃ集めるチャオ!												Область, на которой вы будете искать сокровища,\nбудет определяться вашими результатами в играх!\nВам нужно собрать много сокровищ из заданий!
party_pirate_coast	Pirates Coast	パイレーツコースト												Пиратское побережье
party_pirate_coast_desc	The higher you place in a party game,\nthe further the pirate ship will move!\nGet to the treasure isle!	パ一ティ一ゲ一ムの順位に応じて\n海賊船の進む距離が決まるチャオ\nゴ一ルの宝島を目指すチャオ!												Расстояние, на которое будет двигаться ваш корабль,\nбудет определяться вашими результатами в играх!\nВаша цель - добраться до острова сокровищ!
party_exit	Exit	ＥＸＩＴ		Verlassen										Выход
party_exit_desc	Quit Party Mode and return to the\nMain Menu.	パーティーモードを終了してメインメニュー\nに戻るチャオ												
party_exit_confirm	This will quit the game and return you\nto the Main Menu. Is this okay?	ゲームを終了してメインメニュー画面に\n戻ります。よろしいですか?												Завершить режим """Вечеринка"""\nи вернуться в главное меню.
														
party_attract_menu1	Welcome to "X" Adventure World!	「X　（クロス)　アドベンチャーワルド」\nに、ようこそチャオ！		Willkommen zur "X" (Kreuz) Abenteuer Welt!										Добро пожаловать в """Мир кросс-приключений"""!
party_attract_menu2	Select an attraction!	どのトラクションで遊ぶチャオ？		Wähle eine Attraktion aus!										Какой аттракцион выберете?
party_change_players	Change participating players?	参加するプレイゃーを変えるチャオか?		Teilnehmende Spieler ändern?										Изменить количество участвующих игроков?
														
														
														
network_connecting	Network Connecting...	ネットワーク接続中...		Verbindet sich mit Netzwerk...										Подключение к сети...
network_connected	Network Connected.	ネットワークに接続しました。		Mit Netzwerk verbunden.										Сеть подключена.
network_disconnected	Network Disconnected.	ネットワークから切断されました。		Vom Netzwerk getrennt.										Соединение прервано.
network_server_connected	Connected to Server.	サーバーに接続しました。		Mit Server verbunden.										Подключено к серверу.
network_server_disconnected	Disconnected from Server.	サーバーから切断されました。		Vom Server getrennt.										Отключение от сервера.
network_add_player	Player 0 Connected.	プレイヤー0が接続しました。		Spieler 0 Verbunden.										Игрок 0 подключился.
network_remove_player	Player 0 Disconnected.	プレイヤー0が切断されました。		Spieler 0 Getrennt.										Игрок 0 отключен.
network_error	Network Error (0)	ネットワークエラー (0)		Netzwerk-Fehler (0)										Ошибка сети (0)
														
world_library_all	All Party Games	全パーティーゲーム集		Alle Party-Spiele										Все групповые игры
world_library_all_desc	Play any of the available party games here.	パーティーゲームを全て集めました。\n好きなパーティーゲームをプレイできる		Spiele hier jedes beliebige Party-Spiel.										Здесь собраны все игры в режиме """Вечеринка""".
world_library_survival	Survival Games	サバイバルゲーム集		Survival-Spiele										Игры на выживание
world_library_survival_desc	Play any of the available survival games here.	サバイバル系のゲ一ムばかりを集めました。\n好きなパ一ティ一ゲ一ムに挑戦できます												Здесь собраны только те игры,\nв которых необходимо выживать.
world_library_point	Point Games	ポイントゲーム集		Punkte-Spiele										Игры на очки
world_library_point_desc	Play any of the available point games here.	ポイント系のゲ一ムばかりを集めました。\n好きなパ一ティ一ゲ一ムに挑戦できます												Здесь собраны только те игры,\nв которых необходимо набирать очки.
world_library_race	Race Games	レースゲーム集		Rennen-Spiele										Гоночные игры
world_library_race_desc	Play any of the available race games here.	競走系のゲ一ムばかりを集めました。\n好きなパ一ティ一ゲ一ムに挑戦できます												Здесь собраны только те игры,\nв которых необходимо соревноваться.
world_library_record	Record Games	レコードゲーム集		Highscore-Spiele										Игры на рекорды
world_library_record_desc	Play any of the available record games here.	レコ一ド系のゲ一ムばかりを集めました。\n好きなパ一ティ一ゲ一ムに挑戦できます												Здесь собраны только те игры,\nв которых необходимо ставить рекорды.
world_library_rankings	Rankings	ランキング集		Bestenliste										Рейтинг
world_library_rankings_desc	Check the rankings for various records here.	さまざなな記録を\nランキング形式で確認できます												Здесь указаны результаты игр в формате рейтинга.
world_library_character	Character Records	キャラ別記録集		Charakter-Rekorde										Рекорды персонажей
world_library_character_desc	Check the records for each character here.	キャラ別の記録を確認できます												Здесь вы можете проверить результаты персонажей.
world_library_final	Final X Adventure	とことん　X　アドベンチャー		Final X Abenteuer										Последнее приключение
world_library_final_desc	Single player only. See how many party games you can win in a row!	このモ一ドは１人プレイ専用です。\nパ一ティ一ゲ一ムを連続でプレイして\n何連勝できるかにチャレンジします												Это режим игры для одного игрока. Здесь вы\nбросаете себе вызов, чтобы понять, сколько\nпобед подряд вы сможете одержать.
														
minigame_ready	READY			FERTIG										ПРИГОТОВЬТЕСЬ
minigame_go	GO!!			LOS!!										ВПЕРЁД!
minigame_start	START!			START!										СТАРТ!
minigame_set	GAME SET!			ENDE										ИГРА ОКОНЧЕНА!
minigame_time	TIME'S UP!			ZEIT ABGELAUFEN!										ВРЕМЯ!
minigame_goal	GOAL!			ZIEL!										ФИНИШ!
minigame_win	WINS!!			HAT GEWONNEN!!										ПОБЕДИТЕЛЬ!
minigame_draw	DRAW...			UNENTSCHIEDEN...										НИЧЬЯ...
														
														
tp_intro_1	Welcome to Tournament Palace!	「ト一ナメント　パレス」へようこそチャオ												Добро пожаловать в """Турнирный дворец"""!
														
tp_explain_1	Do you want to hear an explanation\nabout Tournament Palace?	「ト一ナメント　パレス」の\n説明を聞くチャオか?												Послушать подробности о """Турнирном дворце"""?
tp_explain_2	Here, you play 1-on-1 party games and \nenter into a tournament-style \ncompetition.	ここでは2組に分かれて\nパ一ティ一ゲ一ムをプレイして、\nト一ナメント形式でトップを決めるチャオ!												Здесь вы разделитесь на две пары, будете играть\nв игры и бороться за победу в формате турнира!
tp_explain_3	Players who win in the tournament get\nto move up in the palace. But whoever\ncomes in last place, well...	ト一ナメントに勝ち進んだ人はお城の最上階に行けるチャオ。\nでもビリの人は...												Тот, кто выиграет в турнире, сможет\nподняться на самый высокий этаж дворца.\nА тот, кто проиграет...
tp_explain_4	That's all I'm going to say.	これ以上は言えないチャオ												Больше ничего не скажу.
tp_explain_5	Who will come out on top?\nShow us what you've got!	誰が優勝するチャオ?\nみんな頑張るチャオ!												Кто же победит?\nВсем удачи!
														
tp_rule_1	Would you like to change your settings\nfor Tournament Palace?	「ト一ナメント　パレス」の設定を\n変更するチャオか?												Изменить настройки """Турнирного дворца"""?
tp_rule_2	Choose how many party game wins are\nneeded for victory.	パ一ティ一ゲ一ムに何回勝てば\n勝ち上がれるかを設定します												Здесь можно настроить, сколько игр\nнеобходимо выиграть, чтобы выйти в финал.
tp_rule_3	Change your settings to see \nCOM vs COM matches or not	COM同士の対戦を\n見るか見ないか設定します												Укажите, будете ли вы смотреть битву\nкомпьютерных игроков.
tp_rule_4	Return to game.	ゲ一ムに戻ります		Ins Spiel zurückkehren.										Вернуться к игре.
														
tp_win_count	Win Count	勝利数		Anzahl der Gewinne										Количество побед
tp_com	COM vs COM	ＣＯＭｖｓＣＯＭ		COM gegen COM										КОМ против КОМ
														
tp_round1	1	１回		Runde 1										Раунд 1
tp_round2	2	２回		Runde 2										Раунд 2
tp_round3	3	３回		Runde 3										Раунд 3
														
tp_consolation	Consolation Match			Trostspiel										Матч за третье место
tp_championship	Championship Match			Meisterschaftsspiel										Финальный матч
tp_winner	Winner!			Gewinner!										Побеждает!
tp_congratulations	Congratulations!			Gratuliere!										Поздравляем!
														
tp_again	Would you like to play\nTournament Palace again?	もうー度「ト一ナメント　パレス」で\n遊びますか?												Сыграете ещё раз в ""Турнирный дворец""?
														
														
														
														
														
														
														
														
														
														
														
														
														
														
														
														
														
														
														
														
														
														
														
														
														
														
														
														
														
														
														
														
														
														
														
														
														
														
														
														
														
														
														
														
														
														
														
														
														
														
														
														
														
														
														
														
														
														
														
														
														
														
														
														
														
														
														
														
														
														
														
														
														
														
														
														
														
														
														
														
														
														
														
														
														
														
														
														
														
														
														
														
														
														
														
														
														
														
														
														
														
														
														
														
														
														
														
														
														
														
														
														
														
														
														
														
														
														
														
														
														
														
														
														
														
														
														
														
														
														
														
														
														
														
														
														
														
														
														
														
														
														
														
														
														
														
														
														
														
														
														
														
														
														
														
														
														
														
														
														
														
														
														
														
														
														
														
														
														
														
														
														
														
														
														
														
														
														
														
														
														
														
														
														
														
														
														
														
														
														
														
														
														
														
														
														
														
														
														
														
														
														
														
														
														
														
														
														
														
														
														
														
														
														
														
														
														
														
														
														
														
														
														
														
														
														
														
														
														
														
														
														
														
														
														
														
														
														
														
														
														
														
														
														
														
														
														
														
														
														
														
														
														
														
														
														
														
														
														
														
														
														
														
														
														
														
														
														
														
														
														
														
														
														
														
														
														
														
														
														
														
														
														
														
														
														
														
														
														
														
														
														
														
														
														
														
														
														
														
														
														
														
														
														
														
														
														
														
														
														
														
														
														
														
														
														
														
														
														
														
														
														
														
														
														
														
														
														
														
														
														
														
														
														
														
														
														
														
														
														
														
														
														
														
														
														
														
														
														
														
														
														
														
														
														
														
														
														
														
														
														
														
														
														
														
														
														
														
														
														
														
														
														
														
														
														
														
														
														
														
														
														
														
														
														
														
														
														
														
														
														
														
														
														
														
														
														
														
														
														
														
														
														
														
														
														
														
														
														
														
														
														
														
														
														
														
														
														
														
														
														
														
														
														
														
														
														
														
														
														
														
														
														
														
														
														
														
														
														
														
														
														
														
														
														
														
														
														
														
														
														
														
														
														
														
														
														
														
														
														
														
														
														
														
														
														
														
														
														
														
														
														
														
														
														
														
														
														
														
														
														
														
														
														
														
														
														
														
														
														
														
														
														
														
														
														
														
														
														
														
														
														
														
														
														
														
														
														
														
														
														
														
														
														
														
														
														
														
														
														
														
														
														
														
														
														
														
														
														
														
														
														
														
														
														
														
														
														
														
														
														
														
														
														
														
														
														
														
														
														
														
														
														
														
														
														
														
														
														
														
														
														
														
														
														
														
														
														
														
														
														
														
														
														
														
														
														
														
														
														
														
														
														
														
														
														
														
														
														
														
														
														
														
UNUSED--DON'T BOTHER TRANSLATING BEYOND HERE.														
														
sys_create_preset	Create New Preset		Crear Nuevo Conjunto	Neue Vorgabe erstellen	Créer un nouvel ensemble	Crearè una nuova Preimpostazione	Criar Novo Conjunto	Crear nuevo conjunto	Stwórz Nowy Szablon	創建新的組合？	Yeni Ön Ayar Oluştur	Skapa en ny förinställning		Создать новый шаблон
														
sys_edit_preset	Edit Preset		Editar Habilidades	Vorgabe bearbeiten	Modifier l'ensemble	Modifica Preimpostazione	Editar Conjunto	Editar conjunto	Edytuj Szablon	修改組合	Ön Ayar Düzenle	Redigera förinställning		Редактировать шаблон
sys_delete_preset	Delete Preset		Eliminar Conjunto	Vorgabe löschen	Effacer l'ensemble	Cancella Preimpostazione	Apagar Conjunto	Borrar conjunto	Usuń Szablon	刪除組合	Ön Ayar Sil	Radera förinställning		Удалить шаблон
														
nig_hint_carpet	Control the carpet by tilting the Wii Remote!			Kontrolliere den Teppich, indem du die Wii-Fernsteuerung neigst!			Controle o tapete balançando o Wii Remote!	Controla la alfombra moviendo el WiiMote!			Halıyı Wii Remote'u eğerek kontrol edin!	Styr mattan genom att luta Wii-fjärrkontrollen!		Управляй ковром, наклоняя Wii Remote!
														
														
load_cache	Loading Shader Cache	Shaderをロードする	Cargando la Caché de los Sombreadores	Shader Cache wird geladen	Chargement du Cache des Shaders	Caricamento della Cache delle Shaders	Carregando Cache de Sombras	Cargando sombreadores	Wczytywanie Cache'u Shaderów	著色器快取載入中	Gölgelendiriciler Yükleniyor	Laddar Shadercache		Загрузка кэша шейдеров
load_lighting	Calculating Light Changes		Calculando Cambios en la Iluminación	Lichtänderungen werden berechnet	Calcul des Variations de Lumière	Caricamento dei Cambiamenti di Luce	Calculando Mudanças de Iluminação	Calculando cambios de iluminación	Obliczanie Zmian Oświetlenia	計算光變	Işık Ayarları Hesaplanıyor	Kalkylerar Ljusändringar		Расчёт изменений освещения
shader_cache_finished	Finished Loading Shader Cache		La Caché de los Sombreadores Ha Terminado de Cargar	"""Shader Cache"""-Laden beendet	Chargement du cache des shaders terminé 	Finito di Caricare la Cache delle Shaders	Carregamento do Cache de Sombras Finalizado	Terminó de cargarse la caché de los sombreadores	Ukończono Wczytywanie Cache'u Shaderów	完成載入著色器快取	Gölgelendiriciler Yüklendi	Shadercache Laddning Klar		Загрузка кэша шейдеров завершена
ta_warning_loadsave	Load the save with your desired skills and presets.			Lädt den Speicherstand mit deiner Ausrüstung und Einstellungen.		Carica il salvataggio con le abilità e preimpostazioni preferite	Carregar seu jogo salvo com suas habilidades e conjuntos.	Carga el archivo con las habilidades y conjuntos que quieres usar.	Wczytaj zapis ze swoimi zdolnościami oraz szablonami.	載入存有你想要的技能與預設的存檔。	İstediğiniz beceriler ve ön ayarlar ile kaydı yükleyin.	Ladda sparade filen med dina önskade färdigheter och förinställningar.		Загрузите сохранение с желаемыми\nнавыками и шаблонами.
oas_boss_start_so	I don't suppose you'd listen if I asked you to stay away, huh?	 動機な…って言っても、聞いてくれそうにないな	No me harías ni caso si te pido que te marches, ¿eh?	Ich gehe mal davon aus, dass du nicht mit dir sprechen lässt, huh?	Tu ne m'écouterais pas\n si je te demande de t'en aller, hein ?	Suppongo che non mi ascolteresti se ti dicessi di stare lontano, eh?	Eu não acho que você se afastaria se eu pedisse, né?	¡Bueno, no creo que sirva intentar razonar con él!	Raczej się nie posłuchasz, jeśli poproszę \nżebyś się nie zbliżał, co?	我如果叫你走開，你應該不會照做，對吧？	Sana uzak durmanı söylesem beni dinlemezsin herhalde, değil mi?	Jag antar att du inte kommer lyssna om jag bad dig att hålla dig borta, huh?		Даже если я скажу ему отойти с дороги,\nя не думаю, что он послушается!
oas_boss_start_sh	I don't think asking it nicely will make it stay back.	こないで…っていてもわかってくれなそそよう！	No creo que se aleje si solo se lo pedimos amablemente...	Ich glaube nicht, dass wir es mit Worten besänftigen können.	Ce n'est pas en demandant poliment qu'il restera en arrière.	Non credo che chiedergli gentilemente lo farebbe stare indietro.	Não acho que pedir educadamente vá fazer ele manter distância.	¡No creo que te haga caso si le dices que se vaya!	Nie wydaje mi się, że jak ładnie poprosisz, to się wycofa.	我不認為好聲好氣的求它，會讓它走開。	Güzelce sormanın onu geri tutacağını sanmıyorum.	Jag tror inte att det hjälper att fråga snällt för att få den att hålla sig borta.		Даже если мы скажем ему не приходить,\nя не думаю, что он нас поймёт.
														
pir_hint_buoy_so	If I pass over one of those things,\nit gives me a speed boost.	あいつをとるとどんどんスピードが上がていくのか	Al atravesar esas cosas,\nobtengo un acelerón.	Wenn ich das Teil berühre,\ngibt es mir einen Geschwindigkeitsschub. 	Si je passe au dessus de ces choses,\nj'ai un boost de vitesse.	Se sorpasso una di quelle cose,\nottengo un aumento di velocità.	Se eu passar por uma dessas coisas,\nvou receber um impulso.	¿Pasar por eso me hizo ir más rápido?	Jeśli przepłynę przez to coś,\nprzyśpieszy mnie.	我若穿過那些東西就能加速。	Bunlardan birini atlarsam,\nbana hız kazandırıyor.			Если пройду там, моя скорость\nзаметно увеличится!
pir_hint_buoy_sh	Passing over those buoys helps us go faster and faster.	先の通過するとどんどんスピードが上がていくのね	Atravesar esas boyas nos permite ir más y más rápido.	Das Überqueren dieser Bojen hilft uns schneller und schneller zu werden.	Passer au dessus de ces bouées\nnous fait aller de plus en plus vite.	Sorpassare quei tizi ci aiuto ad andare più veloce.	Se passarmos por essas boias,\npoderemos ir ainda mais rápido.	Al pasar por esas boyas, tu velocidad aumentará.	Przepływanie przez te boje pomaga\nnam przyśpieszyć coraz to bardziej.	穿過那些浮標就能加速。	O şamandıralardan geçmek bizim daha da hızlı gitmemizi sağlar.			Если пройдёшь там, твоя скорость\nзаметно увеличится!
pir_hint_debris_so	It looks like smashing into the floating wreckage slows me down.	浮かんでる残骸に当たるとスピードが落ちそうだな	Si me choco con esos trozos de barco, pierdo velocidad.	Wenn ich gegen dieses Treibgut knall, werde ich abgebremst.	On dirait que rentrer dans les débris flottant me ralentit.	Sembra che se mi schianto su quel relitto galleggiante mi rallenti.	Parece que bater nos destroços flutuantes\nme faz perder velocidade.	Chocar con esos escombros nos hará ir más lento.	Wygląda na to, że rozbijając się\no śmieci mnie spowalnia.	看樣子撞上那些漂浮殘骸會害我降速。	Yüzen enkaza çarpmak beni yavaşlatıyor gibi görünüyor.			Если задену обломки,\nмоя скорость снизится.
pir_hint_debris_sh	Watch out. If you hit the debris, your speed will end up dropping.	浮かんでる残骸に当たるとスピードが落ちてしまうわよ	Cuidado. Si chocas con los restos, perderás velocidad.	Achtung. Falls du diese Trümmer triffst, verlierst du an Geschwindigkeit.	Attention. Si tu rentres dans les débris, ta vitesse va diminuer.	Attento. Se colpisci i detriti, perderai la tua velocità.	Cuidado. Se você bater nos destroços,\nsua velocidade diminuirá.	Si chocas con los escombros, tu velocidad disminuirá.	Uważaj, jeśli uderzysz w śmieci,\ntwoja prędkość spadnie.	小心，撞到殘骸會降速。	Dikkat et. Enkaza çarparsan hızın düşecektir.			Если попадёшь в обломки, твоя скорость снизится!
pir_hint_surf_respawn_sh	You need to catch some speed to get over the wave.	スピードが乗っていないと波をこえられなさそうよ	Necesitas acumular suficiente velocidad para surcar la ola.	Du musst schneller werden, damit du es über die Welle schaffst.	Tu dois accélerer pour passer au-dessus de la vague.	Hai bisogno di prendere velocità per sorpassare quella onda.	Você precisa ganhar velocidade para passar pela onda.	Sin la velocidad suficiente, no podrás superar las olas.	Musisz złapać trochę prędkości\nby przedostać się za falę.	你需要加速才能超越那道浪！	Dalgayı aşmak için biraz hızlanman gerekiyor.			Если не увеличишь скорость,\nне сможешь преодолеть волну!
pir_hint_surf_force_sh	You need force to get over the wave.\nWatch out!	勢いがないと波がこえられないわ！　気をつけて！	Necesitas fuerza suficiente para surcar la ola. ¡Vamos!	Du brauchst Schwung, um über die Welle zu kommen.\nPass auf!	Il te faut de la vitesse pour surmonter la vague.\nAttention !	Hai bisogno di forza sufficiente per attraversare l'onda.\nSta attento!	Você precisa de força para passar pela onda.\nCuidado!	¡Necesitas momentum para superar las olas!\n¡Ten cuidado!	Musisz przyśpieszyć żeby dostać się za falę!\nUważaj!	不加速就會被浪吞掉！小心啊！	Dalgayı aşmak için güce ihtiyacın var.\nDikkat et!			Ты не сможешь преодолеть волну\nбез усилия! Будь осторожен!
common_hint_speedbreak_sh	When your soul gauge has power,\npress [button_speedbreak] to perform speed break.	ソウルゲージが溜まっているときに\n[button_speedbreak]を押すとスピードブレイクよ	Cuando tu Barra de Almas se llene lo suficiente,\npresiona [button_speedbreak] para realizar un Impulso.	Wenn sich deine Soul Gauge aktiviert, drücke [button_speedbreak], um Speed Break auszuführen.	Quand ta Jauge d'Âme est alimentée,\nappuie sur [button_speedbreak] pour faire un Speed Break.	Quando la Barra dell'Anima ha potenza sufficiente,\npremi [button_speedbreak] per fare Rottura della Velocità.	Quando a sua Barra Espiritual estiver carregada,\npressione [button_speedbreak] para realizar um Impulso Veloz.	Cuando el Medidor de almas tenga energía,\npresiona [button_speedbreak] para usar el Speed Break.	Kiedy twój Pasek Dusz się podświetli,\nwciśnij [button_speedbreak] by wykonać Zryw Prędkości.	當你的魂力量表累積到一定程度時，\n按下[button_speedbreak]便可使出速度突破！	Ruh göstergen güçlendiğinde, hız kırma işlemini gerçekleştirmek için [button_speedbreak]'ye bas.	När din själsmätare har kraft,\ntryck på [button_speedbreak] för att göra fartbrytning.		Если нажать [button_speedbreak],когда шкала души полная, то сработает ускорение.
common_hint_timebreak_sh	When your soul gauge has power,\npress [button_timebreak] to perform time break.	ソウルゲージが溜まっているときに\n[button_timebreak]を押すとスタイムブレイクよ	Cuando tu Barra de Almas se llene lo suficiente,\npresiona [button_timebreak] para realizar la Ralentización.	Wenn sich deine Soul Gauge aktiviert, drücke [button_timebreak], um Time Break auszuführen.	Quand ta Jauge d'Âme est alimentée,\nappuie sur [button_timebreak] pour faire un Time Break.	Quando la Barra dell'Anima ha potenza sufficiente,\npremi [button_timebreak] per fare Rottura del Tempo.	Quando a sua Barra Espiritual estiver carregada,\npressione [button_timebreak] para realizar um Atraso Temporal.	Cuando el Medidor de almas tenga energía,\npresiona [button_timebreak] para usar el Time Break.	Kiedy twój Pasek Dusz się podświetli,\nwciśnij [button_timebreak] by wykonać Zryw Czasu.	當你的魂力量表累積到一定程度時，\n按下[button_timebreak]便可使出時間突破！	Ruh göstergen güçlendiğinde, zaman kırma işlemini gerçekleştirmek için [button_timebreak]'ye bas.	När din själsmätare har kraft,\ntryck på [button_timebreak] för att göra tidsbrytning.		Если нажать [button_timebreak],когда шкала души полная, то сработает замедление.